setting,model,calibration,method,course,seed,nominal_coverage,observed_coverage,coverage_gap,average_set_size,singleton_rate,ambiguity_rate,empty_set_rate,pass_coverage,fail_coverage,automatic_coverage,automatic_error_rate,deferral_rate,n_automatic,undercoverage,overcoverage,n_test,n_pass,n_fail,coverage_ci_lower,coverage_ci_upper,pass_ci_lower,pass_ci_upper,fail_ci_lower,fail_ci_upper,automatic_error_ci_lower,automatic_error_ci_upper,automatic_false_negative_fraction,automatic_false_positive_fraction,review_fraction
temporal_1,catboost,isotonic,EIQ-batch,Accountancy,7,0.9,0.9673758865248226,0.06737588652482263,1.899290780141844,0.10070921985815603,0.8992907801418439,0.0,0.959079283887468,0.9777070063694268,0.10070921985815603,0.323943661971831,0.8992907801418439,71,0.0,0.06737588652482263,705,391,314,0.9515220193877344,0.9781640081428563,0.9345683961725177,0.9746572993060048,0.9547065873125636,0.9891602106599465,0.2265721171064956,0.4393884294417052,0.022292993630573247,0.04092071611253197,0.8992907801418439
temporal_1,catboost,isotonic,EIQ-batch,Accountancy,19,0.9,0.9276595744680851,0.02765957446808509,1.7900709219858155,0.2099290780141844,0.7900709219858156,0.0,0.9718670076726342,0.8726114649681529,0.2099290780141844,0.34459459459459457,0.7900709219858156,148,0.0,0.02765957446808509,705,391,314,0.9061312846065736,0.9445525918743768,0.950332580743966,0.9842197357785265,0.831178681669236,0.905037420749322,0.2728344226229872,0.4242180137980808,0.12738853503184713,0.028132992327365727,0.7900709219858156
temporal_1,catboost,isotonic,EIQ-batch,Accountancy,42,0.9,0.8822695035460993,0.01773049645390068,1.750354609929078,0.24964539007092199,0.750354609929078,0.0,0.7877237851662404,1.0,0.24964539007092199,0.4715909090909091,0.750354609929078,176,0.01773049645390068,0.0,705,391,314,0.8563818992375304,0.9040138046152596,0.7444931792073082,0.8253557942820167,0.9879139152112274,1.0000000000000002,0.39923752747436225,0.5451579413703929,0.0,0.21227621483375958,0.750354609929078
temporal_1,catboost,isotonic,EIQ-batch,Accountancy,73,0.9,0.9276595744680851,0.02765957446808509,1.747517730496454,0.2524822695035461,0.7475177304964539,0.0,0.928388746803069,0.9267515923566879,0.2524822695035461,0.28651685393258425,0.7475177304964539,178,0.0,0.02765957446808509,705,391,314,0.9061312846065736,0.9445525918743768,0.898448967794005,0.9499928371789895,0.8924898317592519,0.9506978410961905,0.225156567575984,0.3568969394026402,0.0732484076433121,0.07161125319693094,0.747517730496454
temporal_1,catboost,isotonic,EIQ-batch,Accountancy,101,0.9,0.9602836879432625,0.06028368794326244,1.8709219858156028,0.12907801418439716,0.8709219858156029,0.0,0.9335038363171355,0.9936305732484076,0.12907801418439716,0.3076923076923077,0.8709219858156029,91,0.0,0.06028368794326244,705,391,314,0.9431978024440473,0.9723806981133936,0.9043519616177298,0.9542204917728527,0.9770774925165568,0.9982515320550371,0.22226810686646445,0.4086949715677203,0.006369426751592357,0.06649616368286446,0.8709219858156029
temporal_1,catboost,isotonic,EIQ-batch,Global economics,7,0.9,0.9001468428781204,0.0001468428781203901,1.7342143906020557,0.2657856093979442,0.7342143906020558,0.0,0.9285714285714286,0.8544061302681992,0.2657856093979442,0.3756906077348066,0.7342143906020558,181,0.0,0.0001468428781203901,681,420,261,0.8753365658433419,0.9204680586875635,0.8998630370759932,0.9495111628941371,0.8064781480688554,0.8920529687124137,0.3084089078155917,0.448139215710893,0.14559386973180077,0.07142857142857142,0.7342143906020557
temporal_1,catboost,isotonic,EIQ-batch,Global economics,19,0.9,0.8766519823788547,0.023348017621145356,1.619676945668135,0.3803230543318649,0.6196769456681351,0.0,0.969047619047619,0.7279693486590039,0.3803230543318649,0.32432432432432434,0.6196769456681351,259,0.023348017621145356,0.0,681,420,261,0.8498205802497978,0.8992579011893849,0.9477692774870852,0.9818235969246685,0.6709662590199279,0.7783591620447805,0.27024097890068854,0.38354271105334337,0.2720306513409962,0.030952380952380953,0.619676945668135
temporal_1,catboost,isotonic,EIQ-batch,Global economics,42,0.9,0.8913362701908958,0.008663729809104237,1.813509544787078,0.18649045521292218,0.8135095447870778,0.0,0.8285714285714286,0.9923371647509579,0.18649045521292218,0.5826771653543307,0.8135095447870778,127,0.008663729809104237,0.0,681,420,261,0.8657294267340693,0.9125528941374402,0.789590028615996,0.8615968580277706,0.9724958230538083,0.9978960526909819,0.4957210098262528,0.6647785763850147,0.007662835249042145,0.17142857142857143,0.8135095447870778
temporal_1,catboost,isotonic,EIQ-batch,Global economics,73,0.9,0.9118942731277533,0.011894273127753263,1.7459618208516887,0.2540381791483113,0.7459618208516887,0.0,0.9333333333333333,0.8773946360153256,0.2540381791483113,0.3468208092485549,0.7459618208516887,173,0.0,0.011894273127753263,681,420,261,0.8882295970889931,0.9309380989877738,0.9053356954475599,0.9534759956333497,0.832042201921033,0.9117990413541563,0.27991985537798836,0.42037666811010044,0.12260536398467432,0.06666666666666667,0.7459618208516887
temporal_1,catboost,isotonic,EIQ-batch,Global economics,101,0.9,0.9397944199706314,0.03979441997063138,1.8120411160058738,0.18795888399412627,0.8120411160058737,0.0,0.9428571428571428,0.9348659003831418,0.18795888399412627,0.3203125,0.8120411160058737,128,0.0,0.03979441997063138,681,420,261,0.9193424202533479,0.9553125707448399,0.9163839013517245,0.9613027719507434,0.8981772964996203,0.9589392630103696,0.24573020610600924,0.40536588755478287,0.06513409961685823,0.05714285714285714,0.8120411160058737
temporal_1,catboost,isotonic,EQ,Accountancy,7,0.9,0.9673758865248226,0.06737588652482263,1.899290780141844,0.10070921985815603,0.8992907801418439,0.0,0.959079283887468,0.9777070063694268,0.10070921985815603,0.323943661971831,0.8992907801418439,71,0.0,0.06737588652482263,705,391,314,0.9515220193877344,0.9781640081428563,0.9345683961725177,0.9746572993060048,0.9547065873125636,0.9891602106599465,0.2265721171064956,0.4393884294417052,0.022292993630573247,0.04092071611253197,0.8992907801418439
temporal_1,catboost,isotonic,EQ,Accountancy,19,0.9,0.9404255319148936,0.04042553191489362,1.825531914893617,0.17446808510638298,0.825531914893617,0.0,0.9718670076726342,0.9012738853503185,0.17446808510638298,0.34146341463414637,0.825531914893617,123,0.0,0.04042553191489362,705,391,314,0.9204512794499052,0.9556261455827154,0.950332580743966,0.9842197357785265,0.8632739142469631,0.9295741960499456,0.2636013620103963,0.4289281913186044,0.09872611464968153,0.028132992327365727,0.825531914893617
temporal_1,catboost,isotonic,EQ,Accountancy,42,0.9,0.9929078014184397,0.09290780141843968,1.9787234042553192,0.02127659574468085,0.9787234042553191,0.0,0.9872122762148338,1.0,0.02127659574468085,0.3333333333333333,0.9787234042553191,15,0.0,0.09290780141843968,705,391,314,0.9835061816444963,0.9969669429894348,0.970418447697022,0.9945258140782346,0.9879139152112274,1.0000000000000002,0.1517632443971473,0.5828645226148023,0.0,0.01278772378516624,0.9787234042553191
temporal_1,catboost,isotonic,EQ,Accountancy,73,0.9,0.950354609929078,0.05035460992907803,1.8113475177304965,0.18865248226950354,0.8113475177304964,0.0,0.969309462915601,0.9267515923566879,0.18865248226950354,0.2631578947368421,0.8113475177304964,133,0.0,0.05035460992907803,705,391,314,0.9317385229636698,0.964089439831361,0.9471288448575721,0.9823581474561265,0.8924898317592519,0.9506978410961905,0.19572831006015984,0.3438848996868214,0.0732484076433121,0.030690537084398978,0.8113475177304965
temporal_1,catboost,isotonic,EQ,Accountancy,101,0.9,0.9602836879432625,0.06028368794326244,1.8709219858156028,0.12907801418439716,0.8709219858156029,0.0,0.9335038363171355,0.9936305732484076,0.12907801418439716,0.3076923076923077,0.8709219858156029,91,0.0,0.06028368794326244,705,391,314,0.9431978024440473,0.9723806981133936,0.9043519616177298,0.9542204917728527,0.9770774925165568,0.9982515320550371,0.22226810686646445,0.4086949715677203,0.006369426751592357,0.06649616368286446,0.8709219858156029
temporal_1,catboost,isotonic,EQ,Global economics,7,0.9,0.9001468428781204,0.0001468428781203901,1.7342143906020557,0.2657856093979442,0.7342143906020558,0.0,0.9285714285714286,0.8544061302681992,0.2657856093979442,0.3756906077348066,0.7342143906020558,181,0.0,0.0001468428781203901,681,420,261,0.8753365658433419,0.9204680586875635,0.8998630370759932,0.9495111628941371,0.8064781480688554,0.8920529687124137,0.3084089078155917,0.448139215710893,0.14559386973180077,0.07142857142857142,0.7342143906020557
temporal_1,catboost,isotonic,EQ,Global economics,19,0.9,0.8972099853157122,0.002790014684287856,1.6549192364170338,0.34508076358296624,0.6549192364170338,0.0,0.969047619047619,0.7816091954022989,0.34508076358296624,0.2978723404255319,0.6549192364170338,235,0.002790014684287856,0.0,681,420,261,0.8721286006735659,0.9178352559708741,0.9477692774870852,0.9818235969246685,0.7275986706045315,0.8274503789459905,0.24303381696285398,0.35921279269581696,0.21839080459770116,0.030952380952380953,0.6549192364170338
temporal_1,catboost,isotonic,EQ,Global economics,42,0.9,0.986784140969163,0.08678414096916298,1.9647577092511013,0.03524229074889868,0.9647577092511013,0.0,0.9833333333333333,0.9923371647509579,0.03524229074889868,0.375,0.9647577092511013,24,0.0,0.08678414096916298,681,420,261,0.9750754861695937,0.99303179101204,0.9660016206431093,0.991903727100982,0.9724958230538083,0.9978960526909819,0.21159367559548778,0.5729003755732572,0.007662835249042145,0.016666666666666666,0.9647577092511013
temporal_1,catboost,isotonic,EQ,Global economics,73,0.9,0.9309838472834068,0.03098384728340675,1.7856093979441998,0.2143906020558003,0.7856093979441997,0.0,0.9642857142857143,0.8773946360153256,0.2143906020558003,0.3219178082191781,0.7856093979441997,146,0.0,0.03098384728340675,681,420,261,0.9094285238444034,0.9477041634943885,0.9419161663396255,0.9782392169613491,0.832042201921033,0.9117990413541563,0.25153647806039703,0.4014300613122267,0.12260536398467432,0.03571428571428571,0.7856093979441997
temporal_1,catboost,isotonic,EQ,Global economics,101,0.9,0.9397944199706314,0.03979441997063138,1.8120411160058738,0.18795888399412627,0.8120411160058737,0.0,0.9428571428571428,0.9348659003831418,0.18795888399412627,0.3203125,0.8120411160058737,128,0.0,0.03979441997063138,681,420,261,0.9193424202533479,0.9553125707448399,0.9163839013517245,0.9613027719507434,0.8981772964996203,0.9589392630103696,0.24573020610600924,0.40536588755478287,0.06513409961685823,0.05714285714285714,0.8120411160058737
temporal_1,catboost,isotonic,MCP,Accountancy,7,0.9,0.9673758865248226,0.06737588652482263,1.899290780141844,0.10070921985815603,0.8992907801418439,0.0,0.959079283887468,0.9777070063694268,0.10070921985815603,0.323943661971831,0.8992907801418439,71,0.0,0.06737588652482263,705,391,314,0.9515220193877344,0.9781640081428563,0.9345683961725177,0.9746572993060048,0.9547065873125636,0.9891602106599465,0.2265721171064956,0.4393884294417052,0.022292993630573247,0.04092071611253197,0.8992907801418439
temporal_1,catboost,isotonic,MCP,Accountancy,19,0.9,0.9843971631205674,0.08439716312056733,1.9602836879432624,0.03971631205673759,0.9602836879432625,0.0,0.9718670076726342,1.0,0.03971631205673759,0.39285714285714285,0.9602836879432625,28,0.0,0.08439716312056733,705,391,314,0.9722784105898788,0.991265681676272,0.950332580743966,0.9842197357785265,0.9879139152112274,1.0000000000000002,0.2356568654157959,0.5759095570340281,0.0,0.028132992327365727,0.9602836879432624
temporal_1,catboost,isotonic,MCP,Accountancy,42,0.9,0.9929078014184397,0.09290780141843968,1.9787234042553192,0.02127659574468085,0.9787234042553191,0.0,0.9872122762148338,1.0,0.02127659574468085,0.3333333333333333,0.9787234042553191,15,0.0,0.09290780141843968,705,391,314,0.9835061816444963,0.9969669429894348,0.970418447697022,0.9945258140782346,0.9879139152112274,1.0000000000000002,0.1517632443971473,0.5828645226148023,0.0,0.01278772378516624,0.9787234042553191
temporal_1,catboost,isotonic,MCP,Accountancy,73,0.9,0.950354609929078,0.05035460992907803,1.8113475177304965,0.18865248226950354,0.8113475177304964,0.0,0.969309462915601,0.9267515923566879,0.18865248226950354,0.2631578947368421,0.8113475177304964,133,0.0,0.05035460992907803,705,391,314,0.9317385229636698,0.964089439831361,0.9471288448575721,0.9823581474561265,0.8924898317592519,0.9506978410961905,0.19572831006015984,0.3438848996868214,0.0732484076433121,0.030690537084398978,0.8113475177304965
temporal_1,catboost,isotonic,MCP,Accountancy,101,0.9,0.9602836879432625,0.06028368794326244,1.8709219858156028,0.12907801418439716,0.8709219858156029,0.0,0.9335038363171355,0.9936305732484076,0.12907801418439716,0.3076923076923077,0.8709219858156029,91,0.0,0.06028368794326244,705,391,314,0.9431978024440473,0.9723806981133936,0.9043519616177298,0.9542204917728527,0.9770774925165568,0.9982515320550371,0.22226810686646445,0.4086949715677203,0.006369426751592357,0.06649616368286446,0.8709219858156029
temporal_1,catboost,isotonic,MCP,Global economics,7,0.9,0.9001468428781204,0.0001468428781203901,1.7342143906020557,0.2657856093979442,0.7342143906020558,0.0,0.9285714285714286,0.8544061302681992,0.2657856093979442,0.3756906077348066,0.7342143906020558,181,0.0,0.0001468428781203901,681,420,261,0.8753365658433419,0.9204680586875635,0.8998630370759932,0.9495111628941371,0.8064781480688554,0.8920529687124137,0.3084089078155917,0.448139215710893,0.14559386973180077,0.07142857142857142,0.7342143906020557
temporal_1,catboost,isotonic,MCP,Global economics,19,0.9,0.9765051395007343,0.07650513950073423,1.9309838472834067,0.06901615271659324,0.9309838472834068,0.0,0.969047619047619,0.9885057471264368,0.06901615271659324,0.3404255319148936,0.9309838472834068,47,0.0,0.07650513950073423,681,420,261,0.9621773949967491,0.9854871945822559,0.9477692774870852,0.9818235969246685,0.9667568271677155,0.996083360828088,0.2216744384377161,0.48329075438058056,0.011494252873563218,0.030952380952380953,0.9309838472834068
temporal_1,catboost,isotonic,MCP,Global economics,42,0.9,0.986784140969163,0.08678414096916298,1.9647577092511013,0.03524229074889868,0.9647577092511013,0.0,0.9833333333333333,0.9923371647509579,0.03524229074889868,0.375,0.9647577092511013,24,0.0,0.08678414096916298,681,420,261,0.9750754861695937,0.99303179101204,0.9660016206431093,0.991903727100982,0.9724958230538083,0.9978960526909819,0.21159367559548778,0.5729003755732572,0.007662835249042145,0.016666666666666666,0.9647577092511013
temporal_1,catboost,isotonic,MCP,Global economics,73,0.9,0.9309838472834068,0.03098384728340675,1.7856093979441998,0.2143906020558003,0.7856093979441997,0.0,0.9642857142857143,0.8773946360153256,0.2143906020558003,0.3219178082191781,0.7856093979441997,146,0.0,0.03098384728340675,681,420,261,0.9094285238444034,0.9477041634943885,0.9419161663396255,0.9782392169613491,0.832042201921033,0.9117990413541563,0.25153647806039703,0.4014300613122267,0.12260536398467432,0.03571428571428571,0.7856093979441997
temporal_1,catboost,isotonic,MCP,Global economics,101,0.9,0.9397944199706314,0.03979441997063138,1.8120411160058738,0.18795888399412627,0.8120411160058737,0.0,0.9428571428571428,0.9348659003831418,0.18795888399412627,0.3203125,0.8120411160058737,128,0.0,0.03979441997063138,681,420,261,0.9193424202533479,0.9553125707448399,0.9163839013517245,0.9613027719507434,0.8981772964996203,0.9589392630103696,0.24573020610600924,0.40536588755478287,0.06513409961685823,0.05714285714285714,0.8120411160058737
temporal_1,catboost,none,EIQ-batch,Accountancy,7,0.9,0.9148936170212766,0.014893617021276562,1.7886524822695036,0.21134751773049645,0.7886524822695036,0.0,0.8823529411764706,0.9554140127388535,0.21134751773049645,0.40268456375838924,0.7886524822695036,149,0.0,0.014893617021276562,705,391,314,0.8919806093358289,0.9333097185934514,0.8466364060899843,0.9106295631247183,0.9265616095137007,0.9732580712200923,0.3273399386284105,0.48292096686306785,0.044585987261146494,0.11764705882352941,0.7886524822695036
temporal_1,catboost,none,EIQ-batch,Accountancy,19,0.9,0.8212765957446808,0.07872340425531921,1.4893617021276595,0.5106382978723404,0.48936170212765956,0.0,0.8618925831202046,0.7707006369426752,0.5106382978723404,0.35,0.48936170212765956,360,0.07872340425531921,0.0,705,391,314,0.7912779076432078,0.8477930642404911,0.8241592618591984,0.8925841136851522,0.7210978233860446,0.8137600287983779,0.3025483531772323,0.40061906388937574,0.22929936305732485,0.13810741687979539,0.4893617021276596
temporal_1,catboost,none,EIQ-batch,Accountancy,42,0.9,0.7957446808510639,0.10425531914893615,1.5815602836879432,0.41843971631205673,0.5815602836879432,0.0,0.6419437340153452,0.9872611464968153,0.41843971631205673,0.488135593220339,0.5815602836879432,295,0.10425531914893615,0.0,705,391,314,0.7644198407026022,0.8238640340777565,0.5932535094499549,0.6878719841381118,0.9677088751387374,0.9950352587932231,0.4316150076374913,0.5449612009393783,0.012738853503184714,0.35805626598465473,0.5815602836879432
temporal_1,catboost,none,EIQ-batch,Accountancy,73,0.9,0.7943262411347518,0.10567375886524821,1.4156028368794327,0.5843971631205673,0.4156028368794326,0.0,0.8491048593350383,0.7261146496815286,0.5843971631205673,0.35194174757281554,0.4156028368794326,412,0.10567375886524821,0.0,705,391,314,0.7629332932180638,0.822529076167665,0.8102388553295156,0.8811778991708651,0.6742793214448287,0.7724842962621593,0.3073876347775547,0.39923132441428266,0.27388535031847133,0.15089514066496162,0.41560283687943267
temporal_1,catboost,none,EIQ-batch,Accountancy,101,0.9,0.9177304964539007,0.01773049645390068,1.750354609929078,0.24964539007092199,0.750354609929078,0.0,0.8951406649616368,0.945859872611465,0.24964539007092199,0.32954545454545453,0.750354609929078,176,0.0,0.01773049645390068,705,391,314,0.8951124954576292,0.9358208432609111,0.8608333402052453,0.9217592500534273,0.915016230003509,0.965926114770834,0.26439176552181215,0.40198104754671776,0.054140127388535034,0.10485933503836317,0.750354609929078
temporal_1,catboost,none,EIQ-batch,Global economics,7,0.9,0.8634361233480177,0.03656387665198235,1.6226138032305433,0.37738619676945667,0.6226138032305433,0.0,0.8952380952380953,0.8122605363984674,0.37738619676945667,0.36186770428015563,0.6226138032305433,257,0.03656387665198235,0.0,681,420,261,0.8355989061599397,0.8871961197901489,0.8622813495016229,0.9210304126930527,0.7604830796344008,0.8549794719080147,0.30555021931346776,0.4222537873003492,0.18773946360153257,0.10476190476190476,0.6226138032305433
temporal_1,catboost,none,EIQ-batch,Global economics,19,0.9,0.7577092511013216,0.14229074889867843,1.3641703377386196,0.6358296622613803,0.3641703377386197,0.0,0.8666666666666667,0.5823754789272031,0.6358296622613803,0.3810623556581986,0.3641703377386197,433,0.14229074889867843,0.0,681,420,261,0.7241409223031919,0.7883864597341436,0.8308107452882145,0.8958760702417858,0.5217736600034836,0.6405876265997305,0.33655471843165186,0.42766180012393384,0.41762452107279696,0.13333333333333333,0.36417033773861973
temporal_1,catboost,none,EIQ-batch,Global economics,42,0.9,0.8120411160058737,0.08795888399412632,1.6226138032305433,0.37738619676945667,0.6226138032305433,0.0,0.7238095238095238,0.9540229885057471,0.37738619676945667,0.4980544747081712,0.6226138032305433,257,0.08795888399412632,0.0,681,420,261,0.780978543668772,0.8396030442681726,0.6791667320557446,0.7643953501508789,0.921368508135124,0.9735064901197991,0.43740578511361694,0.5587604685006622,0.04597701149425287,0.2761904761904762,0.6226138032305433
temporal_1,catboost,none,EIQ-batch,Global economics,73,0.9,0.7635829662261381,0.13641703377386194,1.408223201174743,0.591776798825257,0.40822320117474303,0.0,0.8642857142857143,0.6015325670498084,0.591776798825257,0.39950372208436724,0.40822320117474303,403,0.13641703377386194,0.0,681,420,261,0.7302486357175463,0.79396028209272,0.8282120221307289,0.8937560478438821,0.5410782673098113,0.6590414580383359,0.3528492899298091,0.44805595646569435,0.39846743295019155,0.1357142857142857,0.408223201174743
temporal_1,catboost,none,EIQ-batch,Global economics,101,0.9,0.8737151248164464,0.026284875183553602,1.6167400881057268,0.3832599118942731,0.6167400881057269,0.0,0.919047619047619,0.8007662835249042,0.3832599118942731,0.32950191570881227,0.6167400881057269,261,0.026284875183553602,0.0,681,420,261,0.8466527978209722,0.896584915731745,0.8890058266951069,0.9414933910534649,0.7481014234589441,0.8447060648365113,0.275312297817487,0.38863759735260506,0.19923371647509577,0.08095238095238096,0.6167400881057269
temporal_1,catboost,none,EQ,Accountancy,7,0.9,0.9404255319148936,0.04042553191489362,1.8368794326241136,0.16312056737588654,0.8368794326241135,0.0,0.9207161125319693,0.964968152866242,0.16312056737588654,0.3652173913043478,0.8368794326241135,115,0.0,0.04042553191489362,705,391,314,0.9204512794499052,0.9556261455827154,0.8896607224239609,0.9435851099226517,0.9383688546395829,0.9803281620536605,0.28289757741605537,0.45625069367028126,0.03503184713375796,0.0792838874680307,0.8368794326241135
temporal_1,catboost,none,EQ,Accountancy,19,0.9,0.8936170212765957,0.00638297872340432,1.6964539007092199,0.30354609929078014,0.6964539007092199,0.0,0.887468030690537,0.9012738853503185,0.30354609929078014,0.35046728971962615,0.6964539007092199,214,0.00638297872340432,0.0,705,391,314,0.8686859756673133,0.9142817713425164,0.8523001657614672,0.9150964518708234,0.8632739142469631,0.9295741960499456,0.28969123968583876,0.4165171177752698,0.09872611464968153,0.11253196930946291,0.6964539007092199
temporal_1,catboost,none,EQ,Accountancy,42,0.9,0.924822695035461,0.024822695035460973,1.801418439716312,0.19858156028368795,0.8014184397163121,0.0,0.9130434782608695,0.9394904458598726,0.19858156028368795,0.37857142857142856,0.8014184397163121,140,0.0,0.024822695035460973,705,391,314,0.902973456574601,0.9420674091170893,0.880943035026693,0.9371068246935376,0.9074338977854544,0.9609235563492551,0.3024840888214455,0.4611445598396976,0.06050955414012739,0.08695652173913043,0.801418439716312
temporal_1,catboost,none,EQ,Accountancy,73,0.9,0.8950354609929078,0.004964539007092261,1.6652482269503546,0.3347517730496454,0.6652482269503546,0.0,0.928388746803069,0.8535031847133758,0.3347517730496454,0.3135593220338983,0.6652482269503546,236,0.004964539007092261,0.0,705,391,314,0.8702293529105709,0.9155598994938889,0.898448967794005,0.9499928371789895,0.8101226133966886,0.8883388171029691,0.25775482682710343,0.375336130705018,0.1464968152866242,0.07161125319693094,0.6652482269503546
temporal_1,catboost,none,EQ,Accountancy,101,0.9,0.9148936170212766,0.014893617021276562,1.7404255319148936,0.25957446808510637,0.7404255319148936,0.0,0.8951406649616368,0.9394904458598726,0.25957446808510637,0.32786885245901637,0.7404255319148936,183,0.0,0.014893617021276562,705,391,314,0.8919806093358289,0.9333097185934514,0.8608333402052453,0.9217592500534273,0.9074338977854544,0.9609235563492551,0.2640035068701221,0.398812227937113,0.06050955414012739,0.10485933503836317,0.7404255319148936
temporal_1,catboost,none,EQ,Global economics,7,0.9,0.8751835535976505,0.02481644640234948,1.6475770925110131,0.3524229074889868,0.6475770925110133,0.0,0.9023809523809524,0.8314176245210728,0.3524229074889868,0.3541666666666667,0.6475770925110133,240,0.02481644640234948,0.0,681,420,261,0.8482361389965869,0.897921958499363,0.8702437518648801,0.9272242469959645,0.7812659443890653,0.8719550458982839,0.29639154102909443,0.41653668562052687,0.1685823754789272,0.09761904761904762,0.6475770925110131
temporal_1,catboost,none,EQ,Global economics,19,0.9,0.8487518355359766,0.05124816446402347,1.5756240822320118,0.4243759177679883,0.5756240822320118,0.0,0.8904761904761904,0.7816091954022989,0.4243759177679883,0.356401384083045,0.5756240822320118,289,0.05124816446402347,0.0,681,420,261,0.8198901917328941,0.8737009947848676,0.8569960840696962,0.9168781870142002,0.7275986706045315,0.8274503789459905,0.30339866456205644,0.4131715221381108,0.21839080459770116,0.10952380952380952,0.5756240822320118
temporal_1,catboost,none,EQ,Global economics,42,0.9,0.9060205580029369,0.006020558002936882,1.723935389133627,0.27606461086637296,0.723935389133627,0.0,0.9166666666666666,0.8888888888888888,0.27606461086637296,0.3404255319148936,0.723935389133627,188,0.0,0.006020558002936882,681,420,261,0.8817703491025018,0.9257158112013345,0.8863081550575819,0.9394723171356002,0.8449808607397141,0.9215154457824352,0.27649152967182444,0.41075021479343543,0.1111111111111111,0.08333333333333333,0.7239353891336271
temporal_1,catboost,none,EQ,Global economics,73,0.9,0.8766519823788547,0.023348017621145356,1.6505139500734214,0.34948604992657856,0.6505139500734214,0.0,0.9357142857142857,0.7816091954022989,0.34948604992657856,0.35294117647058826,0.6505139500734214,238,0.023348017621145356,0.0,681,420,261,0.8498205802497978,0.8992579011893849,0.9080842471471964,0.9554461894891029,0.7275986706045315,0.8274503789459905,0.2950027929064398,0.4155513844403841,0.21839080459770116,0.06428571428571428,0.6505139500734214
temporal_1,catboost,none,EQ,Global economics,101,0.9,0.8678414096916299,0.032158590308370094,1.5947136563876652,0.4052863436123348,0.5947136563876652,0.0,0.919047619047619,0.7854406130268199,0.4052863436123348,0.32608695652173914,0.5947136563876652,276,0.032158590308370094,0.0,681,420,261,0.8403301166191589,0.8912260611606274,0.8890058266951069,0.9414933910534649,0.7316865105076941,0.8309142267918145,0.2734986305037526,0.3834499845993757,0.21455938697318008,0.08095238095238096,0.5947136563876652
temporal_1,catboost,none,MCP,Accountancy,7,0.9,0.9446808510638298,0.044680851063829796,1.8425531914893618,0.1574468085106383,0.8425531914893617,0.0,0.9258312020460358,0.9681528662420382,0.1574468085106383,0.35135135135135137,0.8425531914893617,111,0.0,0.044680851063829796,705,391,314,0.9252704726716392,0.9592714685448713,0.8955111305118737,0.9478653502523269,0.9423784822645747,0.9826109797484854,0.26887011950742146,0.44377720891493855,0.03184713375796178,0.0741687979539642,0.8425531914893617
temporal_1,catboost,none,MCP,Accountancy,19,0.9,0.9148936170212766,0.014893617021276562,1.7531914893617022,0.24680851063829787,0.7531914893617021,0.0,0.9181585677749361,0.910828025477707,0.24680851063829787,0.3448275862068966,0.7531914893617021,174,0.0,0.014893617021276562,705,391,314,0.8919806093358289,0.9333097185934514,0.8867474261421434,0.9414330819956752,0.8741406477789979,0.9375847984773609,0.27824194491775067,0.418116821153525,0.08917197452229299,0.08184143222506395,0.7531914893617021
temporal_1,catboost,none,MCP,Accountancy,42,0.9,0.9304964539007092,0.03049645390070921,1.8170212765957447,0.1829787234042553,0.8170212765957446,0.0,0.9232736572890026,0.9394904458598726,0.1829787234042553,0.3798449612403101,0.8170212765957446,129,0.0,0.03049645390070921,705,391,314,0.9092974056601456,0.9470294816100647,0.8925818411333165,0.9457293154220902,0.9074338977854544,0.9609235563492551,0.3007121295888253,0.4659269883853082,0.06050955414012739,0.07672634271099744,0.8170212765957447
temporal_1,catboost,none,MCP,Accountancy,73,0.9,0.9049645390070922,0.00496453900709215,1.6836879432624114,0.31631205673758866,0.6836879432624113,0.0,0.9309462915601023,0.8726114649681529,0.31631205673758866,0.3004484304932735,0.6836879432624113,223,0.0,0.00496453900709215,705,391,314,0.8810696509522554,0.9244701392146145,0.9013957627199221,0.9521113664618666,0.831178681669236,0.905037420749322,0.24407232738946227,0.3635831670572135,0.12738853503184713,0.06905370843989769,0.6836879432624113
temporal_1,catboost,none,MCP,Accountancy,101,0.9,0.9177304964539007,0.01773049645390068,1.748936170212766,0.251063829787234,0.7489361702127659,0.0,0.8951406649616368,0.945859872611465,0.251063829787234,0.327683615819209,0.7489361702127659,177,0.0,0.01773049645390068,705,391,314,0.8951124954576292,0.9358208432609111,0.8608333402052453,0.9217592500534273,0.915016230003509,0.965926114770834,0.2628371166532165,0.3998508510407289,0.054140127388535034,0.10485933503836317,0.7489361702127659
temporal_1,catboost,none,MCP,Global economics,7,0.9,0.8781204111600588,0.021879588839941233,1.6637298091042585,0.33627019089574156,0.6637298091042585,0.0,0.9047619047619048,0.8352490421455939,0.33627019089574156,0.3624454148471616,0.6637298091042585,229,0.021879588839941233,0.0,681,420,261,0.8514061382539065,0.9005927271285089,0.8729076621941513,0.929279082222083,0.7854461954346565,0.8753264826016793,0.3029286727185035,0.42650095584040854,0.16475095785440613,0.09523809523809523,0.6637298091042585
temporal_1,catboost,none,MCP,Global economics,19,0.9,0.8619676945668135,0.038032305433186475,1.6108663729809105,0.3891336270190896,0.6108663729809104,0.0,0.9071428571428571,0.789272030651341,0.3891336270190896,0.35471698113207545,0.6108663729809104,265,0.038032305433186475,0.0,681,420,261,0.8340238185138595,0.8858508234929963,0.8755767254891207,0.931328764482503,0.7357805813872315,0.8343718436612638,0.29956578515506954,0.41402005708157846,0.210727969348659,0.09285714285714286,0.6108663729809104
temporal_1,catboost,none,MCP,Global economics,42,0.9,0.9074889867841409,0.007488986784140894,1.7342143906020557,0.2657856093979442,0.7342143906020558,0.0,0.919047619047619,0.8888888888888888,0.2657856093979442,0.34806629834254144,0.7342143906020558,181,0.0,0.007488986784140894,681,420,261,0.8833826907220325,0.9270238535250362,0.8890058266951069,0.9414933910534649,0.8449808607397141,0.9215154457824352,0.28247907712289033,0.4199686294094799,0.1111111111111111,0.08095238095238096,0.7342143906020557
temporal_1,catboost,none,MCP,Global economics,73,0.9,0.8839941262848752,0.016005873715124852,1.671071953010279,0.328928046989721,0.671071953010279,0.0,0.9357142857142857,0.8007662835249042,0.328928046989721,0.35267857142857145,0.671071953010279,224,0.016005873715124852,0.0,681,420,261,0.8577598889465794,0.9059205122087666,0.9080842471471964,0.9554461894891029,0.7481014234589441,0.8447060648365113,0.2930713917237088,0.4172534967245326,0.19923371647509577,0.06428571428571428,0.671071953010279
temporal_1,catboost,none,MCP,Global economics,101,0.9,0.8737151248164464,0.026284875183553602,1.6138032305433188,0.38619676945668135,0.6138032305433186,0.0,0.919047619047619,0.8007662835249042,0.38619676945668135,0.3269961977186312,0.6138032305433186,263,0.026284875183553602,0.0,681,420,261,0.8466527978209722,0.896584915731745,0.8890058266951069,0.9414933910534649,0.7481014234589441,0.8447060648365113,0.2731455410084006,0.38582799180702276,0.19923371647509577,0.08095238095238096,0.6138032305433186
temporal_1,catboost,platt,EIQ-batch,Accountancy,7,0.9,0.9148936170212766,0.014893617021276562,1.7886524822695036,0.21134751773049645,0.7886524822695036,0.0,0.8823529411764706,0.9554140127388535,0.21134751773049645,0.40268456375838924,0.7886524822695036,149,0.0,0.014893617021276562,705,391,314,0.8919806093358289,0.9333097185934514,0.8466364060899843,0.9106295631247183,0.9265616095137007,0.9732580712200923,0.3273399386284105,0.48292096686306785,0.044585987261146494,0.11764705882352941,0.7886524822695036
temporal_1,catboost,platt,EIQ-batch,Accountancy,19,0.9,0.8212765957446808,0.07872340425531921,1.4893617021276595,0.5106382978723404,0.48936170212765956,0.0,0.8618925831202046,0.7707006369426752,0.5106382978723404,0.35,0.48936170212765956,360,0.07872340425531921,0.0,705,391,314,0.7912779076432078,0.8477930642404911,0.8241592618591984,0.8925841136851522,0.7210978233860446,0.8137600287983779,0.3025483531772323,0.40061906388937574,0.22929936305732485,0.13810741687979539,0.4893617021276596
temporal_1,catboost,platt,EIQ-batch,Accountancy,42,0.9,0.7957446808510639,0.10425531914893615,1.5815602836879432,0.41843971631205673,0.5815602836879432,0.0,0.6419437340153452,0.9872611464968153,0.41843971631205673,0.488135593220339,0.5815602836879432,295,0.10425531914893615,0.0,705,391,314,0.7644198407026022,0.8238640340777565,0.5932535094499549,0.6878719841381118,0.9677088751387374,0.9950352587932231,0.4316150076374913,0.5449612009393783,0.012738853503184714,0.35805626598465473,0.5815602836879432
temporal_1,catboost,platt,EIQ-batch,Accountancy,73,0.9,0.7943262411347518,0.10567375886524821,1.4156028368794327,0.5843971631205673,0.4156028368794326,0.0,0.8491048593350383,0.7261146496815286,0.5843971631205673,0.35194174757281554,0.4156028368794326,412,0.10567375886524821,0.0,705,391,314,0.7629332932180638,0.822529076167665,0.8102388553295156,0.8811778991708651,0.6742793214448287,0.7724842962621593,0.3073876347775547,0.39923132441428266,0.27388535031847133,0.15089514066496162,0.41560283687943267
temporal_1,catboost,platt,EIQ-batch,Accountancy,101,0.9,0.9177304964539007,0.01773049645390068,1.750354609929078,0.24964539007092199,0.750354609929078,0.0,0.8951406649616368,0.945859872611465,0.24964539007092199,0.32954545454545453,0.750354609929078,176,0.0,0.01773049645390068,705,391,314,0.8951124954576292,0.9358208432609111,0.8608333402052453,0.9217592500534273,0.915016230003509,0.965926114770834,0.26439176552181215,0.40198104754671776,0.054140127388535034,0.10485933503836317,0.750354609929078
temporal_1,catboost,platt,EIQ-batch,Global economics,7,0.9,0.8634361233480177,0.03656387665198235,1.6226138032305433,0.37738619676945667,0.6226138032305433,0.0,0.8952380952380953,0.8122605363984674,0.37738619676945667,0.36186770428015563,0.6226138032305433,257,0.03656387665198235,0.0,681,420,261,0.8355989061599397,0.8871961197901489,0.8622813495016229,0.9210304126930527,0.7604830796344008,0.8549794719080147,0.30555021931346776,0.4222537873003492,0.18773946360153257,0.10476190476190476,0.6226138032305433
temporal_1,catboost,platt,EIQ-batch,Global economics,19,0.9,0.7577092511013216,0.14229074889867843,1.3641703377386196,0.6358296622613803,0.3641703377386197,0.0,0.8666666666666667,0.5823754789272031,0.6358296622613803,0.3810623556581986,0.3641703377386197,433,0.14229074889867843,0.0,681,420,261,0.7241409223031919,0.7883864597341436,0.8308107452882145,0.8958760702417858,0.5217736600034836,0.6405876265997305,0.33655471843165186,0.42766180012393384,0.41762452107279696,0.13333333333333333,0.36417033773861973
temporal_1,catboost,platt,EIQ-batch,Global economics,42,0.9,0.8120411160058737,0.08795888399412632,1.6226138032305433,0.37738619676945667,0.6226138032305433,0.0,0.7238095238095238,0.9540229885057471,0.37738619676945667,0.4980544747081712,0.6226138032305433,257,0.08795888399412632,0.0,681,420,261,0.780978543668772,0.8396030442681726,0.6791667320557446,0.7643953501508789,0.921368508135124,0.9735064901197991,0.43740578511361694,0.5587604685006622,0.04597701149425287,0.2761904761904762,0.6226138032305433
temporal_1,catboost,platt,EIQ-batch,Global economics,73,0.9,0.7635829662261381,0.13641703377386194,1.408223201174743,0.591776798825257,0.40822320117474303,0.0,0.8642857142857143,0.6015325670498084,0.591776798825257,0.39950372208436724,0.40822320117474303,403,0.13641703377386194,0.0,681,420,261,0.7302486357175463,0.79396028209272,0.8282120221307289,0.8937560478438821,0.5410782673098113,0.6590414580383359,0.3528492899298091,0.44805595646569435,0.39846743295019155,0.1357142857142857,0.408223201174743
temporal_1,catboost,platt,EIQ-batch,Global economics,101,0.9,0.8737151248164464,0.026284875183553602,1.6167400881057268,0.3832599118942731,0.6167400881057269,0.0,0.919047619047619,0.8007662835249042,0.3832599118942731,0.32950191570881227,0.6167400881057269,261,0.026284875183553602,0.0,681,420,261,0.8466527978209722,0.896584915731745,0.8890058266951069,0.9414933910534649,0.7481014234589441,0.8447060648365113,0.275312297817487,0.38863759735260506,0.19923371647509577,0.08095238095238096,0.6167400881057269
temporal_1,catboost,platt,EQ,Accountancy,7,0.9,0.9404255319148936,0.04042553191489362,1.8368794326241136,0.16312056737588654,0.8368794326241135,0.0,0.9207161125319693,0.964968152866242,0.16312056737588654,0.3652173913043478,0.8368794326241135,115,0.0,0.04042553191489362,705,391,314,0.9204512794499052,0.9556261455827154,0.8896607224239609,0.9435851099226517,0.9383688546395829,0.9803281620536605,0.28289757741605537,0.45625069367028126,0.03503184713375796,0.0792838874680307,0.8368794326241135
temporal_1,catboost,platt,EQ,Accountancy,19,0.9,0.8936170212765957,0.00638297872340432,1.6964539007092199,0.30354609929078014,0.6964539007092199,0.0,0.887468030690537,0.9012738853503185,0.30354609929078014,0.35046728971962615,0.6964539007092199,214,0.00638297872340432,0.0,705,391,314,0.8686859756673133,0.9142817713425164,0.8523001657614672,0.9150964518708234,0.8632739142469631,0.9295741960499456,0.28969123968583876,0.4165171177752698,0.09872611464968153,0.11253196930946291,0.6964539007092199
temporal_1,catboost,platt,EQ,Accountancy,42,0.9,0.924822695035461,0.024822695035460973,1.801418439716312,0.19858156028368795,0.8014184397163121,0.0,0.9130434782608695,0.9394904458598726,0.19858156028368795,0.37857142857142856,0.8014184397163121,140,0.0,0.024822695035460973,705,391,314,0.902973456574601,0.9420674091170893,0.880943035026693,0.9371068246935376,0.9074338977854544,0.9609235563492551,0.3024840888214455,0.4611445598396976,0.06050955414012739,0.08695652173913043,0.801418439716312
temporal_1,catboost,platt,EQ,Accountancy,73,0.9,0.8950354609929078,0.004964539007092261,1.6652482269503546,0.3347517730496454,0.6652482269503546,0.0,0.928388746803069,0.8535031847133758,0.3347517730496454,0.3135593220338983,0.6652482269503546,236,0.004964539007092261,0.0,705,391,314,0.8702293529105709,0.9155598994938889,0.898448967794005,0.9499928371789895,0.8101226133966886,0.8883388171029691,0.25775482682710343,0.375336130705018,0.1464968152866242,0.07161125319693094,0.6652482269503546
temporal_1,catboost,platt,EQ,Accountancy,101,0.9,0.9148936170212766,0.014893617021276562,1.7404255319148936,0.25957446808510637,0.7404255319148936,0.0,0.8951406649616368,0.9394904458598726,0.25957446808510637,0.32786885245901637,0.7404255319148936,183,0.0,0.014893617021276562,705,391,314,0.8919806093358289,0.9333097185934514,0.8608333402052453,0.9217592500534273,0.9074338977854544,0.9609235563492551,0.2640035068701221,0.398812227937113,0.06050955414012739,0.10485933503836317,0.7404255319148936
temporal_1,catboost,platt,EQ,Global economics,7,0.9,0.8751835535976505,0.02481644640234948,1.6475770925110131,0.3524229074889868,0.6475770925110133,0.0,0.9023809523809524,0.8314176245210728,0.3524229074889868,0.3541666666666667,0.6475770925110133,240,0.02481644640234948,0.0,681,420,261,0.8482361389965869,0.897921958499363,0.8702437518648801,0.9272242469959645,0.7812659443890653,0.8719550458982839,0.29639154102909443,0.41653668562052687,0.1685823754789272,0.09761904761904762,0.6475770925110131
temporal_1,catboost,platt,EQ,Global economics,19,0.9,0.8487518355359766,0.05124816446402347,1.5756240822320118,0.4243759177679883,0.5756240822320118,0.0,0.8904761904761904,0.7816091954022989,0.4243759177679883,0.356401384083045,0.5756240822320118,289,0.05124816446402347,0.0,681,420,261,0.8198901917328941,0.8737009947848676,0.8569960840696962,0.9168781870142002,0.7275986706045315,0.8274503789459905,0.30339866456205644,0.4131715221381108,0.21839080459770116,0.10952380952380952,0.5756240822320118
temporal_1,catboost,platt,EQ,Global economics,42,0.9,0.9060205580029369,0.006020558002936882,1.723935389133627,0.27606461086637296,0.723935389133627,0.0,0.9166666666666666,0.8888888888888888,0.27606461086637296,0.3404255319148936,0.723935389133627,188,0.0,0.006020558002936882,681,420,261,0.8817703491025018,0.9257158112013345,0.8863081550575819,0.9394723171356002,0.8449808607397141,0.9215154457824352,0.27649152967182444,0.41075021479343543,0.1111111111111111,0.08333333333333333,0.7239353891336271
temporal_1,catboost,platt,EQ,Global economics,73,0.9,0.8766519823788547,0.023348017621145356,1.6505139500734214,0.34948604992657856,0.6505139500734214,0.0,0.9357142857142857,0.7816091954022989,0.34948604992657856,0.35294117647058826,0.6505139500734214,238,0.023348017621145356,0.0,681,420,261,0.8498205802497978,0.8992579011893849,0.9080842471471964,0.9554461894891029,0.7275986706045315,0.8274503789459905,0.2950027929064398,0.4155513844403841,0.21839080459770116,0.06428571428571428,0.6505139500734214
temporal_1,catboost,platt,EQ,Global economics,101,0.9,0.8678414096916299,0.032158590308370094,1.5947136563876652,0.4052863436123348,0.5947136563876652,0.0,0.919047619047619,0.7854406130268199,0.4052863436123348,0.32608695652173914,0.5947136563876652,276,0.032158590308370094,0.0,681,420,261,0.8403301166191589,0.8912260611606274,0.8890058266951069,0.9414933910534649,0.7316865105076941,0.8309142267918145,0.2734986305037526,0.3834499845993757,0.21455938697318008,0.08095238095238096,0.5947136563876652
temporal_1,catboost,platt,MCP,Accountancy,7,0.9,0.9446808510638298,0.044680851063829796,1.8425531914893618,0.1574468085106383,0.8425531914893617,0.0,0.9258312020460358,0.9681528662420382,0.1574468085106383,0.35135135135135137,0.8425531914893617,111,0.0,0.044680851063829796,705,391,314,0.9252704726716392,0.9592714685448713,0.8955111305118737,0.9478653502523269,0.9423784822645747,0.9826109797484854,0.26887011950742146,0.44377720891493855,0.03184713375796178,0.0741687979539642,0.8425531914893617
temporal_1,catboost,platt,MCP,Accountancy,19,0.9,0.9148936170212766,0.014893617021276562,1.7531914893617022,0.24680851063829787,0.7531914893617021,0.0,0.9181585677749361,0.910828025477707,0.24680851063829787,0.3448275862068966,0.7531914893617021,174,0.0,0.014893617021276562,705,391,314,0.8919806093358289,0.9333097185934514,0.8867474261421434,0.9414330819956752,0.8741406477789979,0.9375847984773609,0.27824194491775067,0.418116821153525,0.08917197452229299,0.08184143222506395,0.7531914893617021
temporal_1,catboost,platt,MCP,Accountancy,42,0.9,0.9304964539007092,0.03049645390070921,1.8170212765957447,0.1829787234042553,0.8170212765957446,0.0,0.9232736572890026,0.9394904458598726,0.1829787234042553,0.3798449612403101,0.8170212765957446,129,0.0,0.03049645390070921,705,391,314,0.9092974056601456,0.9470294816100647,0.8925818411333165,0.9457293154220902,0.9074338977854544,0.9609235563492551,0.3007121295888253,0.4659269883853082,0.06050955414012739,0.07672634271099744,0.8170212765957447
temporal_1,catboost,platt,MCP,Accountancy,73,0.9,0.9049645390070922,0.00496453900709215,1.6836879432624114,0.31631205673758866,0.6836879432624113,0.0,0.9309462915601023,0.8726114649681529,0.31631205673758866,0.3004484304932735,0.6836879432624113,223,0.0,0.00496453900709215,705,391,314,0.8810696509522554,0.9244701392146145,0.9013957627199221,0.9521113664618666,0.831178681669236,0.905037420749322,0.24407232738946227,0.3635831670572135,0.12738853503184713,0.06905370843989769,0.6836879432624113
temporal_1,catboost,platt,MCP,Accountancy,101,0.9,0.9177304964539007,0.01773049645390068,1.748936170212766,0.251063829787234,0.7489361702127659,0.0,0.8951406649616368,0.945859872611465,0.251063829787234,0.327683615819209,0.7489361702127659,177,0.0,0.01773049645390068,705,391,314,0.8951124954576292,0.9358208432609111,0.8608333402052453,0.9217592500534273,0.915016230003509,0.965926114770834,0.2628371166532165,0.3998508510407289,0.054140127388535034,0.10485933503836317,0.7489361702127659
temporal_1,catboost,platt,MCP,Global economics,7,0.9,0.8781204111600588,0.021879588839941233,1.6637298091042585,0.33627019089574156,0.6637298091042585,0.0,0.9047619047619048,0.8352490421455939,0.33627019089574156,0.3624454148471616,0.6637298091042585,229,0.021879588839941233,0.0,681,420,261,0.8514061382539065,0.9005927271285089,0.8729076621941513,0.929279082222083,0.7854461954346565,0.8753264826016793,0.3029286727185035,0.42650095584040854,0.16475095785440613,0.09523809523809523,0.6637298091042585
temporal_1,catboost,platt,MCP,Global economics,19,0.9,0.8619676945668135,0.038032305433186475,1.6108663729809105,0.3891336270190896,0.6108663729809104,0.0,0.9071428571428571,0.789272030651341,0.3891336270190896,0.35471698113207545,0.6108663729809104,265,0.038032305433186475,0.0,681,420,261,0.8340238185138595,0.8858508234929963,0.8755767254891207,0.931328764482503,0.7357805813872315,0.8343718436612638,0.29956578515506954,0.41402005708157846,0.210727969348659,0.09285714285714286,0.6108663729809104
temporal_1,catboost,platt,MCP,Global economics,42,0.9,0.9074889867841409,0.007488986784140894,1.7342143906020557,0.2657856093979442,0.7342143906020558,0.0,0.919047619047619,0.8888888888888888,0.2657856093979442,0.34806629834254144,0.7342143906020558,181,0.0,0.007488986784140894,681,420,261,0.8833826907220325,0.9270238535250362,0.8890058266951069,0.9414933910534649,0.8449808607397141,0.9215154457824352,0.28247907712289033,0.4199686294094799,0.1111111111111111,0.08095238095238096,0.7342143906020557
temporal_1,catboost,platt,MCP,Global economics,73,0.9,0.8839941262848752,0.016005873715124852,1.671071953010279,0.328928046989721,0.671071953010279,0.0,0.9357142857142857,0.8007662835249042,0.328928046989721,0.35267857142857145,0.671071953010279,224,0.016005873715124852,0.0,681,420,261,0.8577598889465794,0.9059205122087666,0.9080842471471964,0.9554461894891029,0.7481014234589441,0.8447060648365113,0.2930713917237088,0.4172534967245326,0.19923371647509577,0.06428571428571428,0.671071953010279
temporal_1,catboost,platt,MCP,Global economics,101,0.9,0.8737151248164464,0.026284875183553602,1.6138032305433188,0.38619676945668135,0.6138032305433186,0.0,0.919047619047619,0.8007662835249042,0.38619676945668135,0.3269961977186312,0.6138032305433186,263,0.026284875183553602,0.0,681,420,261,0.8466527978209722,0.896584915731745,0.8890058266951069,0.9414933910534649,0.7481014234589441,0.8447060648365113,0.2731455410084006,0.38582799180702276,0.19923371647509577,0.08095238095238096,0.6138032305433186
temporal_1,logistic,isotonic,EIQ-batch,Accountancy,7,0.9,0.9546099290780142,0.05460992907801421,1.8709219858156028,0.12907801418439716,0.8709219858156029,0.0,0.9181585677749361,1.0,0.12907801418439716,0.3516483516483517,0.8709219858156029,91,0.0,0.05460992907801421,705,391,314,0.9366256365535004,0.9676668424254204,0.8867474261421434,0.9414330819956752,0.9879139152112274,1.0000000000000002,0.2613727836672014,0.4539415911248841,0.0,0.08184143222506395,0.8709219858156029
temporal_1,logistic,isotonic,EIQ-batch,Accountancy,19,0.9,0.8978723404255319,0.0021276595744681437,1.6297872340425532,0.3702127659574468,0.6297872340425532,0.0,0.9769820971867008,0.7993630573248408,0.3702127659574468,0.27586206896551724,0.6297872340425532,261,0.0021276595744681437,0.0,705,391,314,0.8733199158086372,0.9181123473850826,0.956839080709227,0.9878438842308536,0.7515693893561906,0.8399204707065826,0.22518661142709187,0.3330396552571865,0.20063694267515925,0.023017902813299233,0.6297872340425532
temporal_1,logistic,isotonic,EIQ-batch,Accountancy,42,0.9,0.8836879432624114,0.01631205673758862,1.6070921985815603,0.39290780141843973,0.6070921985815603,0.0,0.8695652173913043,0.9012738853503185,0.39290780141843973,0.296028880866426,0.6070921985815603,277,0.01631205673758862,0.0,705,391,314,0.8579159141522867,0.9053012950951331,0.8325568100453079,0.8993825381254247,0.8632739142469631,0.9295741960499456,0.24535578031911962,0.3522819741829821,0.09872611464968153,0.13043478260869565,0.6070921985815603
temporal_1,logistic,isotonic,EIQ-batch,Accountancy,73,0.9,0.9617021276595744,0.06170212765957439,1.8794326241134751,0.12056737588652482,0.8794326241134752,0.0,0.9437340153452686,0.9840764331210191,0.12056737588652482,0.3176470588235294,0.8794326241134752,85,0.0,0.06170212765957439,705,391,314,0.9448521307957387,0.973547875156332,0.9162812959143202,0.9625524543114384,0.9632719678361612,0.9931797207759825,0.22840200977154712,0.422661801972401,0.01592356687898089,0.056265984654731455,0.8794326241134752
temporal_1,logistic,isotonic,EIQ-batch,Accountancy,101,0.9,0.948936170212766,0.04893617021276597,1.7929078014184396,0.20709219858156028,0.7929078014184398,0.0,0.9667519181585678,0.9267515923566879,0.20709219858156028,0.2465753424657534,0.7929078014184398,146,0.0,0.04893617021276597,705,391,314,0.9301166226565324,0.9628898347438682,0.9439532048798736,0.9804684632250309,0.8924898317592519,0.9506978410961905,0.18375484505601197,0.32238984558964473,0.0732484076433121,0.03324808184143223,0.7929078014184398
temporal_1,logistic,isotonic,EIQ-batch,Global economics,7,0.9,0.9427312775330396,0.042731277533039624,1.8751835535976504,0.12481644640234948,0.8751835535976505,0.0,0.9071428571428571,1.0,0.12481644640234948,0.4588235294117647,0.8751835535976505,85,0.0,0.042731277533039624,681,420,261,0.9226693104143731,0.9578264484702801,0.8755767254891207,0.931328764482503,0.9854952512427636,0.9999999999999999,0.3569713181901941,0.5642366393003748,0.0,0.09285714285714286,0.8751835535976505
temporal_1,logistic,isotonic,EIQ-batch,Global economics,19,0.9,0.8472834067547724,0.052716593245227594,1.4933920704845816,0.5066079295154186,0.4933920704845815,0.0,0.9476190476190476,0.685823754789272,0.5066079295154186,0.30144927536231886,0.4933920704845815,345,0.052716593245227594,0.0,681,420,261,0.8183242631682136,0.8723465394063153,0.9219671217697466,0.9651570426435004,0.6271588270948706,0.7390980287309842,0.2554312518966811,0.3518401989705779,0.31417624521072796,0.05238095238095238,0.49339207048458145
temporal_1,logistic,isotonic,EIQ-batch,Global economics,42,0.9,0.8179148311306902,0.08208516886930983,1.4449339207048457,0.5550660792951542,0.44493392070484583,0.0,0.8738095238095238,0.7279693486590039,0.5550660792951542,0.328042328042328,0.44493392070484583,378,0.08208516886930983,0.0,681,420,261,0.7871735037196532,0.8450896199902223,0.8386273275807891,0.9022157246153802,0.6709662590199279,0.7783591620447805,0.2826490251900525,0.3768955397152327,0.2720306513409962,0.1261904761904762,0.44493392070484583
temporal_1,logistic,isotonic,EIQ-batch,Global economics,73,0.9,0.9265785609397944,0.026578560939794382,1.7518355359765052,0.24816446402349487,0.7518355359765051,0.0,0.9428571428571428,0.9003831417624522,0.24816446402349487,0.2958579881656805,0.7518355359765051,169,0.0,0.026578560939794382,681,420,261,0.9045051169026064,0.9438664186064873,0.9163839013517245,0.9613027719507434,0.8580420577134781,0.9311093120556316,0.23219906467993418,0.3685911596632852,0.09961685823754789,0.05714285714285714,0.7518355359765051
temporal_1,logistic,isotonic,EIQ-batch,Global economics,101,0.9,0.8972099853157122,0.002790014684287856,1.619676945668135,0.3803230543318649,0.6196769456681351,0.0,0.9571428571428572,0.8007662835249042,0.3803230543318649,0.2702702702702703,0.6196769456681351,259,0.002790014684287856,0.0,681,420,261,0.8721286006735659,0.9178352559708741,0.9332776936660707,0.9727214529687349,0.7481014234589441,0.8447060648365113,0.21983440915222088,0.3274211854030516,0.19923371647509577,0.04285714285714286,0.619676945668135
temporal_1,logistic,isotonic,EQ,Accountancy,7,0.9,0.948936170212766,0.04893617021276597,1.7829787234042553,0.2170212765957447,0.7829787234042553,0.0,1.0,0.8853503184713376,0.2170212765957447,0.23529411764705882,0.7829787234042553,153,0.0,0.04893617021276597,705,391,314,0.9301166226565324,0.9628898347438682,0.9902708828192265,1.0,0.8453589526953539,0.916026931002471,0.17507655230583274,0.3084783660872585,0.11464968152866242,0.0,0.7829787234042553
temporal_1,logistic,isotonic,EQ,Accountancy,19,0.9,0.8978723404255319,0.0021276595744681437,1.6297872340425532,0.3702127659574468,0.6297872340425532,0.0,0.9769820971867008,0.7993630573248408,0.3702127659574468,0.27586206896551724,0.6297872340425532,261,0.0021276595744681437,0.0,705,391,314,0.8733199158086372,0.9181123473850826,0.956839080709227,0.9878438842308536,0.7515693893561906,0.8399204707065826,0.22518661142709187,0.3330396552571865,0.20063694267515925,0.023017902813299233,0.6297872340425532
temporal_1,logistic,isotonic,EQ,Accountancy,42,0.9,0.9560283687943263,0.056028368794326266,1.8085106382978724,0.19148936170212766,0.8085106382978723,0.0,1.0,0.9012738853503185,0.19148936170212766,0.22962962962962963,0.8085106382978723,135,0.0,0.056028368794326266,705,391,314,0.9382623212995628,0.968851663073988,0.9902708828192265,1.0,0.8632739142469631,0.9295741960499456,0.16675102985554907,0.3074694182724459,0.09872611464968153,0.0,0.8085106382978724
temporal_1,logistic,isotonic,EQ,Accountancy,73,0.9,0.9120567375886525,0.012056737588652444,1.6695035460992909,0.3304964539007092,0.6695035460992907,0.0,0.9437340153452686,0.8726114649681529,0.3304964539007092,0.26609442060085836,0.6695035460992907,233,0.0,0.012056737588652444,705,391,314,0.8888553852759657,0.9307919318640543,0.9162812959143202,0.9625524543114384,0.831178681669236,0.905037420749322,0.21348013111047587,0.32629639052241616,0.12738853503184713,0.056265984654731455,0.6695035460992909
temporal_1,logistic,isotonic,EQ,Accountancy,101,0.9,0.948936170212766,0.04893617021276597,1.7929078014184396,0.20709219858156028,0.7929078014184398,0.0,0.9667519181585678,0.9267515923566879,0.20709219858156028,0.2465753424657534,0.7929078014184398,146,0.0,0.04893617021276597,705,391,314,0.9301166226565324,0.9628898347438682,0.9439532048798736,0.9804684632250309,0.8924898317592519,0.9506978410961905,0.18375484505601197,0.32238984558964473,0.0732484076433121,0.03324808184143223,0.7929078014184398
temporal_1,logistic,isotonic,EQ,Global economics,7,0.9,0.882525697503671,0.017474302496328975,1.5741556534508077,0.42584434654919234,0.5741556534508077,0.0,0.9928571428571429,0.7049808429118773,0.42584434654919234,0.27586206896551724,0.5741556534508077,290,0.017474302496328975,0.0,681,420,261,0.8561696870266645,0.9045903301854487,0.9792124593309441,0.9975678706347058,0.647002384483695,0.757012910087093,0.2276051263467151,0.3299794278487918,0.2950191570881226,0.007142857142857143,0.5741556534508077
temporal_1,logistic,isotonic,EQ,Global economics,19,0.9,0.8472834067547724,0.052716593245227594,1.4933920704845816,0.5066079295154186,0.4933920704845815,0.0,0.9476190476190476,0.685823754789272,0.5066079295154186,0.30144927536231886,0.4933920704845815,345,0.052716593245227594,0.0,681,420,261,0.8183242631682136,0.8723465394063153,0.9219671217697466,0.9651570426435004,0.6271588270948706,0.7390980287309842,0.2554312518966811,0.3518401989705779,0.31417624521072796,0.05238095238095238,0.49339207048458145
temporal_1,logistic,isotonic,EQ,Global economics,42,0.9,0.8898678414096917,0.01013215859030836,1.5829662261380324,0.4170337738619677,0.5829662261380323,0.0,0.9904761904761905,0.7279693486590039,0.4170337738619677,0.2640845070422535,0.5829662261380323,284,0.01013215859030836,0.0,681,420,261,0.8641329789347124,0.9112289579935643,0.9757712649891934,0.9962903194210668,0.6709662590199279,0.7783591620447805,0.21620771871655978,0.3182582315707718,0.2720306513409962,0.009523809523809525,0.5829662261380323
temporal_1,logistic,isotonic,EQ,Global economics,73,0.9,0.8370044052863436,0.06299559471365646,1.4801762114537445,0.5198237885462555,0.4801762114537445,0.0,0.9428571428571428,0.6666666666666666,0.5198237885462555,0.3135593220338983,0.4801762114537445,354,0.06299559471365646,0.0,681,420,261,0.8073861886376493,0.8628419263342507,0.9163839013517245,0.9613027719507434,0.6074238479573544,0.7210745691235667,0.26745023546386154,0.3636713220129593,0.3333333333333333,0.05714285714285714,0.48017621145374445
temporal_1,logistic,isotonic,EQ,Global economics,101,0.9,0.8972099853157122,0.002790014684287856,1.619676945668135,0.3803230543318649,0.6196769456681351,0.0,0.9571428571428572,0.8007662835249042,0.3803230543318649,0.2702702702702703,0.6196769456681351,259,0.002790014684287856,0.0,681,420,261,0.8721286006735659,0.9178352559708741,0.9332776936660707,0.9727214529687349,0.7481014234589441,0.8447060648365113,0.21983440915222088,0.3274211854030516,0.19923371647509577,0.04285714285714286,0.619676945668135
temporal_1,logistic,isotonic,MCP,Accountancy,7,0.9,0.948936170212766,0.04893617021276597,1.7829787234042553,0.2170212765957447,0.7829787234042553,0.0,1.0,0.8853503184713376,0.2170212765957447,0.23529411764705882,0.7829787234042553,153,0.0,0.04893617021276597,705,391,314,0.9301166226565324,0.9628898347438682,0.9902708828192265,1.0,0.8453589526953539,0.916026931002471,0.17507655230583274,0.3084783660872585,0.11464968152866242,0.0,0.7829787234042553
temporal_1,logistic,isotonic,MCP,Accountancy,19,0.9,0.8978723404255319,0.0021276595744681437,1.6297872340425532,0.3702127659574468,0.6297872340425532,0.0,0.9769820971867008,0.7993630573248408,0.3702127659574468,0.27586206896551724,0.6297872340425532,261,0.0021276595744681437,0.0,705,391,314,0.8733199158086372,0.9181123473850826,0.956839080709227,0.9878438842308536,0.7515693893561906,0.8399204707065826,0.22518661142709187,0.3330396552571865,0.20063694267515925,0.023017902813299233,0.6297872340425532
temporal_1,logistic,isotonic,MCP,Accountancy,42,0.9,0.9687943262411347,0.06879432624113468,1.8609929078014185,0.13900709219858157,0.8609929078014185,0.0,1.0,0.9299363057324841,0.13900709219858157,0.22448979591836735,0.8609929078014185,98,0.0,0.06879432624113468,705,391,314,0.9532041866774484,0.9793033462477724,0.9902708828192265,1.0,0.896201189274272,0.9532789289009872,0.15318242080683164,0.3165816553826658,0.07006369426751592,0.0,0.8609929078014185
temporal_1,logistic,isotonic,MCP,Accountancy,73,0.9,0.9347517730496454,0.034751773049645385,1.7177304964539006,0.2822695035460993,0.7177304964539007,0.0,0.9846547314578005,0.8726114649681529,0.2822695035460993,0.23115577889447236,0.7177304964539007,199,0.0,0.034751773049645385,705,391,314,0.9140631627491244,0.9507282407049761,0.9669302938675338,0.9929486436989287,0.831178681669236,0.905037420749322,0.17800909682763635,0.2944853299917603,0.12738853503184713,0.015345268542199489,0.7177304964539006
temporal_1,logistic,isotonic,MCP,Accountancy,101,0.9,0.948936170212766,0.04893617021276597,1.7929078014184396,0.20709219858156028,0.7929078014184398,0.0,0.9667519181585678,0.9267515923566879,0.20709219858156028,0.2465753424657534,0.7929078014184398,146,0.0,0.04893617021276597,705,391,314,0.9301166226565324,0.9628898347438682,0.9439532048798736,0.9804684632250309,0.8924898317592519,0.9506978410961905,0.18375484505601197,0.32238984558964473,0.0732484076433121,0.03324808184143223,0.7929078014184398
temporal_1,logistic,isotonic,MCP,Global economics,7,0.9,0.882525697503671,0.017474302496328975,1.5741556534508077,0.42584434654919234,0.5741556534508077,0.0,0.9928571428571429,0.7049808429118773,0.42584434654919234,0.27586206896551724,0.5741556534508077,290,0.017474302496328975,0.0,681,420,261,0.8561696870266645,0.9045903301854487,0.9792124593309441,0.9975678706347058,0.647002384483695,0.757012910087093,0.2276051263467151,0.3299794278487918,0.2950191570881226,0.007142857142857143,0.5741556534508077
temporal_1,logistic,isotonic,MCP,Global economics,19,0.9,0.8472834067547724,0.052716593245227594,1.4933920704845816,0.5066079295154186,0.4933920704845815,0.0,0.9476190476190476,0.685823754789272,0.5066079295154186,0.30144927536231886,0.4933920704845815,345,0.052716593245227594,0.0,681,420,261,0.8183242631682136,0.8723465394063153,0.9219671217697466,0.9651570426435004,0.6271588270948706,0.7390980287309842,0.2554312518966811,0.3518401989705779,0.31417624521072796,0.05238095238095238,0.49339207048458145
temporal_1,logistic,isotonic,MCP,Global economics,42,0.9,0.9118942731277533,0.011894273127753263,1.6549192364170338,0.34508076358296624,0.6549192364170338,0.0,0.9904761904761905,0.7854406130268199,0.34508076358296624,0.2553191489361702,0.6549192364170338,235,0.0,0.011894273127753263,681,420,261,0.8882295970889931,0.9309380989877738,0.9757712649891934,0.9962903194210668,0.7316865105076941,0.8309142267918145,0.203815323910877,0.31469372988646155,0.21455938697318008,0.009523809523809525,0.6549192364170338
temporal_1,logistic,isotonic,MCP,Global economics,73,0.9,0.8487518355359766,0.05124816446402347,1.5080763582966226,0.4919236417033774,0.5080763582966226,0.0,0.9619047619047619,0.6666666666666666,0.4919236417033774,0.3074626865671642,0.5080763582966226,335,0.05124816446402347,0.0,681,420,261,0.8198901917328941,0.8737009947848676,0.9390194773205586,0.9764171604250264,0.6074238479573544,0.7210745691235667,0.2604646667066386,0.3588263124758606,0.3333333333333333,0.0380952380952381,0.5080763582966226
temporal_1,logistic,isotonic,MCP,Global economics,101,0.9,0.8972099853157122,0.002790014684287856,1.619676945668135,0.3803230543318649,0.6196769456681351,0.0,0.9571428571428572,0.8007662835249042,0.3803230543318649,0.2702702702702703,0.6196769456681351,259,0.002790014684287856,0.0,681,420,261,0.8721286006735659,0.9178352559708741,0.9332776936660707,0.9727214529687349,0.7481014234589441,0.8447060648365113,0.21983440915222088,0.3274211854030516,0.19923371647509577,0.04285714285714286,0.619676945668135
temporal_1,logistic,none,EIQ-batch,Accountancy,7,0.9,0.926241134751773,0.026241134751773032,1.7673758865248228,0.2326241134751773,0.7673758865248227,0.0,0.8797953964194374,0.9840764331210191,0.2326241134751773,0.3170731707317073,0.7673758865248227,164,0.0,0.026241134751773032,705,391,314,0.90455136119726,0.9433110098890602,0.8438116123470522,0.9083890326588565,0.9632719678361612,0.9931797207759825,0.25073670168479956,0.39178308799303974,0.01592356687898089,0.12020460358056266,0.7673758865248227
temporal_1,logistic,none,EIQ-batch,Accountancy,19,0.9,0.873758865248227,0.026241134751773032,1.55177304964539,0.4482269503546099,0.5517730496453901,0.0,0.9616368286445013,0.7643312101910829,0.4482269503546099,0.28164556962025317,0.5517730496453901,316,0.026241134751773032,0.0,705,391,314,0.8472000877222622,0.8962665837627476,0.93767519725984,0.9766158224274766,0.7143683206655775,0.8079046408792117,0.23490355404345634,0.33363268103742494,0.2356687898089172,0.03836317135549872,0.5517730496453901
temporal_1,logistic,none,EIQ-batch,Accountancy,42,0.9,0.8354609929078014,0.06453900709219862,1.5191489361702128,0.4808510638297872,0.5191489361702127,0.0,0.7902813299232737,0.89171974522293,0.4808510638297872,0.3421828908554572,0.5191489361702127,339,0.06453900709219862,0.0,705,391,314,0.8062882916403804,0.8609977341896187,0.7472023571371864,0.8277119405609323,0.8524977979141452,0.9214729764233133,0.2936993278683039,0.3942030618600022,0.10828025477707007,0.20971867007672634,0.5191489361702128
temporal_1,logistic,none,EIQ-batch,Accountancy,73,0.9,0.8482269503546099,0.05177304964539009,1.524822695035461,0.475177304964539,0.524822695035461,0.0,0.8158567774936062,0.8885350318471338,0.475177304964539,0.3194029850746269,0.524822695035461,335,0.05177304964539009,0.0,705,391,314,0.8198588995604439,0.8728206748212255,0.7744289476020182,0.8511385921840405,0.8489240760596866,0.9187542529579551,0.271764496791284,0.3711363441473392,0.11146496815286625,0.18414322250639387,0.524822695035461
temporal_1,logistic,none,EIQ-batch,Accountancy,101,0.9,0.9432624113475178,0.04326241134751774,1.7531914893617022,0.24680851063829787,0.7531914893617021,0.0,0.9667519181585678,0.9140127388535032,0.24680851063829787,0.22988505747126436,0.7531914893617021,174,0.0,0.04326241134751774,705,391,314,0.9236612186285426,0.9580592171933381,0.9439532048798736,0.9804684632250309,0.8777851556503441,0.9402327359258315,0.17360570195639696,0.29783363157508275,0.08598726114649681,0.03324808184143223,0.7531914893617021
temporal_1,logistic,none,EIQ-batch,Global economics,7,0.9,0.8751835535976505,0.02481644640234948,1.6284875183553598,0.37151248164464024,0.6284875183553598,0.0,0.8738095238095238,0.8773946360153256,0.37151248164464024,0.3359683794466403,0.6284875183553598,253,0.02481644640234948,0.0,681,420,261,0.8482361389965869,0.897921958499363,0.8386273275807891,0.9022157246153802,0.832042201921033,0.9117990413541563,0.2806054029975495,0.39623804594912587,0.12260536398467432,0.1261904761904762,0.6284875183553598
temporal_1,logistic,none,EIQ-batch,Global economics,19,0.9,0.8135095447870778,0.0864904552129222,1.4008810572687225,0.5991189427312775,0.4008810572687225,0.0,0.9333333333333333,0.6206896551724138,0.5991189427312775,0.3112745098039216,0.4008810572687225,408,0.0864904552129222,0.0,681,420,261,0.7825262639065853,0.840975707973592,0.9053356954475599,0.9534759956333497,0.5604756265494322,0.6774025375436488,0.26828267385508875,0.35778702675014373,0.3793103448275862,0.06666666666666667,0.4008810572687225
temporal_1,logistic,none,EIQ-batch,Global economics,42,0.9,0.7929515418502202,0.10704845814977981,1.3847283406754773,0.6152716593245228,0.38472834067547723,0.0,0.8380952380952381,0.7203065134099617,0.6152716593245228,0.33651551312649164,0.38472834067547723,419,0.10704845814977981,0.0,681,420,261,0.7609170765643593,0.8216995201105605,0.7998283518202007,0.8702335170451243,0.662959282727534,0.7712627628392009,0.2929384574987271,0.383063038707219,0.2796934865900383,0.1619047619047619,0.38472834067547723
temporal_1,logistic,none,EIQ-batch,Global economics,73,0.9,0.7870778267254038,0.1129221732745962,1.4126284875183555,0.5873715124816447,0.41262848751835535,0.0,0.8404761904761905,0.7011494252873564,0.5873715124816447,0.3625,0.41262848751835535,400,0.1129221732745962,0.0,681,420,261,0.754765258033989,0.816169802868,0.8023944326110481,0.8723861818096665,0.6430247228589625,0.753438883962839,0.31690439607300025,0.4107114848689313,0.2988505747126437,0.1595238095238095,0.41262848751835535
temporal_1,logistic,none,EIQ-batch,Global economics,101,0.9,0.8839941262848752,0.016005873715124852,1.5624082232011747,0.43759177679882527,0.5624082232011748,0.0,0.9571428571428572,0.7662835249042146,0.43759177679882527,0.2651006711409396,0.5624082232011748,298,0.016005873715124852,0.0,681,420,261,0.8577598889465794,0.9059205122087666,0.9332776936660707,0.9727214529687349,0.7113073728725811,0.8135349256819943,0.21820640336948988,0.31797394592054723,0.23371647509578544,0.04285714285714286,0.5624082232011747
temporal_1,logistic,none,EQ,Accountancy,7,0.9,0.9134751773049645,0.013475177304964503,1.6836879432624114,0.31631205673758866,0.6836879432624113,0.0,0.9360613810741688,0.8853503184713376,0.31631205673758866,0.273542600896861,0.6836879432624113,223,0.0,0.013475177304964503,705,391,314,0.8904171829226772,0.9320516396119729,0.9073180521714027,0.9563197254279739,0.8453589526953539,0.916026931002471,0.2192407229938258,0.3355143886816153,0.11464968152866242,0.0639386189258312,0.6836879432624113
temporal_1,logistic,none,EQ,Accountancy,19,0.9,0.8794326241134752,0.020567375886524797,1.5773049645390071,0.4226950354609929,0.577304964539007,0.0,0.9437340153452686,0.7993630573248408,0.4226950354609929,0.28523489932885904,0.577304964539007,298,0.020567375886524797,0.0,705,391,314,0.8533171159333297,0.9014355771302001,0.9162812959143202,0.9625524543114384,0.7515693893561906,0.8399204707065826,0.2369569094376259,0.3389794099132652,0.20063694267515925,0.056265984654731455,0.5773049645390071
temporal_1,logistic,none,EQ,Accountancy,42,0.9,0.9148936170212766,0.014893617021276562,1.7049645390070922,0.2950354609929078,0.7049645390070922,0.0,0.9335038363171355,0.89171974522293,0.2950354609929078,0.28846153846153844,0.7049645390070922,208,0.0,0.014893617021276562,705,391,314,0.8919806093358289,0.9333097185934514,0.9043519616177298,0.9542204917728527,0.8524977979141452,0.9214729764233133,0.2311691701037391,0.35342583556753243,0.10828025477707007,0.06649616368286446,0.7049645390070922
temporal_1,logistic,none,EQ,Accountancy,73,0.9,0.9035460992907801,0.0035460992907800915,1.6382978723404256,0.3617021276595745,0.6382978723404256,0.0,0.9335038363171355,0.8662420382165605,0.3617021276595745,0.26666666666666666,0.6382978723404256,255,0.0,0.0035460992907800915,705,391,314,0.8795169366701238,0.9232013481021163,0.9043519616177298,0.9542204917728527,0.8241331311454196,0.8994980806335049,0.21614598725305517,0.32411313297376193,0.1337579617834395,0.06649616368286446,0.6382978723404256
temporal_1,logistic,none,EQ,Accountancy,101,0.9,0.9234042553191489,0.023404255319148914,1.6865248226950356,0.31347517730496455,0.6865248226950355,0.0,0.9539641943734015,0.8853503184713376,0.31347517730496455,0.24434389140271492,0.6865248226950355,221,0.0,0.023404255319148914,705,391,314,0.9013975193828085,0.9408218409142517,0.9284104505187406,0.9706845965421939,0.8453589526953539,0.916026931002471,0.1923763350545974,0.3050473136234923,0.11464968152866242,0.04603580562659847,0.6865248226950355
temporal_1,logistic,none,EQ,Global economics,7,0.9,0.8281938325991189,0.07180616740088108,1.4654919236417034,0.5345080763582967,0.4654919236417034,0.0,0.919047619047619,0.6819923371647509,0.5345080763582967,0.32142857142857145,0.4654919236417034,364,0.07180616740088108,0.0,681,420,261,0.7980416892321458,0.8546641220803584,0.8890058266951069,0.9414933910534649,0.623203312940043,0.735501855136825,0.275530715554659,0.3710561579946626,0.31800766283524906,0.08095238095238096,0.46549192364170333
temporal_1,logistic,none,EQ,Global economics,19,0.9,0.8164464023494861,0.08355359765051396,1.4243759177679882,0.5756240822320118,0.4243759177679883,0.0,0.9071428571428571,0.6704980842911877,0.5756240822320118,0.31887755102040816,0.4243759177679883,392,0.08355359765051396,0.0,681,420,261,0.7856237377147149,0.8437190020519277,0.8755767254891207,0.931328764482503,0.6113624026473949,0.7246877021825129,0.2746911257892586,0.36657939594170974,0.32950191570881227,0.09285714285714286,0.4243759177679882
temporal_1,logistic,none,EQ,Global economics,42,0.9,0.8487518355359766,0.05124816446402347,1.4948604992657857,0.5051395007342144,0.4948604992657856,0.0,0.9285714285714286,0.7203065134099617,0.5051395007342144,0.29941860465116277,0.4948604992657856,344,0.05124816446402347,0.0,681,420,261,0.8198901917328941,0.8737009947848676,0.8998630370759932,0.9495111628941371,0.662959282727534,0.7712627628392009,0.25345168307350063,0.34981585016457584,0.2796934865900383,0.07142857142857142,0.49486049926578557
temporal_1,logistic,none,EQ,Global economics,73,0.9,0.8340675477239354,0.06593245227606459,1.4654919236417034,0.5345080763582967,0.4654919236417034,0.0,0.9404761904761905,0.6628352490421456,0.5345080763582967,0.31043956043956045,0.4654919236417034,364,0.06593245227606459,0.0,681,420,261,0.8042682785714297,0.8601190685140052,0.9136078748319504,0.9593600529151279,0.6034894401213049,0.7174572892106297,0.2650961313025776,0.3597422421574714,0.3371647509578544,0.05952380952380952,0.46549192364170333
temporal_1,logistic,none,EQ,Global economics,101,0.9,0.8472834067547724,0.052716593245227594,1.486049926578561,0.5139500734214391,0.48604992657856094,0.0,0.9380952380952381,0.7011494252873564,0.5139500734214391,0.29714285714285715,0.48604992657856094,350,0.052716593245227594,0.0,681,420,261,0.8183242631682136,0.8723465394063153,0.9108414891322402,0.9574076930594485,0.6430247228589625,0.753438883962839,0.2516774941443466,0.3470128332320246,0.2988505747126437,0.06190476190476191,0.48604992657856094
temporal_1,logistic,none,MCP,Accountancy,7,0.9,0.9148936170212766,0.014893617021276562,1.6964539007092199,0.30354609929078014,0.6964539007092199,0.0,0.9386189258312021,0.8853503184713376,0.30354609929078014,0.2803738317757009,0.6964539007092199,214,0.0,0.014893617021276562,705,391,314,0.8919806093358289,0.9333097185934514,0.9102945690212514,0.9584085327869194,0.8453589526953539,0.916026931002471,0.2244725919136657,0.34402093310733745,0.11464968152866242,0.061381074168797956,0.6964539007092199
temporal_1,logistic,none,MCP,Accountancy,19,0.9,0.8794326241134752,0.020567375886524797,1.5872340425531914,0.4127659574468085,0.5872340425531914,0.0,0.9437340153452686,0.7993630573248408,0.4127659574468085,0.2920962199312715,0.5872340425531914,291,0.020567375886524797,0.0,705,391,314,0.8533171159333297,0.9014355771302001,0.9162812959143202,0.9625524543114384,0.7515693893561906,0.8399204707065826,0.2428299761890058,0.3467799772959098,0.20063694267515925,0.056265984654731455,0.5872340425531914
temporal_1,logistic,none,MCP,Accountancy,42,0.9,0.924822695035461,0.024822695035460973,1.7333333333333334,0.26666666666666666,0.7333333333333333,0.0,0.9360613810741688,0.910828025477707,0.26666666666666666,0.28191489361702127,0.7333333333333333,188,0.0,0.024822695035460973,705,391,314,0.902973456574601,0.9420674091170893,0.9073180521714027,0.9563197254279739,0.8741406477789979,0.9375847984773609,0.22246388711083145,0.3500998303250237,0.08917197452229299,0.0639386189258312,0.7333333333333334
temporal_1,logistic,none,MCP,Accountancy,73,0.9,0.9290780141843972,0.02907801418439715,1.699290780141844,0.300709219858156,0.699290780141844,0.0,0.9744245524296675,0.8726114649681529,0.300709219858156,0.2358490566037736,0.699290780141844,212,0.0,0.02907801418439715,705,391,314,0.9077132806149898,0.9457921012605907,0.9535678949280253,0.9860497458032613,0.831178681669236,0.905037420749322,0.18372020640012682,0.2973804097097666,0.12738853503184713,0.02557544757033248,0.699290780141844
temporal_1,logistic,none,MCP,Accountancy,101,0.9,0.9290780141843972,0.02907801418439715,1.7163120567375887,0.28368794326241137,0.7163120567375887,0.0,0.9539641943734015,0.8980891719745223,0.28368794326241137,0.25,0.7163120567375887,200,0.0,0.02907801418439715,705,391,314,0.9077132806149898,0.9457921012605907,0.9284104505187406,0.9706845965421939,0.8596723562565116,0.9268833087205803,0.19508168006817497,0.31434098312045833,0.10191082802547771,0.04603580562659847,0.7163120567375887
temporal_1,logistic,none,MCP,Global economics,7,0.9,0.8370044052863436,0.06299559471365646,1.4831130690161527,0.5168869309838473,0.4831130690161527,0.0,0.919047619047619,0.7049808429118773,0.5168869309838473,0.3153409090909091,0.4831130690161527,352,0.06299559471365646,0.0,681,420,261,0.8073861886376493,0.8628419263342507,0.8890058266951069,0.9414933910534649,0.647002384483695,0.757012910087093,0.2690154765280454,0.36565328739047814,0.2950191570881226,0.08095238095238096,0.4831130690161527
temporal_1,logistic,none,MCP,Global economics,19,0.9,0.8237885462555066,0.07621145374449345,1.4419970631424377,0.5580029368575624,0.4419970631424376,0.0,0.9119047619047619,0.6819923371647509,0.5580029368575624,0.3157894736842105,0.4419970631424376,380,0.07621145374449345,0.0,681,420,261,0.7933795794372203,0.8505650800455857,0.880931016885516,0.935411964196887,0.623203312940043,0.735501855136825,0.27109512879110387,0.3641709510374461,0.31800766283524906,0.0880952380952381,0.4419970631424376
temporal_1,logistic,none,MCP,Global economics,42,0.9,0.8575624082232012,0.042437591776798844,1.5330396475770924,0.4669603524229075,0.5330396475770925,0.0,0.9285714285714286,0.7432950191570882,0.4669603524229075,0.3050314465408805,0.5330396475770925,318,0.042437591776798844,0.0,681,420,261,0.8293043208876101,0.8818091692895476,0.8998630370759932,0.9495111628941371,0.6870397291901007,0.7924924428705544,0.257003144054816,0.3577139888640865,0.2567049808429119,0.07142857142857142,0.5330396475770924
temporal_1,logistic,none,MCP,Global economics,73,0.9,0.8414096916299559,0.058590308370044086,1.487518355359765,0.5124816446402349,0.48751835535976507,0.0,0.9523809523809523,0.6628352490421456,0.5124816446402349,0.30945558739255014,0.48751835535976507,349,0.058590308370044086,0.0,681,420,261,0.8120690095998845,0.8669202572017137,0.9275962662742786,0.9689653892497477,0.6034894401213049,0.7174572892106297,0.26325149614287424,0.3598086724537317,0.3371647509578544,0.047619047619047616,0.48751835535976507
temporal_1,logistic,none,MCP,Global economics,101,0.9,0.8663729809104258,0.03362701908957422,1.5301027900146842,0.4698972099853157,0.5301027900146843,0.0,0.9380952380952381,0.7509578544061303,0.4698972099853157,0.284375,0.5301027900146843,320,0.03362701908957422,0.0,681,420,261,0.8387520416752392,0.8898837521613145,0.9108414891322402,0.9574076930594485,0.6951073289209553,0.7995282186376731,0.2377335802881249,0.3361319757078774,0.24904214559386972,0.06190476190476191,0.5301027900146843
temporal_1,logistic,platt,EIQ-batch,Accountancy,7,0.9,0.926241134751773,0.026241134751773032,1.7673758865248228,0.2326241134751773,0.7673758865248227,0.0,0.8797953964194374,0.9840764331210191,0.2326241134751773,0.3170731707317073,0.7673758865248227,164,0.0,0.026241134751773032,705,391,314,0.90455136119726,0.9433110098890602,0.8438116123470522,0.9083890326588565,0.9632719678361612,0.9931797207759825,0.25073670168479956,0.39178308799303974,0.01592356687898089,0.12020460358056266,0.7673758865248227
temporal_1,logistic,platt,EIQ-batch,Accountancy,19,0.9,0.873758865248227,0.026241134751773032,1.55177304964539,0.4482269503546099,0.5517730496453901,0.0,0.9616368286445013,0.7643312101910829,0.4482269503546099,0.28164556962025317,0.5517730496453901,316,0.026241134751773032,0.0,705,391,314,0.8472000877222622,0.8962665837627476,0.93767519725984,0.9766158224274766,0.7143683206655775,0.8079046408792117,0.23490355404345634,0.33363268103742494,0.2356687898089172,0.03836317135549872,0.5517730496453901
temporal_1,logistic,platt,EIQ-batch,Accountancy,42,0.9,0.8354609929078014,0.06453900709219862,1.5191489361702128,0.4808510638297872,0.5191489361702127,0.0,0.7902813299232737,0.89171974522293,0.4808510638297872,0.3421828908554572,0.5191489361702127,339,0.06453900709219862,0.0,705,391,314,0.8062882916403804,0.8609977341896187,0.7472023571371864,0.8277119405609323,0.8524977979141452,0.9214729764233133,0.2936993278683039,0.3942030618600022,0.10828025477707007,0.20971867007672634,0.5191489361702128
temporal_1,logistic,platt,EIQ-batch,Accountancy,73,0.9,0.8482269503546099,0.05177304964539009,1.524822695035461,0.475177304964539,0.524822695035461,0.0,0.8158567774936062,0.8885350318471338,0.475177304964539,0.3194029850746269,0.524822695035461,335,0.05177304964539009,0.0,705,391,314,0.8198588995604439,0.8728206748212255,0.7744289476020182,0.8511385921840405,0.8489240760596866,0.9187542529579551,0.271764496791284,0.3711363441473392,0.11146496815286625,0.18414322250639387,0.524822695035461
temporal_1,logistic,platt,EIQ-batch,Accountancy,101,0.9,0.9432624113475178,0.04326241134751774,1.7531914893617022,0.24680851063829787,0.7531914893617021,0.0,0.9667519181585678,0.9140127388535032,0.24680851063829787,0.22988505747126436,0.7531914893617021,174,0.0,0.04326241134751774,705,391,314,0.9236612186285426,0.9580592171933381,0.9439532048798736,0.9804684632250309,0.8777851556503441,0.9402327359258315,0.17360570195639696,0.29783363157508275,0.08598726114649681,0.03324808184143223,0.7531914893617021
temporal_1,logistic,platt,EIQ-batch,Global economics,7,0.9,0.8751835535976505,0.02481644640234948,1.6284875183553598,0.37151248164464024,0.6284875183553598,0.0,0.8738095238095238,0.8773946360153256,0.37151248164464024,0.3359683794466403,0.6284875183553598,253,0.02481644640234948,0.0,681,420,261,0.8482361389965869,0.897921958499363,0.8386273275807891,0.9022157246153802,0.832042201921033,0.9117990413541563,0.2806054029975495,0.39623804594912587,0.12260536398467432,0.1261904761904762,0.6284875183553598
temporal_1,logistic,platt,EIQ-batch,Global economics,19,0.9,0.8135095447870778,0.0864904552129222,1.4008810572687225,0.5991189427312775,0.4008810572687225,0.0,0.9333333333333333,0.6206896551724138,0.5991189427312775,0.3112745098039216,0.4008810572687225,408,0.0864904552129222,0.0,681,420,261,0.7825262639065853,0.840975707973592,0.9053356954475599,0.9534759956333497,0.5604756265494322,0.6774025375436488,0.26828267385508875,0.35778702675014373,0.3793103448275862,0.06666666666666667,0.4008810572687225
temporal_1,logistic,platt,EIQ-batch,Global economics,42,0.9,0.7929515418502202,0.10704845814977981,1.3847283406754773,0.6152716593245228,0.38472834067547723,0.0,0.8380952380952381,0.7203065134099617,0.6152716593245228,0.33651551312649164,0.38472834067547723,419,0.10704845814977981,0.0,681,420,261,0.7609170765643593,0.8216995201105605,0.7998283518202007,0.8702335170451243,0.662959282727534,0.7712627628392009,0.2929384574987271,0.383063038707219,0.2796934865900383,0.1619047619047619,0.38472834067547723
temporal_1,logistic,platt,EIQ-batch,Global economics,73,0.9,0.7870778267254038,0.1129221732745962,1.4126284875183555,0.5873715124816447,0.41262848751835535,0.0,0.8404761904761905,0.7011494252873564,0.5873715124816447,0.3625,0.41262848751835535,400,0.1129221732745962,0.0,681,420,261,0.754765258033989,0.816169802868,0.8023944326110481,0.8723861818096665,0.6430247228589625,0.753438883962839,0.31690439607300025,0.4107114848689313,0.2988505747126437,0.1595238095238095,0.41262848751835535
temporal_1,logistic,platt,EIQ-batch,Global economics,101,0.9,0.8839941262848752,0.016005873715124852,1.5624082232011747,0.43759177679882527,0.5624082232011748,0.0,0.9571428571428572,0.7662835249042146,0.43759177679882527,0.2651006711409396,0.5624082232011748,298,0.016005873715124852,0.0,681,420,261,0.8577598889465794,0.9059205122087666,0.9332776936660707,0.9727214529687349,0.7113073728725811,0.8135349256819943,0.21820640336948988,0.31797394592054723,0.23371647509578544,0.04285714285714286,0.5624082232011747
temporal_1,logistic,platt,EQ,Accountancy,7,0.9,0.9134751773049645,0.013475177304964503,1.6836879432624114,0.31631205673758866,0.6836879432624113,0.0,0.9360613810741688,0.8853503184713376,0.31631205673758866,0.273542600896861,0.6836879432624113,223,0.0,0.013475177304964503,705,391,314,0.8904171829226772,0.9320516396119729,0.9073180521714027,0.9563197254279739,0.8453589526953539,0.916026931002471,0.2192407229938258,0.3355143886816153,0.11464968152866242,0.0639386189258312,0.6836879432624113
temporal_1,logistic,platt,EQ,Accountancy,19,0.9,0.8794326241134752,0.020567375886524797,1.5773049645390071,0.4226950354609929,0.577304964539007,0.0,0.9437340153452686,0.7993630573248408,0.4226950354609929,0.28523489932885904,0.577304964539007,298,0.020567375886524797,0.0,705,391,314,0.8533171159333297,0.9014355771302001,0.9162812959143202,0.9625524543114384,0.7515693893561906,0.8399204707065826,0.2369569094376259,0.3389794099132652,0.20063694267515925,0.056265984654731455,0.5773049645390071
temporal_1,logistic,platt,EQ,Accountancy,42,0.9,0.9148936170212766,0.014893617021276562,1.7049645390070922,0.2950354609929078,0.7049645390070922,0.0,0.9335038363171355,0.89171974522293,0.2950354609929078,0.28846153846153844,0.7049645390070922,208,0.0,0.014893617021276562,705,391,314,0.8919806093358289,0.9333097185934514,0.9043519616177298,0.9542204917728527,0.8524977979141452,0.9214729764233133,0.2311691701037391,0.35342583556753243,0.10828025477707007,0.06649616368286446,0.7049645390070922
temporal_1,logistic,platt,EQ,Accountancy,73,0.9,0.9035460992907801,0.0035460992907800915,1.6382978723404256,0.3617021276595745,0.6382978723404256,0.0,0.9335038363171355,0.8662420382165605,0.3617021276595745,0.26666666666666666,0.6382978723404256,255,0.0,0.0035460992907800915,705,391,314,0.8795169366701238,0.9232013481021163,0.9043519616177298,0.9542204917728527,0.8241331311454196,0.8994980806335049,0.21614598725305517,0.32411313297376193,0.1337579617834395,0.06649616368286446,0.6382978723404256
temporal_1,logistic,platt,EQ,Accountancy,101,0.9,0.9234042553191489,0.023404255319148914,1.6865248226950356,0.31347517730496455,0.6865248226950355,0.0,0.9539641943734015,0.8853503184713376,0.31347517730496455,0.24434389140271492,0.6865248226950355,221,0.0,0.023404255319148914,705,391,314,0.9013975193828085,0.9408218409142517,0.9284104505187406,0.9706845965421939,0.8453589526953539,0.916026931002471,0.1923763350545974,0.3050473136234923,0.11464968152866242,0.04603580562659847,0.6865248226950355
temporal_1,logistic,platt,EQ,Global economics,7,0.9,0.8281938325991189,0.07180616740088108,1.4654919236417034,0.5345080763582967,0.4654919236417034,0.0,0.919047619047619,0.6819923371647509,0.5345080763582967,0.32142857142857145,0.4654919236417034,364,0.07180616740088108,0.0,681,420,261,0.7980416892321458,0.8546641220803584,0.8890058266951069,0.9414933910534649,0.623203312940043,0.735501855136825,0.275530715554659,0.3710561579946626,0.31800766283524906,0.08095238095238096,0.46549192364170333
temporal_1,logistic,platt,EQ,Global economics,19,0.9,0.8164464023494861,0.08355359765051396,1.4243759177679882,0.5756240822320118,0.4243759177679883,0.0,0.9071428571428571,0.6704980842911877,0.5756240822320118,0.31887755102040816,0.4243759177679883,392,0.08355359765051396,0.0,681,420,261,0.7856237377147149,0.8437190020519277,0.8755767254891207,0.931328764482503,0.6113624026473949,0.7246877021825129,0.2746911257892586,0.36657939594170974,0.32950191570881227,0.09285714285714286,0.4243759177679882
temporal_1,logistic,platt,EQ,Global economics,42,0.9,0.8487518355359766,0.05124816446402347,1.4948604992657857,0.5051395007342144,0.4948604992657856,0.0,0.9285714285714286,0.7203065134099617,0.5051395007342144,0.29941860465116277,0.4948604992657856,344,0.05124816446402347,0.0,681,420,261,0.8198901917328941,0.8737009947848676,0.8998630370759932,0.9495111628941371,0.662959282727534,0.7712627628392009,0.25345168307350063,0.34981585016457584,0.2796934865900383,0.07142857142857142,0.49486049926578557
temporal_1,logistic,platt,EQ,Global economics,73,0.9,0.8340675477239354,0.06593245227606459,1.4654919236417034,0.5345080763582967,0.4654919236417034,0.0,0.9404761904761905,0.6628352490421456,0.5345080763582967,0.31043956043956045,0.4654919236417034,364,0.06593245227606459,0.0,681,420,261,0.8042682785714297,0.8601190685140052,0.9136078748319504,0.9593600529151279,0.6034894401213049,0.7174572892106297,0.2650961313025776,0.3597422421574714,0.3371647509578544,0.05952380952380952,0.46549192364170333
temporal_1,logistic,platt,EQ,Global economics,101,0.9,0.8472834067547724,0.052716593245227594,1.486049926578561,0.5139500734214391,0.48604992657856094,0.0,0.9380952380952381,0.7011494252873564,0.5139500734214391,0.29714285714285715,0.48604992657856094,350,0.052716593245227594,0.0,681,420,261,0.8183242631682136,0.8723465394063153,0.9108414891322402,0.9574076930594485,0.6430247228589625,0.753438883962839,0.2516774941443466,0.3470128332320246,0.2988505747126437,0.06190476190476191,0.48604992657856094
temporal_1,logistic,platt,MCP,Accountancy,7,0.9,0.9148936170212766,0.014893617021276562,1.6964539007092199,0.30354609929078014,0.6964539007092199,0.0,0.9386189258312021,0.8853503184713376,0.30354609929078014,0.2803738317757009,0.6964539007092199,214,0.0,0.014893617021276562,705,391,314,0.8919806093358289,0.9333097185934514,0.9102945690212514,0.9584085327869194,0.8453589526953539,0.916026931002471,0.2244725919136657,0.34402093310733745,0.11464968152866242,0.061381074168797956,0.6964539007092199
temporal_1,logistic,platt,MCP,Accountancy,19,0.9,0.8794326241134752,0.020567375886524797,1.5872340425531914,0.4127659574468085,0.5872340425531914,0.0,0.9437340153452686,0.7993630573248408,0.4127659574468085,0.2920962199312715,0.5872340425531914,291,0.020567375886524797,0.0,705,391,314,0.8533171159333297,0.9014355771302001,0.9162812959143202,0.9625524543114384,0.7515693893561906,0.8399204707065826,0.2428299761890058,0.3467799772959098,0.20063694267515925,0.056265984654731455,0.5872340425531914
temporal_1,logistic,platt,MCP,Accountancy,42,0.9,0.924822695035461,0.024822695035460973,1.7333333333333334,0.26666666666666666,0.7333333333333333,0.0,0.9360613810741688,0.910828025477707,0.26666666666666666,0.28191489361702127,0.7333333333333333,188,0.0,0.024822695035460973,705,391,314,0.902973456574601,0.9420674091170893,0.9073180521714027,0.9563197254279739,0.8741406477789979,0.9375847984773609,0.22246388711083145,0.3500998303250237,0.08917197452229299,0.0639386189258312,0.7333333333333334
temporal_1,logistic,platt,MCP,Accountancy,73,0.9,0.9290780141843972,0.02907801418439715,1.699290780141844,0.300709219858156,0.699290780141844,0.0,0.9744245524296675,0.8726114649681529,0.300709219858156,0.2358490566037736,0.699290780141844,212,0.0,0.02907801418439715,705,391,314,0.9077132806149898,0.9457921012605907,0.9535678949280253,0.9860497458032613,0.831178681669236,0.905037420749322,0.18372020640012682,0.2973804097097666,0.12738853503184713,0.02557544757033248,0.699290780141844
temporal_1,logistic,platt,MCP,Accountancy,101,0.9,0.9290780141843972,0.02907801418439715,1.7163120567375887,0.28368794326241137,0.7163120567375887,0.0,0.9539641943734015,0.8980891719745223,0.28368794326241137,0.25,0.7163120567375887,200,0.0,0.02907801418439715,705,391,314,0.9077132806149898,0.9457921012605907,0.9284104505187406,0.9706845965421939,0.8596723562565116,0.9268833087205803,0.19508168006817497,0.31434098312045833,0.10191082802547771,0.04603580562659847,0.7163120567375887
temporal_1,logistic,platt,MCP,Global economics,7,0.9,0.8370044052863436,0.06299559471365646,1.4831130690161527,0.5168869309838473,0.4831130690161527,0.0,0.919047619047619,0.7049808429118773,0.5168869309838473,0.3153409090909091,0.4831130690161527,352,0.06299559471365646,0.0,681,420,261,0.8073861886376493,0.8628419263342507,0.8890058266951069,0.9414933910534649,0.647002384483695,0.757012910087093,0.2690154765280454,0.36565328739047814,0.2950191570881226,0.08095238095238096,0.4831130690161527
temporal_1,logistic,platt,MCP,Global economics,19,0.9,0.8237885462555066,0.07621145374449345,1.4419970631424377,0.5580029368575624,0.4419970631424376,0.0,0.9119047619047619,0.6819923371647509,0.5580029368575624,0.3157894736842105,0.4419970631424376,380,0.07621145374449345,0.0,681,420,261,0.7933795794372203,0.8505650800455857,0.880931016885516,0.935411964196887,0.623203312940043,0.735501855136825,0.27109512879110387,0.3641709510374461,0.31800766283524906,0.0880952380952381,0.4419970631424376
temporal_1,logistic,platt,MCP,Global economics,42,0.9,0.8575624082232012,0.042437591776798844,1.5330396475770924,0.4669603524229075,0.5330396475770925,0.0,0.9285714285714286,0.7432950191570882,0.4669603524229075,0.3050314465408805,0.5330396475770925,318,0.042437591776798844,0.0,681,420,261,0.8293043208876101,0.8818091692895476,0.8998630370759932,0.9495111628941371,0.6870397291901007,0.7924924428705544,0.257003144054816,0.3577139888640865,0.2567049808429119,0.07142857142857142,0.5330396475770924
temporal_1,logistic,platt,MCP,Global economics,73,0.9,0.8414096916299559,0.058590308370044086,1.487518355359765,0.5124816446402349,0.48751835535976507,0.0,0.9523809523809523,0.6628352490421456,0.5124816446402349,0.30945558739255014,0.48751835535976507,349,0.058590308370044086,0.0,681,420,261,0.8120690095998845,0.8669202572017137,0.9275962662742786,0.9689653892497477,0.6034894401213049,0.7174572892106297,0.26325149614287424,0.3598086724537317,0.3371647509578544,0.047619047619047616,0.48751835535976507
temporal_1,logistic,platt,MCP,Global economics,101,0.9,0.8663729809104258,0.03362701908957422,1.5301027900146842,0.4698972099853157,0.5301027900146843,0.0,0.9380952380952381,0.7509578544061303,0.4698972099853157,0.284375,0.5301027900146843,320,0.03362701908957422,0.0,681,420,261,0.8387520416752392,0.8898837521613145,0.9108414891322402,0.9574076930594485,0.6951073289209553,0.7995282186376731,0.2377335802881249,0.3361319757078774,0.24904214559386972,0.06190476190476191,0.5301027900146843
temporal_2,catboost,isotonic,EIQ-batch,Accountancy,7,0.9,0.7275242047026279,0.17247579529737211,1.1507607192254494,0.8492392807745505,0.1507607192254495,0.0,0.9978118161925602,0.2631578947368421,0.8492392807745505,0.32084690553745926,0.1507607192254495,614,0.17247579529737211,0.0,723,457,266,0.6939313732258034,0.758712041658379,0.9877107361507956,0.9996136273393242,0.2138816082258192,0.31917754231885215,0.28513593800027937,0.35878565894155534,0.7368421052631579,0.002188183807439825,0.15076071922544954
temporal_2,catboost,isotonic,EIQ-batch,Accountancy,19,0.9,0.9986168741355463,0.09861687413554632,1.991701244813278,0.008298755186721992,0.991701244813278,0.0,0.9978118161925602,1.0,0.008298755186721992,0.16666666666666666,0.991701244813278,6,0.0,0.09861687413554632,723,457,266,0.9922074257790947,0.999755802584114,0.9877107361507956,0.9996136273393242,0.9857640155168048,1.0,0.030053369748306635,0.5635028221864702,0.0,0.002188183807439825,0.991701244813278
temporal_2,catboost,isotonic,EIQ-batch,Accountancy,42,0.9,0.7676348547717843,0.13236514522821574,1.3001383125864454,0.6998616874135546,0.30013831258644535,0.0,0.9956236323851203,0.37593984962406013,0.6998616874135546,0.33201581027667987,0.30013831258644535,506,0.13236514522821574,0.0,723,457,266,0.7354840765106943,0.7969566577147729,0.9841854555926877,0.9987990205853874,0.3198871961031131,0.43552473989647666,0.292383601006849,0.37417941175161884,0.6240601503759399,0.00437636761487965,0.3001383125864454
temporal_2,catboost,isotonic,EIQ-batch,Accountancy,73,0.9,0.8049792531120332,0.0950207468879668,1.3195020746887967,0.6804979253112033,0.31950207468879666,0.0,0.9956236323851203,0.4774436090225564,0.6804979253112033,0.2865853658536585,0.31950207468879666,492,0.0950207468879668,0.0,723,457,266,0.774517788290623,0.8322170018732814,0.9841854555926877,0.9987990205853874,0.4181672710356362,0.5373621718733801,0.2484052038602746,0.3280723248654141,0.5225563909774437,0.00437636761487965,0.31950207468879666
temporal_2,catboost,isotonic,EIQ-batch,Accountancy,101,0.9,0.7925311203319502,0.10746887966804985,1.313969571230982,0.686030428769018,0.313969571230982,0.0,0.9934354485776805,0.4473684210526316,0.686030428769018,0.3024193548387097,0.313969571230982,496,0.10746887966804985,0.0,723,457,266,0.7614655278182048,0.8205045770328872,0.9808795889404179,0.9977649999256127,0.38878706183305556,0.5074483049546492,0.2636436305730933,0.3442320337176709,0.5526315789473685,0.006564551422319475,0.313969571230982
temporal_2,catboost,isotonic,EIQ-batch,Global economics,7,0.9,0.8461538461538461,0.05384615384615388,1.569526627218935,0.43047337278106507,0.5695266272189349,0.0,0.9704918032786886,0.7439353099730458,0.43047337278106507,0.35738831615120276,0.5695266272189349,291,0.05384615384615388,0.0,676,305,371,0.8170060484590268,0.8713897443068764,0.9448799285390199,0.984399453497008,0.6971805703863008,0.7856902427021244,0.30451345891991316,0.4139793190904008,0.2560646900269542,0.029508196721311476,0.569526627218935
temporal_2,catboost,isotonic,EIQ-batch,Global economics,19,0.9,0.9911242603550295,0.09112426035502952,1.9541420118343196,0.04585798816568047,0.9541420118343196,0.0,0.980327868852459,1.0,0.04585798816568047,0.1935483870967742,0.9541420118343196,31,0.0,0.09112426035502952,676,305,371,0.9807723029975685,0.995926001268585,0.9577531652219773,0.9909536603409363,0.989751777103899,1.0,0.09187008361586096,0.36280257811795463,0.0,0.019672131147540985,0.9541420118343196
temporal_2,catboost,isotonic,EIQ-batch,Global economics,42,0.9,0.8890532544378699,0.010946745562130156,1.668639053254438,0.33136094674556216,0.6686390532544378,0.0,0.9770491803278688,0.816711590296496,0.33136094674556216,0.33482142857142855,0.6686390532544378,224,0.010946745562130156,0.0,676,305,371,0.8631444293553591,0.9105653719157204,0.9533919155302109,0.9888390955237407,0.7741640797725343,0.8527676388781834,0.2762647187222824,0.3989480349924124,0.18328840970350405,0.022950819672131147,0.6686390532544378
temporal_2,catboost,isotonic,EIQ-batch,Global economics,73,0.9,0.9260355029585798,0.026035502958579815,1.7485207100591715,0.2514792899408284,0.7485207100591716,0.0,0.9540983606557377,0.9029649595687331,0.2514792899408284,0.29411764705882354,0.7485207100591716,170,0.0,0.026035502958579815,676,305,371,0.9038084774564628,0.9434478828708028,0.92443697021301,0.9724633392782087,0.8685863885204783,0.9290841811670307,0.23078185310002833,0.366552404936771,0.09703504043126684,0.04590163934426229,0.7485207100591715
temporal_2,catboost,isotonic,EIQ-batch,Global economics,101,0.9,0.8727810650887574,0.02721893491124261,1.5976331360946745,0.40236686390532544,0.5976331360946746,0.0,0.9311475409836065,0.8247978436657682,0.40236686390532544,0.3161764705882353,0.5976331360946746,272,0.02721893491124261,0.0,676,305,371,0.8455382591075187,0.8958110561788388,0.8970411104763275,0.9545284974521578,0.7828426591493304,0.8600958267860866,0.26380422760608335,0.3736686873519135,0.1752021563342318,0.06885245901639345,0.5976331360946745
temporal_2,catboost,isotonic,EQ,Accountancy,7,0.9,0.7275242047026279,0.17247579529737211,1.1507607192254494,0.8492392807745505,0.1507607192254495,0.0,0.9978118161925602,0.2631578947368421,0.8492392807745505,0.32084690553745926,0.1507607192254495,614,0.17247579529737211,0.0,723,457,266,0.6939313732258034,0.758712041658379,0.9877107361507956,0.9996136273393242,0.2138816082258192,0.31917754231885215,0.28513593800027937,0.35878565894155534,0.7368421052631579,0.002188183807439825,0.15076071922544954
temporal_2,catboost,isotonic,EQ,Accountancy,19,0.9,0.7648686030428768,0.13513139695712317,1.2226832641770402,0.7773167358229599,0.22268326417704012,0.0,0.9978118161925602,0.36466165413533835,0.7773167358229599,0.302491103202847,0.22268326417704012,562,0.13513139695712317,0.0,723,457,266,0.7326067259302385,0.7943307448923813,0.9877107361507956,0.9996136273393242,0.3091256865713012,0.4240509708827968,0.265961195003994,0.3417027600856805,0.6353383458646616,0.002188183807439825,0.2226832641770401
temporal_2,catboost,isotonic,EQ,Accountancy,42,0.9,0.7676348547717843,0.13236514522821574,1.3001383125864454,0.6998616874135546,0.30013831258644535,0.0,0.9956236323851203,0.37593984962406013,0.6998616874135546,0.33201581027667987,0.30013831258644535,506,0.13236514522821574,0.0,723,457,266,0.7354840765106943,0.7969566577147729,0.9841854555926877,0.9987990205853874,0.3198871961031131,0.43552473989647666,0.292383601006849,0.37417941175161884,0.6240601503759399,0.00437636761487965,0.3001383125864454
temporal_2,catboost,isotonic,EQ,Accountancy,73,0.9,0.8049792531120332,0.0950207468879668,1.3195020746887967,0.6804979253112033,0.31950207468879666,0.0,0.9956236323851203,0.4774436090225564,0.6804979253112033,0.2865853658536585,0.31950207468879666,492,0.0950207468879668,0.0,723,457,266,0.774517788290623,0.8322170018732814,0.9841854555926877,0.9987990205853874,0.4181672710356362,0.5373621718733801,0.2484052038602746,0.3280723248654141,0.5225563909774437,0.00437636761487965,0.31950207468879666
temporal_2,catboost,isotonic,EQ,Accountancy,101,0.9,0.7966804979253111,0.10331950207468887,1.3374827109266942,0.6625172890733056,0.33748271092669435,0.0,1.0,0.4473684210526316,0.6625172890733056,0.3068893528183716,0.33748271092669435,479,0.10331950207468887,0.0,723,457,266,0.765811489934391,0.8244135100209716,0.9916642508021641,1.0,0.38878706183305556,0.5074483049546492,0.2672595393076649,0.3495919206894752,0.5526315789473685,0.0,0.33748271092669435
temporal_2,catboost,isotonic,EQ,Global economics,7,0.9,0.8461538461538461,0.05384615384615388,1.569526627218935,0.43047337278106507,0.5695266272189349,0.0,0.9704918032786886,0.7439353099730458,0.43047337278106507,0.35738831615120276,0.5695266272189349,291,0.05384615384615388,0.0,676,305,371,0.8170060484590268,0.8713897443068764,0.9448799285390199,0.984399453497008,0.6971805703863008,0.7856902427021244,0.30451345891991316,0.4139793190904008,0.2560646900269542,0.029508196721311476,0.569526627218935
temporal_2,catboost,isotonic,EQ,Global economics,19,0.9,0.886094674556213,0.013905325443786976,1.7100591715976332,0.28994082840236685,0.7100591715976331,0.0,0.980327868852459,0.8086253369272237,0.28994082840236685,0.39285714285714285,0.7100591715976331,196,0.013905325443786976,0.0,676,305,371,0.85993238406397,0.9078936924826145,0.9577531652219773,0.9909536603409363,0.765513504505698,0.8454114468603207,0.3271730069022,0.46266039279448606,0.19137466307277629,0.019672131147540985,0.7100591715976332
temporal_2,catboost,isotonic,EQ,Global economics,42,0.9,0.8890532544378699,0.010946745562130156,1.668639053254438,0.33136094674556216,0.6686390532544378,0.0,0.9770491803278688,0.816711590296496,0.33136094674556216,0.33482142857142855,0.6686390532544378,224,0.010946745562130156,0.0,676,305,371,0.8631444293553591,0.9105653719157204,0.9533919155302109,0.9888390955237407,0.7741640797725343,0.8527676388781834,0.2762647187222824,0.3989480349924124,0.18328840970350405,0.022950819672131147,0.6686390532544378
temporal_2,catboost,isotonic,EQ,Global economics,73,0.9,0.9260355029585798,0.026035502958579815,1.7485207100591715,0.2514792899408284,0.7485207100591716,0.0,0.9540983606557377,0.9029649595687331,0.2514792899408284,0.29411764705882354,0.7485207100591716,170,0.0,0.026035502958579815,676,305,371,0.9038084774564628,0.9434478828708028,0.92443697021301,0.9724633392782087,0.8685863885204783,0.9290841811670307,0.23078185310002833,0.366552404936771,0.09703504043126684,0.04590163934426229,0.7485207100591715
temporal_2,catboost,isotonic,EQ,Global economics,101,0.9,0.8979289940828402,0.002071005917159807,1.735207100591716,0.26479289940828404,0.735207100591716,0.0,0.9868852459016394,0.8247978436657682,0.26479289940828404,0.3854748603351955,0.735207100591716,179,0.002071005917159807,0.0,676,305,371,0.8728125998290346,0.9185483756155295,0.9667700275785158,0.9948884270023215,0.7828426591493304,0.8600958267860866,0.31729297740645396,0.45846903923657006,0.1752021563342318,0.013114754098360656,0.735207100591716
temporal_2,catboost,isotonic,MCP,Accountancy,7,0.9,0.7275242047026279,0.17247579529737211,1.1507607192254494,0.8492392807745505,0.1507607192254495,0.0,0.9978118161925602,0.2631578947368421,0.8492392807745505,0.32084690553745926,0.1507607192254495,614,0.17247579529737211,0.0,723,457,266,0.6939313732258034,0.758712041658379,0.9877107361507956,0.9996136273393242,0.2138816082258192,0.31917754231885215,0.28513593800027937,0.35878565894155534,0.7368421052631579,0.002188183807439825,0.15076071922544954
temporal_2,catboost,isotonic,MCP,Accountancy,19,0.9,0.7648686030428768,0.13513139695712317,1.2226832641770402,0.7773167358229599,0.22268326417704012,0.0,0.9978118161925602,0.36466165413533835,0.7773167358229599,0.302491103202847,0.22268326417704012,562,0.13513139695712317,0.0,723,457,266,0.7326067259302385,0.7943307448923813,0.9877107361507956,0.9996136273393242,0.3091256865713012,0.4240509708827968,0.265961195003994,0.3417027600856805,0.6353383458646616,0.002188183807439825,0.2226832641770401
temporal_2,catboost,isotonic,MCP,Accountancy,42,0.9,0.7676348547717843,0.13236514522821574,1.3001383125864454,0.6998616874135546,0.30013831258644535,0.0,0.9956236323851203,0.37593984962406013,0.6998616874135546,0.33201581027667987,0.30013831258644535,506,0.13236514522821574,0.0,723,457,266,0.7354840765106943,0.7969566577147729,0.9841854555926877,0.9987990205853874,0.3198871961031131,0.43552473989647666,0.292383601006849,0.37417941175161884,0.6240601503759399,0.00437636761487965,0.3001383125864454
temporal_2,catboost,isotonic,MCP,Accountancy,73,0.9,0.8049792531120332,0.0950207468879668,1.3195020746887967,0.6804979253112033,0.31950207468879666,0.0,0.9956236323851203,0.4774436090225564,0.6804979253112033,0.2865853658536585,0.31950207468879666,492,0.0950207468879668,0.0,723,457,266,0.774517788290623,0.8322170018732814,0.9841854555926877,0.9987990205853874,0.4181672710356362,0.5373621718733801,0.2484052038602746,0.3280723248654141,0.5225563909774437,0.00437636761487965,0.31950207468879666
temporal_2,catboost,isotonic,MCP,Accountancy,101,0.9,0.7966804979253111,0.10331950207468887,1.3374827109266942,0.6625172890733056,0.33748271092669435,0.0,1.0,0.4473684210526316,0.6625172890733056,0.3068893528183716,0.33748271092669435,479,0.10331950207468887,0.0,723,457,266,0.765811489934391,0.8244135100209716,0.9916642508021641,1.0,0.38878706183305556,0.5074483049546492,0.2672595393076649,0.3495919206894752,0.5526315789473685,0.0,0.33748271092669435
temporal_2,catboost,isotonic,MCP,Global economics,7,0.9,0.8461538461538461,0.05384615384615388,1.569526627218935,0.43047337278106507,0.5695266272189349,0.0,0.9704918032786886,0.7439353099730458,0.43047337278106507,0.35738831615120276,0.5695266272189349,291,0.05384615384615388,0.0,676,305,371,0.8170060484590268,0.8713897443068764,0.9448799285390199,0.984399453497008,0.6971805703863008,0.7856902427021244,0.30451345891991316,0.4139793190904008,0.2560646900269542,0.029508196721311476,0.569526627218935
temporal_2,catboost,isotonic,MCP,Global economics,19,0.9,0.886094674556213,0.013905325443786976,1.7100591715976332,0.28994082840236685,0.7100591715976331,0.0,0.980327868852459,0.8086253369272237,0.28994082840236685,0.39285714285714285,0.7100591715976331,196,0.013905325443786976,0.0,676,305,371,0.85993238406397,0.9078936924826145,0.9577531652219773,0.9909536603409363,0.765513504505698,0.8454114468603207,0.3271730069022,0.46266039279448606,0.19137466307277629,0.019672131147540985,0.7100591715976332
temporal_2,catboost,isotonic,MCP,Global economics,42,0.9,0.8890532544378699,0.010946745562130156,1.668639053254438,0.33136094674556216,0.6686390532544378,0.0,0.9770491803278688,0.816711590296496,0.33136094674556216,0.33482142857142855,0.6686390532544378,224,0.010946745562130156,0.0,676,305,371,0.8631444293553591,0.9105653719157204,0.9533919155302109,0.9888390955237407,0.7741640797725343,0.8527676388781834,0.2762647187222824,0.3989480349924124,0.18328840970350405,0.022950819672131147,0.6686390532544378
temporal_2,catboost,isotonic,MCP,Global economics,73,0.9,0.9260355029585798,0.026035502958579815,1.7485207100591715,0.2514792899408284,0.7485207100591716,0.0,0.9540983606557377,0.9029649595687331,0.2514792899408284,0.29411764705882354,0.7485207100591716,170,0.0,0.026035502958579815,676,305,371,0.9038084774564628,0.9434478828708028,0.92443697021301,0.9724633392782087,0.8685863885204783,0.9290841811670307,0.23078185310002833,0.366552404936771,0.09703504043126684,0.04590163934426229,0.7485207100591715
temporal_2,catboost,isotonic,MCP,Global economics,101,0.9,0.8979289940828402,0.002071005917159807,1.735207100591716,0.26479289940828404,0.735207100591716,0.0,0.9868852459016394,0.8247978436657682,0.26479289940828404,0.3854748603351955,0.735207100591716,179,0.002071005917159807,0.0,676,305,371,0.8728125998290346,0.9185483756155295,0.9667700275785158,0.9948884270023215,0.7828426591493304,0.8600958267860866,0.31729297740645396,0.45846903923657006,0.1752021563342318,0.013114754098360656,0.735207100591716
temporal_2,catboost,none,EIQ-batch,Accountancy,7,0.9,0.7012448132780082,0.19875518672199177,1.0829875518672198,0.91701244813278,0.08298755186721991,0.0,0.9715536105032823,0.23684210526315788,0.91701244813278,0.3257918552036199,0.08298755186721991,663,0.19875518672199177,0.0,723,457,266,0.6668890022108361,0.733473410346298,0.9519439701316761,0.9833017456139097,0.18972428942742983,0.2914525445110938,0.2912096174878696,0.36238120692109504,0.7631578947368421,0.028446389496717725,0.08298755186721996
temporal_2,catboost,none,EIQ-batch,Accountancy,19,0.9,0.9045643153526971,0.004564315352697079,1.5560165975103735,0.44398340248962653,0.5560165975103735,0.0,0.9890590809628009,0.7593984962406015,0.44398340248962653,0.21495327102803738,0.5560165975103735,321,0.0,0.004564315352697079,723,457,266,0.8809592813647222,0.9238929913016816,0.974646924229439,0.9953178900125029,0.7045712931561322,0.80684011339018,0.17352546608840988,0.2631227971463262,0.24060150375939848,0.010940919037199124,0.5560165975103735
temporal_2,catboost,none,EIQ-batch,Accountancy,42,0.9,0.7164591977869986,0.1835408022130014,1.170124481327801,0.8298755186721992,0.17012448132780084,0.0,0.986870897155361,0.2518796992481203,0.8298755186721992,0.3416666666666667,0.17012448132780084,600,0.1835408022130014,0.0,723,457,266,0.6825285869675058,0.7481017743052879,0.971655630061971,0.9939692968679263,0.20349803446863415,0.30732583753054543,0.3048327476564238,0.3805151243312482,0.7481203007518797,0.01312910284463895,0.17012448132780078
temporal_2,catboost,none,EIQ-batch,Accountancy,73,0.9,0.7551867219917012,0.1448132780082988,1.1991701244813278,0.8008298755186722,0.1991701244813278,0.0,0.9824945295404814,0.36466165413533835,0.8008298755186722,0.30569948186528495,0.1991701244813278,579,0.1448132780082988,0.0,723,457,266,0.7225500992155338,0.7851259496971208,0.9658415468623841,0.9911036054434242,0.3091256865713012,0.4240509708827968,0.2695562566260683,0.34440394370824035,0.6353383458646616,0.0175054704595186,0.19917012448132776
temporal_2,catboost,none,EIQ-batch,Accountancy,101,0.9,0.7662517289073306,0.1337482710926694,1.2503457814661134,0.7496542185338866,0.2503457814661134,0.0,0.9846827133479212,0.39097744360902253,0.7496542185338866,0.3118081180811808,0.2503457814661134,542,0.1337482710926694,0.0,723,457,266,0.7340451738036355,0.795643928720408,0.9687241098327282,0.9925609297851246,0.334286914815448,0.4507720592447975,0.2742490489883398,0.35201605655943646,0.6090225563909775,0.015317286652078774,0.2503457814661134
temporal_2,catboost,none,EIQ-batch,Global economics,7,0.9,0.7677514792899408,0.13224852071005921,1.3106508875739644,0.6893491124260355,0.3106508875739645,0.0,0.8918032786885246,0.6657681940700808,0.6893491124260355,0.3369098712446352,0.3106508875739645,466,0.13224852071005921,0.0,676,305,371,0.7344607426639131,0.7980163449028752,0.8519453148979848,0.9219145189229583,0.6162851636873657,0.7118535656489672,0.2954843760891156,0.3810022405208334,0.33423180592991913,0.10819672131147541,0.31065088757396453
temporal_2,catboost,none,EIQ-batch,Global economics,19,0.9,0.9201183431952663,0.020118343195266286,1.757396449704142,0.24260355029585798,0.757396449704142,0.0,0.8950819672131147,0.9407008086253369,0.24260355029585798,0.32926829268292684,0.757396449704142,164,0.0,0.020118343195266286,676,305,371,0.8972273420424396,0.9382615688358363,0.8556391209588947,0.9246965273710102,0.9118518704102327,0.9605169466058723,0.26197215963976533,0.40437964405955135,0.05929919137466307,0.10491803278688525,0.757396449704142
temporal_2,catboost,none,EIQ-batch,Global economics,42,0.9,0.7766272189349113,0.12337278106508875,1.4068047337278107,0.5931952662721893,0.4068047337278107,0.0,0.9311475409836065,0.6495956873315364,0.5931952662721893,0.3765586034912718,0.4068047337278107,401,0.12337278106508875,0.0,676,305,371,0.743716388844917,0.8064118728953562,0.8970411104763275,0.9545284974521578,0.5997401135452823,0.6963850812216524,0.3305178046624547,0.42494202327021874,0.3504043126684636,0.06885245901639345,0.4068047337278107
temporal_2,catboost,none,EIQ-batch,Global economics,73,0.9,0.8668639053254438,0.03313609467455625,1.599112426035503,0.40088757396449703,0.599112426035503,0.0,0.9245901639344263,0.8194070080862533,0.40088757396449703,0.33210332103321033,0.599112426035503,271,0.03313609467455625,0.0,676,305,371,0.8391700654096826,0.890411800427685,0.8893903011176989,0.949227677792863,0.7770537575563005,0.8552135501893169,0.27872071178582325,0.39017931373991754,0.18059299191374664,0.07540983606557378,0.599112426035503
temporal_2,catboost,none,EIQ-batch,Global economics,101,0.9,0.8357988165680473,0.06420118343195269,1.5162721893491125,0.48372781065088755,0.5162721893491125,0.0,0.8950819672131147,0.7870619946091644,0.48372781065088755,0.3394495412844037,0.5162721893491125,327,0.06420118343195269,0.0,676,305,371,0.8059894975665097,0.8618132586636614,0.8556391209588947,0.9246965273710102,0.7425724387282128,0.8256677998786078,0.29025518067728356,0.3923722615596135,0.21293800539083557,0.10491803278688525,0.5162721893491125
temporal_2,catboost,none,EQ,Accountancy,7,0.9,0.7219917012448133,0.17800829875518676,1.1355463347164592,0.8644536652835408,0.1355463347164592,0.0,0.9912472647702407,0.2593984962406015,0.8644536652835408,0.3216,0.1355463347164592,625,0.17800829875518676,0.0,723,457,266,0.6882269090454717,0.7534099790330165,0.9777135838332237,0.9965911177207626,0.21041548990885833,0.3152319011206491,0.2861663514382477,0.3592132639290249,0.7406015037593985,0.0087527352297593,0.13554633471645916
temporal_2,catboost,none,EQ,Accountancy,19,0.9,0.7372060857538036,0.16279391424619638,1.157676348547718,0.8423236514522822,0.15767634854771784,0.0,0.986870897155361,0.3082706766917293,0.8423236514522822,0.31198686371100165,0.15767634854771784,609,0.16279391424619638,0.0,723,457,266,0.7039293151877334,0.7679755216064145,0.971655630061971,0.9939692968679263,0.2558355661985423,0.3661646985280964,0.27646550723137164,0.34986525628996346,0.6917293233082706,0.01312910284463895,0.15767634854771784
temporal_2,catboost,none,EQ,Accountancy,42,0.9,0.7385892116182573,0.16141078838174272,1.2088520055325034,0.7911479944674965,0.20885200553250347,0.0,0.986870897155361,0.31203007518796994,0.7911479944674965,0.3304195804195804,0.20885200553250347,572,0.16141078838174272,0.0,723,457,266,0.705359195302558,0.7692972731930134,0.971655630061971,0.9939692968679263,0.2593601803430434,0.3700518438987592,0.29311654674659293,0.3699851680946654,0.6879699248120301,0.01312910284463895,0.2088520055325035
temporal_2,catboost,none,EQ,Accountancy,73,0.9,0.7565698478561549,0.14343015214384514,1.201936376210235,0.7980636237897649,0.20193637621023514,0.0,0.9934354485776805,0.34962406015037595,0.7980636237897649,0.3050259965337955,0.20193637621023514,577,0.14343015214384514,0.0,723,457,266,0.723985438334688,0.7864422422793902,0.9808795889404179,0.9977649999256127,0.29482921709943055,0.4087004022940116,0.26885016430276537,0.34378079276282253,0.650375939849624,0.006564551422319475,0.20193637621023508
temporal_2,catboost,none,EQ,Accountancy,101,0.9,0.7648686030428768,0.13513139695712317,1.247579529737206,0.7524204702627939,0.2475795297372061,0.0,0.9956236323851203,0.3684210526315789,0.7524204702627939,0.3125,0.2475795297372061,544,0.13513139695712317,0.0,723,457,266,0.7326067259302385,0.7943307448923813,0.9841854555926877,0.9987990205853874,0.3127091673867293,0.4278792495825325,0.27497905854083216,0.3526504377022256,0.631578947368421,0.00437636761487965,0.2475795297372061
temporal_2,catboost,none,EQ,Global economics,7,0.9,0.8284023668639053,0.07159763313609468,1.4807692307692308,0.5192307692307693,0.4807692307692308,0.0,0.9508196721311475,0.7277628032345014,0.5192307692307693,0.33048433048433046,0.4807692307692308,351,0.07159763313609468,0.0,676,305,371,0.7981446851241084,0.8549487592948256,0.9204518412099554,0.9699726537723012,0.6803080417974326,0.7705492367215941,0.28334252307060853,0.3812964388041023,0.2722371967654987,0.04918032786885246,0.4807692307692307
temporal_2,catboost,none,EQ,Global economics,19,0.9,0.8254437869822485,0.0745562130177515,1.4940828402366864,0.5059171597633136,0.4940828402366864,0.0,0.8852459016393442,0.7762803234501348,0.5059171597633136,0.34502923976608185,0.4940828402366864,342,0.0745562130177515,0.0,676,305,371,0.7950121224425893,0.8521975972518497,0.8445861199114082,0.9163220848916112,0.7311663534182604,0.8157315288089615,0.29661978726583726,0.39688138994566347,0.22371967654986524,0.11475409836065574,0.49408284023668636
temporal_2,catboost,none,EQ,Global economics,42,0.9,0.8076923076923077,0.09230769230769231,1.482248520710059,0.5177514792899408,0.4822485207100592,0.0,0.9311475409836065,0.706199460916442,0.5177514792899408,0.37142857142857144,0.4822485207100592,350,0.09230769230769231,0.0,676,305,371,0.7762772206633167,0.8356301506841529,0.8970411104763275,0.9545284974521578,0.6579258553094635,0.7502467104503655,0.32245977996168884,0.4231890190796732,0.29380053908355797,0.06885245901639345,0.4822485207100592
temporal_2,catboost,none,EQ,Global economics,73,0.9,0.8727810650887574,0.02721893491124261,1.6124260355029585,0.3875739644970414,0.6124260355029586,0.0,0.9475409836065574,0.8113207547169812,0.3875739644970414,0.3282442748091603,0.6124260355029586,262,0.02721893491124261,0.0,676,305,371,0.8455382591075187,0.8958110561788388,0.916493792458388,0.9674548880149068,0.7683940037094695,0.847866536751449,0.27422462254686947,0.3872277318027823,0.18867924528301888,0.05245901639344262,0.6124260355029586
temporal_2,catboost,none,EQ,Global economics,101,0.9,0.856508875739645,0.04349112426035506,1.5902366863905326,0.40976331360946744,0.5902366863905325,0.0,0.9508196721311475,0.7789757412398922,0.40976331360946744,0.35018050541516244,0.5902366863905325,277,0.04349112426035506,0.0,676,305,371,0.828064976791306,0.8809238525103296,0.9204518412099554,0.9699726537723012,0.7340140464789962,0.8182194248431256,0.296401724557087,0.40805786503295227,0.2210242587601078,0.04918032786885246,0.5902366863905326
temporal_2,catboost,none,MCP,Accountancy,7,0.9,0.7247579529737206,0.17524204702627943,1.1438450899031811,0.8561549100968188,0.14384508990318118,0.0,0.9934354485776805,0.2631578947368421,0.8561549100968188,0.32148626817447495,0.14384508990318118,619,0.17524204702627943,0.0,723,457,266,0.6910783663230692,0.7560617851582662,0.9808795889404179,0.9977649999256127,0.2138816082258192,0.31917754231885215,0.28589155367625324,0.3592829977762982,0.7368421052631579,0.006564551422319475,0.14384508990318123
temporal_2,catboost,none,MCP,Accountancy,19,0.9,0.7372060857538036,0.16279391424619638,1.1604426002766253,0.8395573997233748,0.16044260027662519,0.0,0.986870897155361,0.3082706766917293,0.8395573997233748,0.3130148270181219,0.16044260027662519,607,0.16279391424619638,0.0,723,457,266,0.7039293151877334,0.7679755216064145,0.971655630061971,0.9939692968679263,0.2558355661985423,0.3661646985280964,0.2773980188662951,0.3509834593027671,0.6917293233082706,0.01312910284463895,0.16044260027662516
temporal_2,catboost,none,MCP,Accountancy,42,0.9,0.7413554633471646,0.1586445366528354,1.2157676348547717,0.7842323651452282,0.2157676348547718,0.0,0.986870897155361,0.31954887218045114,0.7842323651452282,0.3298059964726631,0.2157676348547718,567,0.1586445366528354,0.0,723,457,266,0.7082201777596547,0.771939554138764,0.971655630061971,0.9939692968679263,0.2664218601057633,0.3778136831663673,0.2923669520669413,0.36953567077562477,0.6804511278195489,0.01312910284463895,0.2157676348547718
temporal_2,catboost,none,MCP,Accountancy,73,0.9,0.7621023513139695,0.1378976486860305,1.210235131396957,0.7897648686030428,0.21023513139695713,0.0,0.9934354485776805,0.36466165413533835,0.7897648686030428,0.30122591943957966,0.21023513139695713,571,0.1378976486860305,0.0,723,457,266,0.7297311836721615,0.7917030237476111,0.9808795889404179,0.9977649999256127,0.3091256865713012,0.4240509708827968,0.2650257874128005,0.3400827229133373,0.6353383458646616,0.006564551422319475,0.21023513139695715
temporal_2,catboost,none,MCP,Accountancy,101,0.9,0.7648686030428768,0.13513139695712317,1.2489626556016598,0.7510373443983402,0.24896265560165975,0.0,0.9956236323851203,0.3684210526315789,0.7510373443983402,0.31307550644567217,0.24896265560165975,543,0.13513139695712317,0.0,723,457,266,0.7326067259302385,0.7943307448923813,0.9841854555926877,0.9987990205853874,0.3127091673867293,0.4278792495825325,0.2754980632749766,0.3532791687260769,0.631578947368421,0.00437636761487965,0.24896265560165975
temporal_2,catboost,none,MCP,Global economics,7,0.9,0.834319526627219,0.06568047337278105,1.5088757396449703,0.4911242603550296,0.5088757396449705,0.0,0.9573770491803278,0.7331536388140162,0.4911242603550296,0.3373493975903614,0.5088757396449705,332,0.06568047337278105,0.0,676,305,371,0.8044189710112775,0.8604419228566464,0.9284517918251262,0.9749243321750541,0.685923786083033,0.7756046706257933,0.288609096189807,0.3898105951156037,0.2668463611859838,0.04262295081967213,0.5088757396449703
temporal_2,catboost,none,MCP,Global economics,19,0.9,0.8254437869822485,0.0745562130177515,1.5014792899408285,0.4985207100591716,0.5014792899408284,0.0,0.8852459016393442,0.7762803234501348,0.4985207100591716,0.35014836795252224,0.5014792899408284,337,0.0745562130177515,0.0,676,305,371,0.7950121224425893,0.8521975972518497,0.8445861199114082,0.9163220848916112,0.7311663534182604,0.8157315288089615,0.30116779503998026,0.4025067510394247,0.22371967654986524,0.11475409836065574,0.5014792899408285
temporal_2,catboost,none,MCP,Global economics,42,0.9,0.8136094674556213,0.08639053254437867,1.492603550295858,0.507396449704142,0.492603550295858,0.0,0.9344262295081968,0.7142857142857143,0.507396449704142,0.3673469387755102,0.492603550295858,343,0.08639053254437867,0.0,676,305,371,0.7825110279715555,0.841163792824904,0.9008919490683812,0.9571534733690662,0.6663043338685842,0.757874999175944,0.31806034916764275,0.4195719387675661,0.2857142857142857,0.06557377049180328,0.492603550295858
temporal_2,catboost,none,MCP,Global economics,73,0.9,0.878698224852071,0.02130177514792897,1.6242603550295858,0.3757396449704142,0.6242603550295858,0.0,0.9508196721311475,0.8194070080862533,0.3757396449704142,0.3228346456692913,0.6242603550295858,254,0.02130177514792897,0.0,676,305,371,0.8519239599948201,0.9011928047405273,0.9204518412099554,0.9699726537723012,0.7770537575563005,0.8552135501893169,0.26834297522904615,0.38260532295527716,0.18059299191374664,0.04918032786885246,0.6242603550295858
temporal_2,catboost,none,MCP,Global economics,101,0.9,0.856508875739645,0.04349112426035506,1.5917159763313609,0.40828402366863903,0.591715976331361,0.0,0.9508196721311475,0.7789757412398922,0.40828402366863903,0.35144927536231885,0.591715976331361,276,0.04349112426035506,0.0,676,305,371,0.828064976791306,0.8809238525103296,0.9204518412099554,0.9699726537723012,0.7340140464789962,0.8182194248431256,0.2975148037452641,0.40946213832199124,0.2210242587601078,0.04918032786885246,0.591715976331361
temporal_2,catboost,platt,EIQ-batch,Accountancy,7,0.9,0.7012448132780082,0.19875518672199177,1.0829875518672198,0.91701244813278,0.08298755186721991,0.0,0.9715536105032823,0.23684210526315788,0.91701244813278,0.3257918552036199,0.08298755186721991,663,0.19875518672199177,0.0,723,457,266,0.6668890022108361,0.733473410346298,0.9519439701316761,0.9833017456139097,0.18972428942742983,0.2914525445110938,0.2912096174878696,0.36238120692109504,0.7631578947368421,0.028446389496717725,0.08298755186721996
temporal_2,catboost,platt,EIQ-batch,Accountancy,19,0.9,0.9045643153526971,0.004564315352697079,1.5560165975103735,0.44398340248962653,0.5560165975103735,0.0,0.9890590809628009,0.7593984962406015,0.44398340248962653,0.21495327102803738,0.5560165975103735,321,0.0,0.004564315352697079,723,457,266,0.8809592813647222,0.9238929913016816,0.974646924229439,0.9953178900125029,0.7045712931561322,0.80684011339018,0.17352546608840988,0.2631227971463262,0.24060150375939848,0.010940919037199124,0.5560165975103735
temporal_2,catboost,platt,EIQ-batch,Accountancy,42,0.9,0.7164591977869986,0.1835408022130014,1.170124481327801,0.8298755186721992,0.17012448132780084,0.0,0.986870897155361,0.2518796992481203,0.8298755186721992,0.3416666666666667,0.17012448132780084,600,0.1835408022130014,0.0,723,457,266,0.6825285869675058,0.7481017743052879,0.971655630061971,0.9939692968679263,0.20349803446863415,0.30732583753054543,0.3048327476564238,0.3805151243312482,0.7481203007518797,0.01312910284463895,0.17012448132780078
temporal_2,catboost,platt,EIQ-batch,Accountancy,73,0.9,0.7551867219917012,0.1448132780082988,1.1991701244813278,0.8008298755186722,0.1991701244813278,0.0,0.9824945295404814,0.36466165413533835,0.8008298755186722,0.30569948186528495,0.1991701244813278,579,0.1448132780082988,0.0,723,457,266,0.7225500992155338,0.7851259496971208,0.9658415468623841,0.9911036054434242,0.3091256865713012,0.4240509708827968,0.2695562566260683,0.34440394370824035,0.6353383458646616,0.0175054704595186,0.19917012448132776
temporal_2,catboost,platt,EIQ-batch,Accountancy,101,0.9,0.7662517289073306,0.1337482710926694,1.2503457814661134,0.7496542185338866,0.2503457814661134,0.0,0.9846827133479212,0.39097744360902253,0.7496542185338866,0.3118081180811808,0.2503457814661134,542,0.1337482710926694,0.0,723,457,266,0.7340451738036355,0.795643928720408,0.9687241098327282,0.9925609297851246,0.334286914815448,0.4507720592447975,0.2742490489883398,0.35201605655943646,0.6090225563909775,0.015317286652078774,0.2503457814661134
temporal_2,catboost,platt,EIQ-batch,Global economics,7,0.9,0.7677514792899408,0.13224852071005921,1.3106508875739644,0.6893491124260355,0.3106508875739645,0.0,0.8918032786885246,0.6657681940700808,0.6893491124260355,0.3369098712446352,0.3106508875739645,466,0.13224852071005921,0.0,676,305,371,0.7344607426639131,0.7980163449028752,0.8519453148979848,0.9219145189229583,0.6162851636873657,0.7118535656489672,0.2954843760891156,0.3810022405208334,0.33423180592991913,0.10819672131147541,0.31065088757396453
temporal_2,catboost,platt,EIQ-batch,Global economics,19,0.9,0.9201183431952663,0.020118343195266286,1.757396449704142,0.24260355029585798,0.757396449704142,0.0,0.8950819672131147,0.9407008086253369,0.24260355029585798,0.32926829268292684,0.757396449704142,164,0.0,0.020118343195266286,676,305,371,0.8972273420424396,0.9382615688358363,0.8556391209588947,0.9246965273710102,0.9118518704102327,0.9605169466058723,0.26197215963976533,0.40437964405955135,0.05929919137466307,0.10491803278688525,0.757396449704142
temporal_2,catboost,platt,EIQ-batch,Global economics,42,0.9,0.7766272189349113,0.12337278106508875,1.4068047337278107,0.5931952662721893,0.4068047337278107,0.0,0.9311475409836065,0.6495956873315364,0.5931952662721893,0.3765586034912718,0.4068047337278107,401,0.12337278106508875,0.0,676,305,371,0.743716388844917,0.8064118728953562,0.8970411104763275,0.9545284974521578,0.5997401135452823,0.6963850812216524,0.3305178046624547,0.42494202327021874,0.3504043126684636,0.06885245901639345,0.4068047337278107
temporal_2,catboost,platt,EIQ-batch,Global economics,73,0.9,0.8668639053254438,0.03313609467455625,1.599112426035503,0.40088757396449703,0.599112426035503,0.0,0.9245901639344263,0.8194070080862533,0.40088757396449703,0.33210332103321033,0.599112426035503,271,0.03313609467455625,0.0,676,305,371,0.8391700654096826,0.890411800427685,0.8893903011176989,0.949227677792863,0.7770537575563005,0.8552135501893169,0.27872071178582325,0.39017931373991754,0.18059299191374664,0.07540983606557378,0.599112426035503
temporal_2,catboost,platt,EIQ-batch,Global economics,101,0.9,0.8357988165680473,0.06420118343195269,1.5162721893491125,0.48372781065088755,0.5162721893491125,0.0,0.8950819672131147,0.7870619946091644,0.48372781065088755,0.3394495412844037,0.5162721893491125,327,0.06420118343195269,0.0,676,305,371,0.8059894975665097,0.8618132586636614,0.8556391209588947,0.9246965273710102,0.7425724387282128,0.8256677998786078,0.29025518067728356,0.3923722615596135,0.21293800539083557,0.10491803278688525,0.5162721893491125
temporal_2,catboost,platt,EQ,Accountancy,7,0.9,0.7219917012448133,0.17800829875518676,1.1355463347164592,0.8644536652835408,0.1355463347164592,0.0,0.9912472647702407,0.2593984962406015,0.8644536652835408,0.3216,0.1355463347164592,625,0.17800829875518676,0.0,723,457,266,0.6882269090454717,0.7534099790330165,0.9777135838332237,0.9965911177207626,0.21041548990885833,0.3152319011206491,0.2861663514382477,0.3592132639290249,0.7406015037593985,0.0087527352297593,0.13554633471645916
temporal_2,catboost,platt,EQ,Accountancy,19,0.9,0.7372060857538036,0.16279391424619638,1.157676348547718,0.8423236514522822,0.15767634854771784,0.0,0.986870897155361,0.3082706766917293,0.8423236514522822,0.31198686371100165,0.15767634854771784,609,0.16279391424619638,0.0,723,457,266,0.7039293151877334,0.7679755216064145,0.971655630061971,0.9939692968679263,0.2558355661985423,0.3661646985280964,0.27646550723137164,0.34986525628996346,0.6917293233082706,0.01312910284463895,0.15767634854771784
temporal_2,catboost,platt,EQ,Accountancy,42,0.9,0.7385892116182573,0.16141078838174272,1.2088520055325034,0.7911479944674965,0.20885200553250347,0.0,0.986870897155361,0.31203007518796994,0.7911479944674965,0.3304195804195804,0.20885200553250347,572,0.16141078838174272,0.0,723,457,266,0.705359195302558,0.7692972731930134,0.971655630061971,0.9939692968679263,0.2593601803430434,0.3700518438987592,0.29311654674659293,0.3699851680946654,0.6879699248120301,0.01312910284463895,0.2088520055325035
temporal_2,catboost,platt,EQ,Accountancy,73,0.9,0.7565698478561549,0.14343015214384514,1.201936376210235,0.7980636237897649,0.20193637621023514,0.0,0.9934354485776805,0.34962406015037595,0.7980636237897649,0.3050259965337955,0.20193637621023514,577,0.14343015214384514,0.0,723,457,266,0.723985438334688,0.7864422422793902,0.9808795889404179,0.9977649999256127,0.29482921709943055,0.4087004022940116,0.26885016430276537,0.34378079276282253,0.650375939849624,0.006564551422319475,0.20193637621023508
temporal_2,catboost,platt,EQ,Accountancy,101,0.9,0.7648686030428768,0.13513139695712317,1.247579529737206,0.7524204702627939,0.2475795297372061,0.0,0.9956236323851203,0.3684210526315789,0.7524204702627939,0.3125,0.2475795297372061,544,0.13513139695712317,0.0,723,457,266,0.7326067259302385,0.7943307448923813,0.9841854555926877,0.9987990205853874,0.3127091673867293,0.4278792495825325,0.27497905854083216,0.3526504377022256,0.631578947368421,0.00437636761487965,0.2475795297372061
temporal_2,catboost,platt,EQ,Global economics,7,0.9,0.8284023668639053,0.07159763313609468,1.4807692307692308,0.5192307692307693,0.4807692307692308,0.0,0.9508196721311475,0.7277628032345014,0.5192307692307693,0.33048433048433046,0.4807692307692308,351,0.07159763313609468,0.0,676,305,371,0.7981446851241084,0.8549487592948256,0.9204518412099554,0.9699726537723012,0.6803080417974326,0.7705492367215941,0.28334252307060853,0.3812964388041023,0.2722371967654987,0.04918032786885246,0.4807692307692307
temporal_2,catboost,platt,EQ,Global economics,19,0.9,0.8254437869822485,0.0745562130177515,1.4940828402366864,0.5059171597633136,0.4940828402366864,0.0,0.8852459016393442,0.7762803234501348,0.5059171597633136,0.34502923976608185,0.4940828402366864,342,0.0745562130177515,0.0,676,305,371,0.7950121224425893,0.8521975972518497,0.8445861199114082,0.9163220848916112,0.7311663534182604,0.8157315288089615,0.29661978726583726,0.39688138994566347,0.22371967654986524,0.11475409836065574,0.49408284023668636
temporal_2,catboost,platt,EQ,Global economics,42,0.9,0.8076923076923077,0.09230769230769231,1.482248520710059,0.5177514792899408,0.4822485207100592,0.0,0.9311475409836065,0.706199460916442,0.5177514792899408,0.37142857142857144,0.4822485207100592,350,0.09230769230769231,0.0,676,305,371,0.7762772206633167,0.8356301506841529,0.8970411104763275,0.9545284974521578,0.6579258553094635,0.7502467104503655,0.32245977996168884,0.4231890190796732,0.29380053908355797,0.06885245901639345,0.4822485207100592
temporal_2,catboost,platt,EQ,Global economics,73,0.9,0.8727810650887574,0.02721893491124261,1.6124260355029585,0.3875739644970414,0.6124260355029586,0.0,0.9475409836065574,0.8113207547169812,0.3875739644970414,0.3282442748091603,0.6124260355029586,262,0.02721893491124261,0.0,676,305,371,0.8455382591075187,0.8958110561788388,0.916493792458388,0.9674548880149068,0.7683940037094695,0.847866536751449,0.27422462254686947,0.3872277318027823,0.18867924528301888,0.05245901639344262,0.6124260355029586
temporal_2,catboost,platt,EQ,Global economics,101,0.9,0.856508875739645,0.04349112426035506,1.5902366863905326,0.40976331360946744,0.5902366863905325,0.0,0.9508196721311475,0.7789757412398922,0.40976331360946744,0.35018050541516244,0.5902366863905325,277,0.04349112426035506,0.0,676,305,371,0.828064976791306,0.8809238525103296,0.9204518412099554,0.9699726537723012,0.7340140464789962,0.8182194248431256,0.296401724557087,0.40805786503295227,0.2210242587601078,0.04918032786885246,0.5902366863905326
temporal_2,catboost,platt,MCP,Accountancy,7,0.9,0.7247579529737206,0.17524204702627943,1.1438450899031811,0.8561549100968188,0.14384508990318118,0.0,0.9934354485776805,0.2631578947368421,0.8561549100968188,0.32148626817447495,0.14384508990318118,619,0.17524204702627943,0.0,723,457,266,0.6910783663230692,0.7560617851582662,0.9808795889404179,0.9977649999256127,0.2138816082258192,0.31917754231885215,0.28589155367625324,0.3592829977762982,0.7368421052631579,0.006564551422319475,0.14384508990318123
temporal_2,catboost,platt,MCP,Accountancy,19,0.9,0.7372060857538036,0.16279391424619638,1.1604426002766253,0.8395573997233748,0.16044260027662519,0.0,0.986870897155361,0.3082706766917293,0.8395573997233748,0.3130148270181219,0.16044260027662519,607,0.16279391424619638,0.0,723,457,266,0.7039293151877334,0.7679755216064145,0.971655630061971,0.9939692968679263,0.2558355661985423,0.3661646985280964,0.2773980188662951,0.3509834593027671,0.6917293233082706,0.01312910284463895,0.16044260027662516
temporal_2,catboost,platt,MCP,Accountancy,42,0.9,0.7413554633471646,0.1586445366528354,1.2157676348547717,0.7842323651452282,0.2157676348547718,0.0,0.986870897155361,0.31954887218045114,0.7842323651452282,0.3298059964726631,0.2157676348547718,567,0.1586445366528354,0.0,723,457,266,0.7082201777596547,0.771939554138764,0.971655630061971,0.9939692968679263,0.2664218601057633,0.3778136831663673,0.2923669520669413,0.36953567077562477,0.6804511278195489,0.01312910284463895,0.2157676348547718
temporal_2,catboost,platt,MCP,Accountancy,73,0.9,0.7621023513139695,0.1378976486860305,1.210235131396957,0.7897648686030428,0.21023513139695713,0.0,0.9934354485776805,0.36466165413533835,0.7897648686030428,0.30122591943957966,0.21023513139695713,571,0.1378976486860305,0.0,723,457,266,0.7297311836721615,0.7917030237476111,0.9808795889404179,0.9977649999256127,0.3091256865713012,0.4240509708827968,0.2650257874128005,0.3400827229133373,0.6353383458646616,0.006564551422319475,0.21023513139695715
temporal_2,catboost,platt,MCP,Accountancy,101,0.9,0.7648686030428768,0.13513139695712317,1.2489626556016598,0.7510373443983402,0.24896265560165975,0.0,0.9956236323851203,0.3684210526315789,0.7510373443983402,0.31307550644567217,0.24896265560165975,543,0.13513139695712317,0.0,723,457,266,0.7326067259302385,0.7943307448923813,0.9841854555926877,0.9987990205853874,0.3127091673867293,0.4278792495825325,0.2754980632749766,0.3532791687260769,0.631578947368421,0.00437636761487965,0.24896265560165975
temporal_2,catboost,platt,MCP,Global economics,7,0.9,0.834319526627219,0.06568047337278105,1.5088757396449703,0.4911242603550296,0.5088757396449705,0.0,0.9573770491803278,0.7331536388140162,0.4911242603550296,0.3373493975903614,0.5088757396449705,332,0.06568047337278105,0.0,676,305,371,0.8044189710112775,0.8604419228566464,0.9284517918251262,0.9749243321750541,0.685923786083033,0.7756046706257933,0.288609096189807,0.3898105951156037,0.2668463611859838,0.04262295081967213,0.5088757396449703
temporal_2,catboost,platt,MCP,Global economics,19,0.9,0.8254437869822485,0.0745562130177515,1.5014792899408285,0.4985207100591716,0.5014792899408284,0.0,0.8852459016393442,0.7762803234501348,0.4985207100591716,0.35014836795252224,0.5014792899408284,337,0.0745562130177515,0.0,676,305,371,0.7950121224425893,0.8521975972518497,0.8445861199114082,0.9163220848916112,0.7311663534182604,0.8157315288089615,0.30116779503998026,0.4025067510394247,0.22371967654986524,0.11475409836065574,0.5014792899408285
temporal_2,catboost,platt,MCP,Global economics,42,0.9,0.8136094674556213,0.08639053254437867,1.492603550295858,0.507396449704142,0.492603550295858,0.0,0.9344262295081968,0.7142857142857143,0.507396449704142,0.3673469387755102,0.492603550295858,343,0.08639053254437867,0.0,676,305,371,0.7825110279715555,0.841163792824904,0.9008919490683812,0.9571534733690662,0.6663043338685842,0.757874999175944,0.31806034916764275,0.4195719387675661,0.2857142857142857,0.06557377049180328,0.492603550295858
temporal_2,catboost,platt,MCP,Global economics,73,0.9,0.878698224852071,0.02130177514792897,1.6242603550295858,0.3757396449704142,0.6242603550295858,0.0,0.9508196721311475,0.8194070080862533,0.3757396449704142,0.3228346456692913,0.6242603550295858,254,0.02130177514792897,0.0,676,305,371,0.8519239599948201,0.9011928047405273,0.9204518412099554,0.9699726537723012,0.7770537575563005,0.8552135501893169,0.26834297522904615,0.38260532295527716,0.18059299191374664,0.04918032786885246,0.6242603550295858
temporal_2,catboost,platt,MCP,Global economics,101,0.9,0.856508875739645,0.04349112426035506,1.5917159763313609,0.40828402366863903,0.591715976331361,0.0,0.9508196721311475,0.7789757412398922,0.40828402366863903,0.35144927536231885,0.591715976331361,276,0.04349112426035506,0.0,676,305,371,0.828064976791306,0.8809238525103296,0.9204518412099554,0.9699726537723012,0.7340140464789962,0.8182194248431256,0.2975148037452641,0.40946213832199124,0.2210242587601078,0.04918032786885246,0.591715976331361
temporal_2,logistic,isotonic,EIQ-batch,Accountancy,7,0.9,0.6915629322268326,0.2084370677731674,1.0829875518672198,0.91701244813278,0.08298755186721991,0.0,0.9934354485776805,0.17293233082706766,0.91701244813278,0.33634992458521873,0.08298755186721991,663,0.2084370677731674,0.0,723,457,266,0.6569593561579637,0.7241416344892052,0.9808795889404179,0.9977649999256127,0.13222541448584338,0.22295150769489322,0.3014209510587285,0.37316436884060195,0.8270676691729323,0.006564551422319475,0.08298755186721996
temporal_2,logistic,isotonic,EIQ-batch,Accountancy,19,0.9,0.7925311203319502,0.10746887966804985,1.2793914246196403,0.7206085753803596,0.2793914246196404,0.0,0.9846827133479212,0.462406015037594,0.7206085753803596,0.28790786948176583,0.2793914246196404,521,0.10746887966804985,0.0,723,457,266,0.7614655278182048,0.8205045770328872,0.9687241098327282,0.9925609297851246,0.40345033993443197,0.5224320649139285,0.25069187900828105,0.3282285810929815,0.5375939849624061,0.015317286652078774,0.2793914246196404
temporal_2,logistic,isotonic,EIQ-batch,Accountancy,42,0.9,0.7413554633471646,0.1586445366528354,1.1715076071922546,0.8284923928077456,0.1715076071922545,0.0,1.0,0.29699248120300753,0.8284923928077456,0.3121869782971619,0.1715076071922545,599,0.1586445366528354,0.0,723,457,266,0.7082201777596547,0.771939554138764,0.9916642508021641,1.0,0.24528712564130656,0.3544778605398404,0.2763740068380209,0.350393534266144,0.7030075187969925,0.0,0.17150760719225444
temporal_2,logistic,isotonic,EIQ-batch,Accountancy,73,0.9,0.7123098201936376,0.18769017980636238,1.112033195020747,0.8879668049792531,0.11203319502074689,0.0,0.9890590809628009,0.23684210526315788,0.8879668049792531,0.32398753894080995,0.11203319502074689,642,0.18769017980636238,0.0,723,457,266,0.6782588103735244,0.7441166557949986,0.974646924229439,0.9953178900125029,0.18972428942742983,0.2914525445110938,0.2889259754801032,0.3611429432717593,0.7631578947368421,0.010940919037199124,0.11203319502074693
temporal_2,logistic,isotonic,EIQ-batch,Accountancy,101,0.9,0.7178423236514523,0.18215767634854774,1.1369294605809128,0.8630705394190872,0.13692946058091288,0.0,0.9978118161925602,0.23684210526315788,0.8630705394190872,0.3269230769230769,0.13692946058091288,624,0.18215767634854774,0.0,723,457,266,0.6839525977278897,0.7494293952463276,0.9877107361507956,0.9996136273393242,0.18972428942742983,0.2914525445110938,0.29127419412140004,0.364689908017182,0.7631578947368421,0.002188183807439825,0.13692946058091282
temporal_2,logistic,isotonic,EIQ-batch,Global economics,7,0.9,0.8964497041420119,0.0035502958579881616,1.6775147928994083,0.3224852071005917,0.6775147928994083,0.0,0.9639344262295082,0.8409703504043127,0.3224852071005917,0.3211009174311927,0.6775147928994083,218,0.0035502958579881616,0.0,676,305,371,0.8711977596149891,0.9172213534673275,0.9365834590822175,0.9797442939358867,0.8002899947210882,0.8746620257837272,0.2626808809258373,0.3857166710256922,0.15902964959568733,0.036065573770491806,0.6775147928994083
temporal_2,logistic,isotonic,EIQ-batch,Global economics,19,0.9,0.9363905325443787,0.03639053254437863,1.727810650887574,0.27218934911242604,0.727810650887574,0.0,0.9016393442622951,0.9649595687331537,0.27218934911242604,0.23369565217391305,0.727810650887574,184,0.0,0.03639053254437863,676,305,371,0.9154140510555429,0.9524353458074548,0.8630570788097384,0.9302301985380904,0.940979347507988,0.979409771362215,0.17838003141759412,0.29990340709878344,0.03504043126684636,0.09836065573770492,0.7278106508875739
temporal_2,logistic,isotonic,EIQ-batch,Global economics,42,0.9,0.9142011834319527,0.014201183431952646,1.7884615384615385,0.21153846153846154,0.7884615384615384,0.0,1.0,0.8436657681940701,0.21153846153846154,0.40559440559440557,0.7884615384615384,143,0.0,0.014201183431952646,676,305,371,0.890678430940156,0.9330430304891301,0.9875617126166847,1.0,0.803210328186466,0.8770772814132493,0.3286091413996841,0.48751908140032707,0.15633423180592992,0.0,0.7884615384615384
temporal_2,logistic,isotonic,EIQ-batch,Global economics,73,0.9,0.8431952662721893,0.0568047337278107,1.5310650887573964,0.46893491124260356,0.5310650887573964,0.0,0.7836065573770492,0.8921832884097035,0.46893491124260356,0.334384858044164,0.5310650887573964,317,0.0568047337278107,0.0,676,305,371,0.8138542880379461,0.8686577800034622,0.7340184642251866,0.826139490800015,0.8565104555481939,0.9198177577597162,0.2847073632250366,0.3880281978650267,0.1078167115902965,0.21639344262295082,0.5310650887573964
temporal_2,logistic,isotonic,EIQ-batch,Global economics,101,0.9,0.9630177514792899,0.0630177514792899,1.8239644970414202,0.1760355029585799,0.8239644970414202,0.0,0.9737704918032787,0.954177897574124,0.1760355029585799,0.21008403361344538,0.8239644970414202,119,0.0,0.0630177514792899,676,305,371,0.9459762792035475,0.9748266401799044,0.9491047728652693,0.9866504236797204,0.9278498534791156,0.9711969090114881,0.14654378183803748,0.2917566041845997,0.04582210242587601,0.02622950819672131,0.8239644970414202
temporal_2,logistic,isotonic,EQ,Accountancy,7,0.9,0.7496542185338866,0.15034578146611344,1.1770401106500692,0.8229598893499308,0.17704011065006917,0.0,0.9934354485776805,0.3308270676691729,0.8229598893499308,0.3042016806722689,0.17704011065006917,595,0.15034578146611344,0.0,723,457,266,0.7168130570112657,0.7798564650956944,0.9808795889404179,0.9977649999256127,0.27704493351228116,0.38942588830534125,0.26858822892808326,0.34232715348573656,0.6691729323308271,0.006564551422319475,0.1770401106500692
temporal_2,logistic,isotonic,EQ,Accountancy,19,0.9,0.73582295988935,0.16417704011065004,1.1535269709543567,0.8464730290456431,0.15352697095435686,0.0,0.9846827133479212,0.3082706766917293,0.8464730290456431,0.31209150326797386,0.15352697095435686,612,0.16417704011065004,0.0,723,457,266,0.7024998397301876,0.7666533653625367,0.9687241098327282,0.9925609297851246,0.2558355661985423,0.3661646985280964,0.27665001368190767,0.3498772414976338,0.6917293233082706,0.015317286652078774,0.15352697095435686
temporal_2,logistic,isotonic,EQ,Accountancy,42,0.9,0.7413554633471646,0.1586445366528354,1.1715076071922546,0.8284923928077456,0.1715076071922545,0.0,1.0,0.29699248120300753,0.8284923928077456,0.3121869782971619,0.1715076071922545,599,0.1586445366528354,0.0,723,457,266,0.7082201777596547,0.771939554138764,0.9916642508021641,1.0,0.24528712564130656,0.3544778605398404,0.2763740068380209,0.350393534266144,0.7030075187969925,0.0,0.17150760719225444
temporal_2,logistic,isotonic,EQ,Accountancy,73,0.9,0.8063623789764869,0.09363762102351314,1.3153526970954357,0.6846473029045643,0.3153526970954357,0.0,0.9978118161925602,0.4774436090225564,0.6846473029045643,0.2828282828282828,0.3153526970954357,495,0.09363762102351314,0.0,723,457,266,0.77597074987825,0.833515671987078,0.9877107361507956,0.9996136273393242,0.4181672710356362,0.5373621718733801,0.2449432202545758,0.32405812035516557,0.5225563909774437,0.002188183807439825,0.3153526970954357
temporal_2,logistic,isotonic,EQ,Accountancy,101,0.9,0.7178423236514523,0.18215767634854774,1.1369294605809128,0.8630705394190872,0.13692946058091288,0.0,0.9978118161925602,0.23684210526315788,0.8630705394190872,0.3269230769230769,0.13692946058091288,624,0.18215767634854774,0.0,723,457,266,0.6839525977278897,0.7494293952463276,0.9877107361507956,0.9996136273393242,0.18972428942742983,0.2914525445110938,0.29127419412140004,0.364689908017182,0.7631578947368421,0.002188183807439825,0.13692946058091282
temporal_2,logistic,isotonic,EQ,Global economics,7,0.9,0.9585798816568047,0.05857988165680472,1.8150887573964498,0.1849112426035503,0.8150887573964497,0.0,0.9639344262295082,0.954177897574124,0.1849112426035503,0.224,0.8150887573964497,125,0.0,0.05857988165680472,676,305,371,0.9407878277935326,0.9711895045031769,0.9365834590822175,0.9797442939358867,0.9278498534791156,0.9711969090114881,0.15976976190284642,0.3046883354241498,0.04582210242587601,0.036065573770491806,0.8150887573964497
temporal_2,logistic,isotonic,EQ,Global economics,19,0.9,0.9023668639053254,0.002366863905325367,1.6538461538461537,0.34615384615384615,0.6538461538461539,0.0,0.9016393442622951,0.9029649595687331,0.34615384615384615,0.28205128205128205,0.6538461538461539,234,0.0,0.002366863905325367,676,305,371,0.8776659485763794,0.9225206139549269,0.8630570788097384,0.9302301985380904,0.8685863885204783,0.9290841811670307,0.22827387376103722,0.3428690190476694,0.09703504043126684,0.09836065573770492,0.6538461538461539
temporal_2,logistic,isotonic,EQ,Global economics,42,0.9,0.9142011834319527,0.014201183431952646,1.7884615384615385,0.21153846153846154,0.7884615384615384,0.0,1.0,0.8436657681940701,0.21153846153846154,0.40559440559440557,0.7884615384615384,143,0.0,0.014201183431952646,676,305,371,0.890678430940156,0.9330430304891301,0.9875617126166847,1.0,0.803210328186466,0.8770772814132493,0.3286091413996841,0.48751908140032707,0.15633423180592992,0.0,0.7884615384615384
temporal_2,logistic,isotonic,EQ,Global economics,73,0.9,0.9837278106508875,0.08372781065088752,1.930473372781065,0.0695266272189349,0.9304733727810651,0.0,0.9868852459016394,0.9811320754716981,0.0695266272189349,0.23404255319148937,0.9304733727810651,47,0.0,0.08372781065088752,676,305,371,0.9710989822962993,0.9908900101586168,0.9667700275785158,0.9948884270023215,0.9615716778296327,0.9908309756099684,0.13603274586227188,0.37224257550155593,0.018867924528301886,0.013114754098360656,0.9304733727810651
temporal_2,logistic,isotonic,EQ,Global economics,101,0.9,0.9630177514792899,0.0630177514792899,1.8239644970414202,0.1760355029585799,0.8239644970414202,0.0,0.9737704918032787,0.954177897574124,0.1760355029585799,0.21008403361344538,0.8239644970414202,119,0.0,0.0630177514792899,676,305,371,0.9459762792035475,0.9748266401799044,0.9491047728652693,0.9866504236797204,0.9278498534791156,0.9711969090114881,0.14654378183803748,0.2917566041845997,0.04582210242587601,0.02622950819672131,0.8239644970414202
temporal_2,logistic,isotonic,MCP,Accountancy,7,0.9,0.7496542185338866,0.15034578146611344,1.1770401106500692,0.8229598893499308,0.17704011065006917,0.0,0.9934354485776805,0.3308270676691729,0.8229598893499308,0.3042016806722689,0.17704011065006917,595,0.15034578146611344,0.0,723,457,266,0.7168130570112657,0.7798564650956944,0.9808795889404179,0.9977649999256127,0.27704493351228116,0.38942588830534125,0.26858822892808326,0.34232715348573656,0.6691729323308271,0.006564551422319475,0.1770401106500692
temporal_2,logistic,isotonic,MCP,Accountancy,19,0.9,0.73582295988935,0.16417704011065004,1.1535269709543567,0.8464730290456431,0.15352697095435686,0.0,0.9846827133479212,0.3082706766917293,0.8464730290456431,0.31209150326797386,0.15352697095435686,612,0.16417704011065004,0.0,723,457,266,0.7024998397301876,0.7666533653625367,0.9687241098327282,0.9925609297851246,0.2558355661985423,0.3661646985280964,0.27665001368190767,0.3498772414976338,0.6917293233082706,0.015317286652078774,0.15352697095435686
temporal_2,logistic,isotonic,MCP,Accountancy,42,0.9,0.7413554633471646,0.1586445366528354,1.1728907330567082,0.8271092669432918,0.17289073305670816,0.0,1.0,0.29699248120300753,0.8271092669432918,0.31270903010033446,0.17289073305670816,598,0.1586445366528354,0.0,723,457,266,0.7082201777596547,0.771939554138764,0.9916642508021641,1.0,0.24528712564130656,0.3544778605398404,0.27684718776354617,0.35096176970022336,0.7030075187969925,0.0,0.1728907330567082
temporal_2,logistic,isotonic,MCP,Accountancy,73,0.9,0.8063623789764869,0.09363762102351314,1.3153526970954357,0.6846473029045643,0.3153526970954357,0.0,0.9978118161925602,0.4774436090225564,0.6846473029045643,0.2828282828282828,0.3153526970954357,495,0.09363762102351314,0.0,723,457,266,0.77597074987825,0.833515671987078,0.9877107361507956,0.9996136273393242,0.4181672710356362,0.5373621718733801,0.2449432202545758,0.32405812035516557,0.5225563909774437,0.002188183807439825,0.3153526970954357
temporal_2,logistic,isotonic,MCP,Accountancy,101,0.9,0.7178423236514523,0.18215767634854774,1.1369294605809128,0.8630705394190872,0.13692946058091288,0.0,0.9978118161925602,0.23684210526315788,0.8630705394190872,0.3269230769230769,0.13692946058091288,624,0.18215767634854774,0.0,723,457,266,0.6839525977278897,0.7494293952463276,0.9877107361507956,0.9996136273393242,0.18972428942742983,0.2914525445110938,0.29127419412140004,0.364689908017182,0.7631578947368421,0.002188183807439825,0.13692946058091282
temporal_2,logistic,isotonic,MCP,Global economics,7,0.9,0.9585798816568047,0.05857988165680472,1.8150887573964498,0.1849112426035503,0.8150887573964497,0.0,0.9639344262295082,0.954177897574124,0.1849112426035503,0.224,0.8150887573964497,125,0.0,0.05857988165680472,676,305,371,0.9407878277935326,0.9711895045031769,0.9365834590822175,0.9797442939358867,0.9278498534791156,0.9711969090114881,0.15976976190284642,0.3046883354241498,0.04582210242587601,0.036065573770491806,0.8150887573964497
temporal_2,logistic,isotonic,MCP,Global economics,19,0.9,0.9023668639053254,0.002366863905325367,1.6538461538461537,0.34615384615384615,0.6538461538461539,0.0,0.9016393442622951,0.9029649595687331,0.34615384615384615,0.28205128205128205,0.6538461538461539,234,0.0,0.002366863905325367,676,305,371,0.8776659485763794,0.9225206139549269,0.8630570788097384,0.9302301985380904,0.8685863885204783,0.9290841811670307,0.22827387376103722,0.3428690190476694,0.09703504043126684,0.09836065573770492,0.6538461538461539
temporal_2,logistic,isotonic,MCP,Global economics,42,0.9,0.9142011834319527,0.014201183431952646,1.7899408284023668,0.21005917159763313,0.7899408284023669,0.0,1.0,0.8436657681940701,0.21005917159763313,0.4084507042253521,0.7899408284023669,142,0.0,0.014201183431952646,676,305,371,0.890678430940156,0.9330430304891301,0.9875617126166847,1.0,0.803210328186466,0.8770772814132493,0.3310495570952387,0.490674661722636,0.15633423180592992,0.0,0.7899408284023669
temporal_2,logistic,isotonic,MCP,Global economics,73,0.9,0.9837278106508875,0.08372781065088752,1.930473372781065,0.0695266272189349,0.9304733727810651,0.0,0.9868852459016394,0.9811320754716981,0.0695266272189349,0.23404255319148937,0.9304733727810651,47,0.0,0.08372781065088752,676,305,371,0.9710989822962993,0.9908900101586168,0.9667700275785158,0.9948884270023215,0.9615716778296327,0.9908309756099684,0.13603274586227188,0.37224257550155593,0.018867924528301886,0.013114754098360656,0.9304733727810651
temporal_2,logistic,isotonic,MCP,Global economics,101,0.9,0.9630177514792899,0.0630177514792899,1.8239644970414202,0.1760355029585799,0.8239644970414202,0.0,0.9737704918032787,0.954177897574124,0.1760355029585799,0.21008403361344538,0.8239644970414202,119,0.0,0.0630177514792899,676,305,371,0.9459762792035475,0.9748266401799044,0.9491047728652693,0.9866504236797204,0.9278498534791156,0.9711969090114881,0.14654378183803748,0.2917566041845997,0.04582210242587601,0.02622950819672131,0.8239644970414202
temporal_2,logistic,none,EIQ-batch,Accountancy,7,0.9,0.6915629322268326,0.2084370677731674,1.0774550484094052,0.9225449515905948,0.07745504840940526,0.0,0.9934354485776805,0.17293233082706766,0.9225449515905948,0.3343328335832084,0.07745504840940526,667,0.2084370677731674,0.0,723,457,266,0.6569593561579637,0.7241416344892052,0.9808795889404179,0.9977649999256127,0.13222541448584338,0.22295150769489322,0.2995698811654946,0.37099311536052954,0.8270676691729323,0.006564551422319475,0.0774550484094052
temporal_2,logistic,none,EIQ-batch,Accountancy,19,0.9,0.7482710926694329,0.1517289073305671,1.1798063623789765,0.8201936376210235,0.1798063623789765,0.0,0.9803063457330415,0.34962406015037595,0.8201936376210235,0.3069139966273187,0.1798063623789765,593,0.1517289073305671,0.0,723,457,266,0.715379863051383,0.7785380273541536,0.9630000708896762,0.9896051941040875,0.29482921709943055,0.4087004022940116,0.2711342938432061,0.34517922356477737,0.650375939849624,0.019693654266958426,0.17980636237897651
temporal_2,logistic,none,EIQ-batch,Accountancy,42,0.9,0.7178423236514523,0.18215767634854774,1.1147994467496543,0.8852005532503457,0.11479944674965421,0.0,0.9781181619256017,0.2706766917293233,0.8852005532503457,0.31875,0.11479944674965421,640,0.18215767634854774,0.0,723,457,266,0.6839525977278897,0.7494293952463276,0.9601937423423856,0.9880716353393337,0.22082829242809246,0.3270543771469067,0.28382061180323015,0.35584223248618885,0.7293233082706767,0.02188183807439825,0.11479944674965425
temporal_2,logistic,none,EIQ-batch,Accountancy,73,0.9,0.6998616874135546,0.20013831258644543,1.0899031811894881,0.9100968188105117,0.08990318118948824,0.0,0.975929978118162,0.22556390977443608,0.9100968188105117,0.32978723404255317,0.08990318118948824,658,0.20013831258644543,0.0,723,457,266,0.6654694121282435,0.732141368727467,0.9574179470267523,0.9865075433429227,0.17945004019499483,0.279491515198037,0.2949441337667825,0.36660623148362714,0.7744360902255639,0.024070021881838075,0.08990318118948826
temporal_2,logistic,none,EIQ-batch,Accountancy,101,0.9,0.677731673582296,0.222268326417704,1.062240663900415,0.9377593360995851,0.06224066390041494,0.0,0.9934354485776805,0.13533834586466165,0.9377593360995851,0.34365781710914456,0.06224066390041494,678,0.222268326417704,0.0,723,457,266,0.642803846971325,0.7107808266616079,0.9808795889404179,0.9977649999256127,0.09938514482261279,0.18167418220648435,0.3088798019932683,0.38019747945178645,0.8646616541353384,0.006564551422319475,0.06224066390041494
temporal_2,logistic,none,EIQ-batch,Global economics,7,0.9,0.8816568047337278,0.01834319526627226,1.6168639053254439,0.3831360946745562,0.6168639053254438,0.0,0.9311475409836065,0.8409703504043127,0.3831360946745562,0.3088803088803089,0.6168639053254438,259,0.01834319526627226,0.0,676,305,371,0.85512371214485,0.9038767773149922,0.8970411104763275,0.9545284974521578,0.8002899947210882,0.8746620257837272,0.25574735305626894,0.3675997382124031,0.15902964959568733,0.06885245901639345,0.6168639053254438
temporal_2,logistic,none,EIQ-batch,Global economics,19,0.9,0.8994082840236687,0.0005917159763313418,1.6449704142011834,0.35502958579881655,0.6449704142011834,0.0,0.8622950819672132,0.9299191374663073,0.35502958579881655,0.2833333333333333,0.6449704142011834,240,0.0005917159763313418,0.0,676,305,371,0.8744288925186824,0.9198739452881292,0.8190943394064567,0.8964831638338298,0.8992971295217117,0.9517293311147946,0.2300847737601461,0.34340859154786263,0.07008086253369272,0.1377049180327869,0.6449704142011834
temporal_2,logistic,none,EIQ-batch,Global economics,42,0.9,0.8476331360946746,0.05236686390532541,1.5355029585798816,0.46449704142011833,0.5355029585798816,0.0,0.8786885245901639,0.8221024258760108,0.46449704142011833,0.32802547770700635,0.5355029585798816,314,0.05236686390532541,0.0,676,305,371,0.8185832195158125,0.8727544356123385,0.8372625475338719,0.9106940282512236,0.7799465989168978,0.8576562979236194,0.27844749042099265,0.38176046230890376,0.1778975741239892,0.12131147540983607,0.5355029585798816
temporal_2,logistic,none,EIQ-batch,Global economics,73,0.9,0.8284023668639053,0.07159763313609468,1.4733727810650887,0.5266272189349113,0.47337278106508873,0.0,0.7540983606557377,0.889487870619946,0.5266272189349113,0.3258426966292135,0.47337278106508873,356,0.07159763313609468,0.0,676,305,371,0.7981446851241084,0.8549487592948256,0.7028080840232424,0.7990675404213022,0.853506866385511,0.9174857578274993,0.27924038819191227,0.37616340989632285,0.1105121293800539,0.2459016393442623,0.47337278106508873
temporal_2,logistic,none,EIQ-batch,Global economics,101,0.9,0.841715976331361,0.05828402366863905,1.529585798816568,0.47041420118343197,0.5295857988165681,0.0,0.8918032786885246,0.8005390835579514,0.47041420118343197,0.33647798742138363,0.5295857988165681,318,0.05828402366863905,0.0,676,305,371,0.8122796789723574,0.8672905267068036,0.8519453148979848,0.9219145189229583,0.7568895931061315,0.8380285909751879,0.28677108701811993,0.3900884438170886,0.19946091644204852,0.10819672131147541,0.529585798816568
temporal_2,logistic,none,EQ,Accountancy,7,0.9,0.706777316735823,0.19322268326417702,1.1051175656984786,0.8948824343015215,0.10511756569847856,0.0,0.9934354485776805,0.21428571428571427,0.8948824343015215,0.3276661514683153,0.10511756569847856,647,0.19322268326417702,0.0,723,457,266,0.6725709782162581,0.7387979611465705,0.9808795889404179,0.9977649999256127,0.16922657862546975,0.26747969822207024,0.2926095512859796,0.36475708235768906,0.7857142857142857,0.006564551422319475,0.10511756569847852
temporal_2,logistic,none,EQ,Accountancy,19,0.9,0.719225449515906,0.18077455048409408,1.1217150760719226,0.8782849239280774,0.12171507607192254,0.0,0.9781181619256017,0.2744360902255639,0.8782849239280774,0.31968503937007875,0.12171507607192254,635,0.18077455048409408,0.0,723,457,266,0.6853769871966434,0.7507566374789975,0.9601937423423856,0.9880716353393337,0.2243087323402796,0.33098569674988365,0.28458978062861384,0.35694882517393434,0.7255639097744361,0.02188183807439825,0.12171507607192256
temporal_2,logistic,none,EQ,Accountancy,42,0.9,0.7289073305670816,0.17109266943291845,1.1410788381742738,0.8589211618257261,0.14107883817427386,0.0,0.9824945295404814,0.2932330827067669,0.8589211618257261,0.31561996779388085,0.14107883817427386,621,0.17109266943291845,0.0,723,457,266,0.6953584623319915,0.7600365842536145,0.9658415468623841,0.9911036054434242,0.24177959374732277,0.3505736329186601,0.2802945729941319,0.3532124602424153,0.706766917293233,0.0175054704595186,0.1410788381742739
temporal_2,logistic,none,EQ,Accountancy,73,0.9,0.7206085753803596,0.17939142461964042,1.1383125864453665,0.8616874135546335,0.13831258644536654,0.0,0.9956236323851203,0.24812030075187969,0.8616874135546335,0.32423756019261635,0.13831258644536654,623,0.17939142461964042,0.0,723,457,266,0.6868017570644601,0.7520834993126045,0.9841854555926877,0.9987990205853874,0.20004683877984525,0.30336527370417027,0.28865527197206664,0.36197409065494457,0.7518796992481203,0.00437636761487965,0.13831258644536648
temporal_2,logistic,none,EQ,Accountancy,101,0.9,0.6832641770401107,0.21673582295988936,1.0746887966804979,0.9253112033195021,0.07468879668049792,0.0,0.9978118161925602,0.14285714285714285,0.9253112033195021,0.3423019431988042,0.07468879668049792,669,0.21673582295988936,0.0,723,457,266,0.6484619233435112,0.7161292770951162,0.9877107361507956,0.9996136273393242,0.10588156475218566,0.19000128130723934,0.30733929246172087,0.37906528734846967,0.8571428571428571,0.002188183807439825,0.07468879668049788
temporal_2,logistic,none,EQ,Global economics,7,0.9,0.9127218934911243,0.012721893491124292,1.6908284023668638,0.3091715976331361,0.6908284023668639,0.0,0.9540983606557377,0.8787061994609164,0.3091715976331361,0.2822966507177033,0.6908284023668639,209,0.0,0.012721893491124292,676,305,371,0.8890458819377353,0.9317337171293035,0.92443697021301,0.9724633392782087,0.8415484932858226,0.9081017745475888,0.22562759341356395,0.3468241248549998,0.12129380053908356,0.04590163934426229,0.6908284023668638
temporal_2,logistic,none,EQ,Global economics,19,0.9,0.863905325443787,0.03609467455621307,1.569526627218935,0.43047337278106507,0.5695266272189349,0.0,0.8524590163934426,0.8733153638814016,0.43047337278106507,0.3161512027491409,0.5695266272189349,291,0.03609467455621307,0.0,676,305,371,0.8359922248424769,0.8877059162703957,0.8082803618575715,0.887869697855829,0.8356006737706091,0.903378415873003,0.26541858968058324,0.37167450968211063,0.12668463611859837,0.14754098360655737,0.569526627218935
temporal_2,logistic,none,EQ,Global economics,42,0.9,0.871301775147929,0.028698224852071075,1.5828402366863905,0.4171597633136095,0.5828402366863905,0.0,0.9049180327868852,0.8436657681940701,0.4171597633136095,0.30851063829787234,0.5828402366863905,282,0.028698224852071075,0.0,676,305,371,0.8439446093562066,0.8944628435679032,0.866782094349739,0.9329809975070514,0.803210328186466,0.8770772814132493,0.25747797328266214,0.364690201881363,0.15633423180592992,0.09508196721311475,0.5828402366863905
temporal_2,logistic,none,EQ,Global economics,73,0.9,0.9097633136094675,0.009763313609467472,1.6967455621301775,0.3032544378698225,0.6967455621301775,0.0,0.9114754098360656,0.9083557951482479,0.3032544378698225,0.2975609756097561,0.6967455621301775,205,0.0,0.009763313609467472,676,305,371,0.885786103532988,0.9291097708095558,0.8742666327799533,0.938448088094761,0.8746643922544663,0.9336773556228419,0.2391671966585593,0.3634021376647482,0.09164420485175202,0.08852459016393442,0.6967455621301775
temporal_2,logistic,none,EQ,Global economics,101,0.9,0.893491124260355,0.0065088757396449815,1.6597633136094674,0.34023668639053256,0.6597633136094675,0.0,0.9639344262295082,0.8355795148247979,0.34023668639053256,0.3130434782608696,0.6597633136094675,230,0.0065088757396449815,0.0,676,305,371,0.8679723292116954,0.9145630591461262,0.9365834590822175,0.9797442939358867,0.7944602711449159,0.8698205711701,0.25659878659594665,0.37563067162880986,0.16442048517520216,0.036065573770491806,0.6597633136094674
temporal_2,logistic,none,MCP,Accountancy,7,0.9,0.706777316735823,0.19322268326417702,1.1051175656984786,0.8948824343015215,0.10511756569847856,0.0,0.9934354485776805,0.21428571428571427,0.8948824343015215,0.3276661514683153,0.10511756569847856,647,0.19322268326417702,0.0,723,457,266,0.6725709782162581,0.7387979611465705,0.9808795889404179,0.9977649999256127,0.16922657862546975,0.26747969822207024,0.2926095512859796,0.36475708235768906,0.7857142857142857,0.006564551422319475,0.10511756569847852
temporal_2,logistic,none,MCP,Accountancy,19,0.9,0.7247579529737206,0.17524204702627943,1.1327800829875518,0.8672199170124482,0.13278008298755187,0.0,0.9803063457330415,0.2857142857142857,0.8672199170124482,0.31738437001594894,0.13278008298755187,627,0.17524204702627943,0.0,723,457,266,0.6910783663230692,0.7560617851582662,0.9630000708896762,0.9896051941040875,0.23477773571074162,0.3427519719249134,0.2821574494599207,0.3548353372410412,0.7142857142857143,0.019693654266958426,0.13278008298755184
temporal_2,logistic,none,MCP,Accountancy,42,0.9,0.7302904564315352,0.1697095435684648,1.1452282157676348,0.8547717842323651,0.14522821576763487,0.0,0.9824945295404814,0.29699248120300753,0.8547717842323651,0.3155339805825243,0.14522821576763487,618,0.1697095435684648,0.0,723,457,266,0.6967859443501008,0.761360733936929,0.9658415468623841,0.9911036054434242,0.24528712564130656,0.3544778605398404,0.2801293243636842,0.3532177341737186,0.7030075187969925,0.0175054704595186,0.1452282157676349
temporal_2,logistic,none,MCP,Accountancy,73,0.9,0.7261410788381742,0.17385892116182577,1.1452282157676348,0.8547717842323651,0.14522821576763487,0.0,0.9956236323851203,0.2631578947368421,0.8547717842323651,0.32038834951456313,0.14522821576763487,618,0.17385892116182577,0.0,723,457,266,0.6925046751685475,0.7573871080142114,0.9841854555926877,0.9987990205853874,0.2138816082258192,0.31917754231885215,0.28480554749829945,0.35819027265654013,0.7368421052631579,0.00437636761487965,0.1452282157676349
temporal_2,logistic,none,MCP,Accountancy,101,0.9,0.6832641770401107,0.21673582295988936,1.0746887966804979,0.9253112033195021,0.07468879668049792,0.0,0.9978118161925602,0.14285714285714285,0.9253112033195021,0.3423019431988042,0.07468879668049792,669,0.21673582295988936,0.0,723,457,266,0.6484619233435112,0.7161292770951162,0.9877107361507956,0.9996136273393242,0.10588156475218566,0.19000128130723934,0.30733929246172087,0.37906528734846967,0.8571428571428571,0.002188183807439825,0.07468879668049788
temporal_2,logistic,none,MCP,Global economics,7,0.9,0.9127218934911243,0.012721893491124292,1.6923076923076923,0.3076923076923077,0.6923076923076923,0.0,0.9540983606557377,0.8787061994609164,0.3076923076923077,0.28365384615384615,0.6923076923076923,208,0.0,0.012721893491124292,676,305,371,0.8890458819377353,0.9317337171293035,0.92443697021301,0.9724633392782087,0.8415484932858226,0.9081017745475888,0.22674898731714452,0.3484049957557469,0.12129380053908356,0.04590163934426229,0.6923076923076923
temporal_2,logistic,none,MCP,Global economics,19,0.9,0.8742603550295858,0.025739644970414255,1.5946745562130178,0.40532544378698226,0.5946745562130178,0.0,0.8622950819672132,0.8840970350404312,0.40532544378698226,0.3102189781021898,0.5946745562130178,274,0.025739644970414255,0.0,676,305,371,0.8471330024846304,0.8971581751639743,0.8190943394064567,0.8964831638338298,0.8475168185706914,0.9128046274525194,0.2583871094493058,0.3672987027349848,0.11590296495956873,0.1377049180327869,0.5946745562130178
temporal_2,logistic,none,MCP,Global economics,42,0.9,0.8742603550295858,0.025739644970414255,1.5961538461538463,0.40384615384615385,0.5961538461538461,0.0,0.9114754098360656,0.8436657681940701,0.40384615384615385,0.31135531135531136,0.5961538461538461,273,0.025739644970414255,0.0,676,305,371,0.8471330024846304,0.8971581751639743,0.8742666327799533,0.938448088094761,0.803210328186466,0.8770772814132493,0.25936475836877765,0.3685811409240322,0.15633423180592992,0.08852459016393442,0.5961538461538461
temporal_2,logistic,none,MCP,Global economics,73,0.9,0.915680473372781,0.015680473372781,1.7085798816568047,0.29142011834319526,0.7085798816568047,0.0,0.9147540983606557,0.9164420485175202,0.29142011834319526,0.2893401015228426,0.7085798816568047,197,0.0,0.015680473372781,676,305,371,0.8923128075307859,0.9343505162607476,0.8780272582985046,0.9411632770851716,0.8838373176746618,0.9405111974873458,0.23052718804685568,0.35621152373426035,0.08355795148247978,0.08524590163934426,0.7085798816568047
temporal_2,logistic,none,MCP,Global economics,101,0.9,0.893491124260355,0.0065088757396449815,1.6597633136094674,0.34023668639053256,0.6597633136094675,0.0,0.9639344262295082,0.8355795148247979,0.34023668639053256,0.3130434782608696,0.6597633136094675,230,0.0065088757396449815,0.0,676,305,371,0.8679723292116954,0.9145630591461262,0.9365834590822175,0.9797442939358867,0.7944602711449159,0.8698205711701,0.25659878659594665,0.37563067162880986,0.16442048517520216,0.036065573770491806,0.6597633136094674
temporal_2,logistic,platt,EIQ-batch,Accountancy,7,0.9,0.6915629322268326,0.2084370677731674,1.0774550484094052,0.9225449515905948,0.07745504840940526,0.0,0.9934354485776805,0.17293233082706766,0.9225449515905948,0.3343328335832084,0.07745504840940526,667,0.2084370677731674,0.0,723,457,266,0.6569593561579637,0.7241416344892052,0.9808795889404179,0.9977649999256127,0.13222541448584338,0.22295150769489322,0.2995698811654946,0.37099311536052954,0.8270676691729323,0.006564551422319475,0.0774550484094052
temporal_2,logistic,platt,EIQ-batch,Accountancy,19,0.9,0.7482710926694329,0.1517289073305671,1.1798063623789765,0.8201936376210235,0.1798063623789765,0.0,0.9803063457330415,0.34962406015037595,0.8201936376210235,0.3069139966273187,0.1798063623789765,593,0.1517289073305671,0.0,723,457,266,0.715379863051383,0.7785380273541536,0.9630000708896762,0.9896051941040875,0.29482921709943055,0.4087004022940116,0.2711342938432061,0.34517922356477737,0.650375939849624,0.019693654266958426,0.17980636237897651
temporal_2,logistic,platt,EIQ-batch,Accountancy,42,0.9,0.7178423236514523,0.18215767634854774,1.1147994467496543,0.8852005532503457,0.11479944674965421,0.0,0.9781181619256017,0.2706766917293233,0.8852005532503457,0.31875,0.11479944674965421,640,0.18215767634854774,0.0,723,457,266,0.6839525977278897,0.7494293952463276,0.9601937423423856,0.9880716353393337,0.22082829242809246,0.3270543771469067,0.28382061180323015,0.35584223248618885,0.7293233082706767,0.02188183807439825,0.11479944674965425
temporal_2,logistic,platt,EIQ-batch,Accountancy,73,0.9,0.6998616874135546,0.20013831258644543,1.0899031811894881,0.9100968188105117,0.08990318118948824,0.0,0.975929978118162,0.22556390977443608,0.9100968188105117,0.32978723404255317,0.08990318118948824,658,0.20013831258644543,0.0,723,457,266,0.6654694121282435,0.732141368727467,0.9574179470267523,0.9865075433429227,0.17945004019499483,0.279491515198037,0.2949441337667825,0.36660623148362714,0.7744360902255639,0.024070021881838075,0.08990318118948826
temporal_2,logistic,platt,EIQ-batch,Accountancy,101,0.9,0.677731673582296,0.222268326417704,1.062240663900415,0.9377593360995851,0.06224066390041494,0.0,0.9934354485776805,0.13533834586466165,0.9377593360995851,0.34365781710914456,0.06224066390041494,678,0.222268326417704,0.0,723,457,266,0.642803846971325,0.7107808266616079,0.9808795889404179,0.9977649999256127,0.09938514482261279,0.18167418220648435,0.3088798019932683,0.38019747945178645,0.8646616541353384,0.006564551422319475,0.06224066390041494
temporal_2,logistic,platt,EIQ-batch,Global economics,7,0.9,0.8816568047337278,0.01834319526627226,1.6168639053254439,0.3831360946745562,0.6168639053254438,0.0,0.9311475409836065,0.8409703504043127,0.3831360946745562,0.3088803088803089,0.6168639053254438,259,0.01834319526627226,0.0,676,305,371,0.85512371214485,0.9038767773149922,0.8970411104763275,0.9545284974521578,0.8002899947210882,0.8746620257837272,0.25574735305626894,0.3675997382124031,0.15902964959568733,0.06885245901639345,0.6168639053254438
temporal_2,logistic,platt,EIQ-batch,Global economics,19,0.9,0.8994082840236687,0.0005917159763313418,1.6449704142011834,0.35502958579881655,0.6449704142011834,0.0,0.8622950819672132,0.9299191374663073,0.35502958579881655,0.2833333333333333,0.6449704142011834,240,0.0005917159763313418,0.0,676,305,371,0.8744288925186824,0.9198739452881292,0.8190943394064567,0.8964831638338298,0.8992971295217117,0.9517293311147946,0.2300847737601461,0.34340859154786263,0.07008086253369272,0.1377049180327869,0.6449704142011834
temporal_2,logistic,platt,EIQ-batch,Global economics,42,0.9,0.8476331360946746,0.05236686390532541,1.5355029585798816,0.46449704142011833,0.5355029585798816,0.0,0.8786885245901639,0.8221024258760108,0.46449704142011833,0.32802547770700635,0.5355029585798816,314,0.05236686390532541,0.0,676,305,371,0.8185832195158125,0.8727544356123385,0.8372625475338719,0.9106940282512236,0.7799465989168978,0.8576562979236194,0.27844749042099265,0.38176046230890376,0.1778975741239892,0.12131147540983607,0.5355029585798816
temporal_2,logistic,platt,EIQ-batch,Global economics,73,0.9,0.8284023668639053,0.07159763313609468,1.4733727810650887,0.5266272189349113,0.47337278106508873,0.0,0.7540983606557377,0.889487870619946,0.5266272189349113,0.3258426966292135,0.47337278106508873,356,0.07159763313609468,0.0,676,305,371,0.7981446851241084,0.8549487592948256,0.7028080840232424,0.7990675404213022,0.853506866385511,0.9174857578274993,0.27924038819191227,0.37616340989632285,0.1105121293800539,0.2459016393442623,0.47337278106508873
temporal_2,logistic,platt,EIQ-batch,Global economics,101,0.9,0.841715976331361,0.05828402366863905,1.529585798816568,0.47041420118343197,0.5295857988165681,0.0,0.8918032786885246,0.8005390835579514,0.47041420118343197,0.33647798742138363,0.5295857988165681,318,0.05828402366863905,0.0,676,305,371,0.8122796789723574,0.8672905267068036,0.8519453148979848,0.9219145189229583,0.7568895931061315,0.8380285909751879,0.28677108701811993,0.3900884438170886,0.19946091644204852,0.10819672131147541,0.529585798816568
temporal_2,logistic,platt,EQ,Accountancy,7,0.9,0.706777316735823,0.19322268326417702,1.1051175656984786,0.8948824343015215,0.10511756569847856,0.0,0.9934354485776805,0.21428571428571427,0.8948824343015215,0.3276661514683153,0.10511756569847856,647,0.19322268326417702,0.0,723,457,266,0.6725709782162581,0.7387979611465705,0.9808795889404179,0.9977649999256127,0.16922657862546975,0.26747969822207024,0.2926095512859796,0.36475708235768906,0.7857142857142857,0.006564551422319475,0.10511756569847852
temporal_2,logistic,platt,EQ,Accountancy,19,0.9,0.719225449515906,0.18077455048409408,1.1217150760719226,0.8782849239280774,0.12171507607192254,0.0,0.9781181619256017,0.2744360902255639,0.8782849239280774,0.31968503937007875,0.12171507607192254,635,0.18077455048409408,0.0,723,457,266,0.6853769871966434,0.7507566374789975,0.9601937423423856,0.9880716353393337,0.2243087323402796,0.33098569674988365,0.28458978062861384,0.35694882517393434,0.7255639097744361,0.02188183807439825,0.12171507607192256
temporal_2,logistic,platt,EQ,Accountancy,42,0.9,0.7289073305670816,0.17109266943291845,1.1410788381742738,0.8589211618257261,0.14107883817427386,0.0,0.9824945295404814,0.2932330827067669,0.8589211618257261,0.31561996779388085,0.14107883817427386,621,0.17109266943291845,0.0,723,457,266,0.6953584623319915,0.7600365842536145,0.9658415468623841,0.9911036054434242,0.24177959374732277,0.3505736329186601,0.2802945729941319,0.3532124602424153,0.706766917293233,0.0175054704595186,0.1410788381742739
temporal_2,logistic,platt,EQ,Accountancy,73,0.9,0.7206085753803596,0.17939142461964042,1.1383125864453665,0.8616874135546335,0.13831258644536654,0.0,0.9956236323851203,0.24812030075187969,0.8616874135546335,0.32423756019261635,0.13831258644536654,623,0.17939142461964042,0.0,723,457,266,0.6868017570644601,0.7520834993126045,0.9841854555926877,0.9987990205853874,0.20004683877984525,0.30336527370417027,0.28865527197206664,0.36197409065494457,0.7518796992481203,0.00437636761487965,0.13831258644536648
temporal_2,logistic,platt,EQ,Accountancy,101,0.9,0.6832641770401107,0.21673582295988936,1.0746887966804979,0.9253112033195021,0.07468879668049792,0.0,0.9978118161925602,0.14285714285714285,0.9253112033195021,0.3423019431988042,0.07468879668049792,669,0.21673582295988936,0.0,723,457,266,0.6484619233435112,0.7161292770951162,0.9877107361507956,0.9996136273393242,0.10588156475218566,0.19000128130723934,0.30733929246172087,0.37906528734846967,0.8571428571428571,0.002188183807439825,0.07468879668049788
temporal_2,logistic,platt,EQ,Global economics,7,0.9,0.9127218934911243,0.012721893491124292,1.6908284023668638,0.3091715976331361,0.6908284023668639,0.0,0.9540983606557377,0.8787061994609164,0.3091715976331361,0.2822966507177033,0.6908284023668639,209,0.0,0.012721893491124292,676,305,371,0.8890458819377353,0.9317337171293035,0.92443697021301,0.9724633392782087,0.8415484932858226,0.9081017745475888,0.22562759341356395,0.3468241248549998,0.12129380053908356,0.04590163934426229,0.6908284023668638
temporal_2,logistic,platt,EQ,Global economics,19,0.9,0.863905325443787,0.03609467455621307,1.569526627218935,0.43047337278106507,0.5695266272189349,0.0,0.8524590163934426,0.8733153638814016,0.43047337278106507,0.3161512027491409,0.5695266272189349,291,0.03609467455621307,0.0,676,305,371,0.8359922248424769,0.8877059162703957,0.8082803618575715,0.887869697855829,0.8356006737706091,0.903378415873003,0.26541858968058324,0.37167450968211063,0.12668463611859837,0.14754098360655737,0.569526627218935
temporal_2,logistic,platt,EQ,Global economics,42,0.9,0.871301775147929,0.028698224852071075,1.5828402366863905,0.4171597633136095,0.5828402366863905,0.0,0.9049180327868852,0.8436657681940701,0.4171597633136095,0.30851063829787234,0.5828402366863905,282,0.028698224852071075,0.0,676,305,371,0.8439446093562066,0.8944628435679032,0.866782094349739,0.9329809975070514,0.803210328186466,0.8770772814132493,0.25747797328266214,0.364690201881363,0.15633423180592992,0.09508196721311475,0.5828402366863905
temporal_2,logistic,platt,EQ,Global economics,73,0.9,0.9097633136094675,0.009763313609467472,1.6967455621301775,0.3032544378698225,0.6967455621301775,0.0,0.9114754098360656,0.9083557951482479,0.3032544378698225,0.2975609756097561,0.6967455621301775,205,0.0,0.009763313609467472,676,305,371,0.885786103532988,0.9291097708095558,0.8742666327799533,0.938448088094761,0.8746643922544663,0.9336773556228419,0.2391671966585593,0.3634021376647482,0.09164420485175202,0.08852459016393442,0.6967455621301775
temporal_2,logistic,platt,EQ,Global economics,101,0.9,0.893491124260355,0.0065088757396449815,1.6597633136094674,0.34023668639053256,0.6597633136094675,0.0,0.9639344262295082,0.8355795148247979,0.34023668639053256,0.3130434782608696,0.6597633136094675,230,0.0065088757396449815,0.0,676,305,371,0.8679723292116954,0.9145630591461262,0.9365834590822175,0.9797442939358867,0.7944602711449159,0.8698205711701,0.25659878659594665,0.37563067162880986,0.16442048517520216,0.036065573770491806,0.6597633136094674
temporal_2,logistic,platt,MCP,Accountancy,7,0.9,0.706777316735823,0.19322268326417702,1.1051175656984786,0.8948824343015215,0.10511756569847856,0.0,0.9934354485776805,0.21428571428571427,0.8948824343015215,0.3276661514683153,0.10511756569847856,647,0.19322268326417702,0.0,723,457,266,0.6725709782162581,0.7387979611465705,0.9808795889404179,0.9977649999256127,0.16922657862546975,0.26747969822207024,0.2926095512859796,0.36475708235768906,0.7857142857142857,0.006564551422319475,0.10511756569847852
temporal_2,logistic,platt,MCP,Accountancy,19,0.9,0.7247579529737206,0.17524204702627943,1.1327800829875518,0.8672199170124482,0.13278008298755187,0.0,0.9803063457330415,0.2857142857142857,0.8672199170124482,0.31738437001594894,0.13278008298755187,627,0.17524204702627943,0.0,723,457,266,0.6910783663230692,0.7560617851582662,0.9630000708896762,0.9896051941040875,0.23477773571074162,0.3427519719249134,0.2821574494599207,0.3548353372410412,0.7142857142857143,0.019693654266958426,0.13278008298755184
temporal_2,logistic,platt,MCP,Accountancy,42,0.9,0.7302904564315352,0.1697095435684648,1.1452282157676348,0.8547717842323651,0.14522821576763487,0.0,0.9824945295404814,0.29699248120300753,0.8547717842323651,0.3155339805825243,0.14522821576763487,618,0.1697095435684648,0.0,723,457,266,0.6967859443501008,0.761360733936929,0.9658415468623841,0.9911036054434242,0.24528712564130656,0.3544778605398404,0.2801293243636842,0.3532177341737186,0.7030075187969925,0.0175054704595186,0.1452282157676349
temporal_2,logistic,platt,MCP,Accountancy,73,0.9,0.7261410788381742,0.17385892116182577,1.1452282157676348,0.8547717842323651,0.14522821576763487,0.0,0.9956236323851203,0.2631578947368421,0.8547717842323651,0.32038834951456313,0.14522821576763487,618,0.17385892116182577,0.0,723,457,266,0.6925046751685475,0.7573871080142114,0.9841854555926877,0.9987990205853874,0.2138816082258192,0.31917754231885215,0.28480554749829945,0.35819027265654013,0.7368421052631579,0.00437636761487965,0.1452282157676349
temporal_2,logistic,platt,MCP,Accountancy,101,0.9,0.6832641770401107,0.21673582295988936,1.0746887966804979,0.9253112033195021,0.07468879668049792,0.0,0.9978118161925602,0.14285714285714285,0.9253112033195021,0.3423019431988042,0.07468879668049792,669,0.21673582295988936,0.0,723,457,266,0.6484619233435112,0.7161292770951162,0.9877107361507956,0.9996136273393242,0.10588156475218566,0.19000128130723934,0.30733929246172087,0.37906528734846967,0.8571428571428571,0.002188183807439825,0.07468879668049788
temporal_2,logistic,platt,MCP,Global economics,7,0.9,0.9127218934911243,0.012721893491124292,1.6923076923076923,0.3076923076923077,0.6923076923076923,0.0,0.9540983606557377,0.8787061994609164,0.3076923076923077,0.28365384615384615,0.6923076923076923,208,0.0,0.012721893491124292,676,305,371,0.8890458819377353,0.9317337171293035,0.92443697021301,0.9724633392782087,0.8415484932858226,0.9081017745475888,0.22674898731714452,0.3484049957557469,0.12129380053908356,0.04590163934426229,0.6923076923076923
temporal_2,logistic,platt,MCP,Global economics,19,0.9,0.8742603550295858,0.025739644970414255,1.5946745562130178,0.40532544378698226,0.5946745562130178,0.0,0.8622950819672132,0.8840970350404312,0.40532544378698226,0.3102189781021898,0.5946745562130178,274,0.025739644970414255,0.0,676,305,371,0.8471330024846304,0.8971581751639743,0.8190943394064567,0.8964831638338298,0.8475168185706914,0.9128046274525194,0.2583871094493058,0.3672987027349848,0.11590296495956873,0.1377049180327869,0.5946745562130178
temporal_2,logistic,platt,MCP,Global economics,42,0.9,0.8742603550295858,0.025739644970414255,1.5961538461538463,0.40384615384615385,0.5961538461538461,0.0,0.9114754098360656,0.8436657681940701,0.40384615384615385,0.31135531135531136,0.5961538461538461,273,0.025739644970414255,0.0,676,305,371,0.8471330024846304,0.8971581751639743,0.8742666327799533,0.938448088094761,0.803210328186466,0.8770772814132493,0.25936475836877765,0.3685811409240322,0.15633423180592992,0.08852459016393442,0.5961538461538461
temporal_2,logistic,platt,MCP,Global economics,73,0.9,0.915680473372781,0.015680473372781,1.7085798816568047,0.29142011834319526,0.7085798816568047,0.0,0.9147540983606557,0.9164420485175202,0.29142011834319526,0.2893401015228426,0.7085798816568047,197,0.0,0.015680473372781,676,305,371,0.8923128075307859,0.9343505162607476,0.8780272582985046,0.9411632770851716,0.8838373176746618,0.9405111974873458,0.23052718804685568,0.35621152373426035,0.08355795148247978,0.08524590163934426,0.7085798816568047
temporal_2,logistic,platt,MCP,Global economics,101,0.9,0.893491124260355,0.0065088757396449815,1.6597633136094674,0.34023668639053256,0.6597633136094675,0.0,0.9639344262295082,0.8355795148247979,0.34023668639053256,0.3130434782608696,0.6597633136094675,230,0.0065088757396449815,0.0,676,305,371,0.8679723292116954,0.9145630591461262,0.9365834590822175,0.9797442939358867,0.7944602711449159,0.8698205711701,0.25659878659594665,0.37563067162880986,0.16442048517520216,0.036065573770491806,0.6597633136094674
