setting,model,method,seed,zero_activity,nominal_coverage,observed_coverage,coverage_gap,average_set_size,singleton_rate,ambiguity_rate,empty_set_rate,pass_coverage,fail_coverage,automatic_coverage,automatic_error_rate,deferral_rate,n_automatic,undercoverage,overcoverage,n_test,n_pass,n_fail,coverage_ci_lower,coverage_ci_upper,pass_ci_lower,pass_ci_upper,fail_ci_lower,fail_ci_upper,automatic_error_ci_lower,automatic_error_ci_upper,automatic_false_negative_fraction,automatic_false_positive_fraction,failure_rate
course_1,catboost,EIQ-batch,7,0,0.9,0.9547021171836534,0.054702117183653365,1.8695224027572623,0.13047759724273758,0.8695224027572624,0.0,0.9836538461538461,0.9243188698284561,0.13047759724273758,0.3471698113207547,0.8695224027572624,265,0.0,0.054702117183653365,2031,1040,991,0.9447674546240459,0.9629199683904435,0.9739783433638015,0.9897695433474175,0.906163713003132,0.9391971156428102,0.2924040038877701,0.40630318080272976,0.07568113017154389,0.016346153846153847,0.4879369768586903
course_1,catboost,EIQ-batch,7,1,0.9,1.0,0.09999999999999998,2.0,0.0,1.0,0.0,1.0,1.0,0.0,,1.0,0,0.0,0.09999999999999998,69,26,43,0.9472627418109483,1.0,0.8712710781407846,1.0,0.9179901967742088,1.0,,,0.0,0.0,0.6231884057971014
course_1,catboost,EIQ-batch,19,0,0.9,0.8892171344165436,0.010782865583456425,1.7168882323978336,0.28311176760216644,0.7168882323978336,0.0,0.7875,0.9959636730575177,0.28311176760216644,0.391304347826087,0.7168882323978336,575,0.010782865583456425,0.0,2031,1040,991,0.8748254421235153,0.9021392659359906,0.761603205607736,0.8112807270496287,0.9896678742332425,0.9984292655514913,0.3522610505099723,0.4317903540755434,0.004036326942482341,0.2125,0.4879369768586903
course_1,catboost,EIQ-batch,19,1,0.9,1.0,0.09999999999999998,2.0,0.0,1.0,0.0,1.0,1.0,0.0,,1.0,0,0.0,0.09999999999999998,69,26,43,0.9472627418109483,1.0,0.8712710781407846,1.0,0.9179901967742088,1.0,,,0.0,0.0,0.6231884057971014
course_1,catboost,EIQ-batch,42,0,0.9,0.9438700147710487,0.04387001477104868,1.8375184638109305,0.16248153618906944,0.8375184638109305,0.0,0.9115384615384615,0.9778002018163471,0.16248153618906944,0.34545454545454546,0.8375184638109305,330,0.0,0.04387001477104868,2031,1040,991,0.9329961769083082,0.953067939873026,0.8927310627412458,0.9273168408619387,0.9666159249120033,0.9852945444431777,0.2961932949189916,0.3982724543012569,0.022199798183652877,0.08846153846153847,0.4879369768586903
course_1,catboost,EIQ-batch,42,1,0.9,1.0,0.09999999999999998,2.0,0.0,1.0,0.0,1.0,1.0,0.0,,1.0,0,0.0,0.09999999999999998,69,26,43,0.9472627418109483,1.0,0.8712710781407846,1.0,0.9179901967742088,1.0,,,0.0,0.0,0.6231884057971014
course_1,catboost,EIQ-batch,73,0,0.9,0.9389463318562284,0.03894633185622842,1.825701624815362,0.17429837518463812,0.8257016248153619,0.0,0.8923076923076924,0.987891019172553,0.17429837518463812,0.3502824858757062,0.8257016248153619,354,0.0,0.03894633185622842,2031,1040,991,0.9276817076733034,0.9485536335475057,0.8720033062152288,0.9097246018924798,0.9789544026016515,0.9930597725477255,0.3024354531275045,0.4013439793917608,0.012108980827447022,0.1076923076923077,0.4879369768586903
course_1,catboost,EIQ-batch,73,1,0.9,1.0,0.09999999999999998,2.0,0.0,1.0,0.0,1.0,1.0,0.0,,1.0,0,0.0,0.09999999999999998,69,26,43,0.9472627418109483,1.0,0.8712710781407846,1.0,0.9179901967742088,1.0,,,0.0,0.0,0.6231884057971014
course_1,catboost,EIQ-batch,101,0,0.9,0.9586410635155096,0.05864106351550957,1.8838010832102412,0.11619891678975874,0.8838010832102413,0.0,0.9490384615384615,0.9687184661957619,0.11619891678975874,0.3559322033898305,0.8838010832102413,236,0.0,0.05864106351550957,2031,1040,991,0.9490804219931093,0.9664700214698001,0.9339428197864555,0.9608290750329068,0.955941020984577,0.9778761131558277,0.2976009632860347,0.4188784129887865,0.03128153380423814,0.05096153846153846,0.4879369768586903
course_1,catboost,EIQ-batch,101,1,0.9,1.0,0.09999999999999998,2.0,0.0,1.0,0.0,1.0,1.0,0.0,,1.0,0,0.0,0.09999999999999998,69,26,43,0.9472627418109483,1.0,0.8712710781407846,1.0,0.9179901967742088,1.0,,,0.0,0.0,0.6231884057971014
course_1,catboost,EQ,7,0,0.9,0.982274741506647,0.08227474150664693,1.9497784342688331,0.050221565731166914,0.9497784342688331,0.0,0.9836538461538461,0.9808274470232089,0.050221565731166914,0.35294117647058826,0.9497784342688331,102,0.0,0.08227474150664693,2031,1040,991,0.9755592604432883,0.9871693057101412,0.9739783433638015,0.9897695433474175,0.9702495375358658,0.9876920435575739,0.26707997479873313,0.4494772199502266,0.01917255297679112,0.016346153846153847,0.4879369768586903
course_1,catboost,EQ,7,1,0.9,1.0,0.09999999999999998,2.0,0.0,1.0,0.0,1.0,1.0,0.0,,1.0,0,0.0,0.09999999999999998,69,26,43,0.9472627418109483,1.0,0.8712710781407846,1.0,0.9179901967742088,1.0,,,0.0,0.0,0.6231884057971014
course_1,catboost,EQ,19,0,0.9,0.8892171344165436,0.010782865583456425,1.7168882323978336,0.28311176760216644,0.7168882323978336,0.0,0.7875,0.9959636730575177,0.28311176760216644,0.391304347826087,0.7168882323978336,575,0.010782865583456425,0.0,2031,1040,991,0.8748254421235153,0.9021392659359906,0.761603205607736,0.8112807270496287,0.9896678742332425,0.9984292655514913,0.3522610505099723,0.4317903540755434,0.004036326942482341,0.2125,0.4879369768586903
course_1,catboost,EQ,19,1,0.9,1.0,0.09999999999999998,2.0,0.0,1.0,0.0,1.0,1.0,0.0,,1.0,0,0.0,0.09999999999999998,69,26,43,0.9472627418109483,1.0,0.8712710781407846,1.0,0.9179901967742088,1.0,,,0.0,0.0,0.6231884057971014
course_1,catboost,EQ,42,0,0.9,0.8714918759231906,0.02850812407680947,1.675036927621861,0.3249630723781389,0.6750369276218612,0.0,0.7701923076923077,0.9778002018163471,0.3249630723781389,0.39545454545454545,0.6750369276218612,660,0.02850812407680947,0.0,2031,1040,991,0.8562331406401189,0.8853479754014968,0.7436567242564082,0.7947392124550284,0.9666159249120033,0.9852945444431777,0.35886010474708296,0.43325893487247447,0.022199798183652877,0.2298076923076923,0.4879369768586903
course_1,catboost,EQ,42,1,0.9,1.0,0.09999999999999998,2.0,0.0,1.0,0.0,1.0,1.0,0.0,,1.0,0,0.0,0.09999999999999998,69,26,43,0.9472627418109483,1.0,0.8712710781407846,1.0,0.9179901967742088,1.0,,,0.0,0.0,0.6231884057971014
course_1,catboost,EQ,73,0,0.9,0.9389463318562284,0.03894633185622842,1.825701624815362,0.17429837518463812,0.8257016248153619,0.0,0.8923076923076924,0.987891019172553,0.17429837518463812,0.3502824858757062,0.8257016248153619,354,0.0,0.03894633185622842,2031,1040,991,0.9276817076733034,0.9485536335475057,0.8720033062152288,0.9097246018924798,0.9789544026016515,0.9930597725477255,0.3024354531275045,0.4013439793917608,0.012108980827447022,0.1076923076923077,0.4879369768586903
course_1,catboost,EQ,73,1,0.9,1.0,0.09999999999999998,2.0,0.0,1.0,0.0,1.0,1.0,0.0,,1.0,0,0.0,0.09999999999999998,69,26,43,0.9472627418109483,1.0,0.8712710781407846,1.0,0.9179901967742088,1.0,,,0.0,0.0,0.6231884057971014
course_1,catboost,EQ,101,0,0.9,0.9586410635155096,0.05864106351550957,1.8838010832102412,0.11619891678975874,0.8838010832102413,0.0,0.9490384615384615,0.9687184661957619,0.11619891678975874,0.3559322033898305,0.8838010832102413,236,0.0,0.05864106351550957,2031,1040,991,0.9490804219931093,0.9664700214698001,0.9339428197864555,0.9608290750329068,0.955941020984577,0.9778761131558277,0.2976009632860347,0.4188784129887865,0.03128153380423814,0.05096153846153846,0.4879369768586903
course_1,catboost,EQ,101,1,0.9,1.0,0.09999999999999998,2.0,0.0,1.0,0.0,1.0,1.0,0.0,,1.0,0,0.0,0.09999999999999998,69,26,43,0.9472627418109483,1.0,0.8712710781407846,1.0,0.9179901967742088,1.0,,,0.0,0.0,0.6231884057971014
course_1,catboost,MCP,7,0,0.9,0.982274741506647,0.08227474150664693,1.9497784342688331,0.050221565731166914,0.9497784342688331,0.0,0.9836538461538461,0.9808274470232089,0.050221565731166914,0.35294117647058826,0.9497784342688331,102,0.0,0.08227474150664693,2031,1040,991,0.9755592604432883,0.9871693057101412,0.9739783433638015,0.9897695433474175,0.9702495375358658,0.9876920435575739,0.26707997479873313,0.4494772199502266,0.01917255297679112,0.016346153846153847,0.4879369768586903
course_1,catboost,MCP,7,1,0.9,1.0,0.09999999999999998,2.0,0.0,1.0,0.0,1.0,1.0,0.0,,1.0,0,0.0,0.09999999999999998,69,26,43,0.9472627418109483,1.0,0.8712710781407846,1.0,0.9179901967742088,1.0,,,0.0,0.0,0.6231884057971014
course_1,catboost,MCP,19,0,0.9,0.8892171344165436,0.010782865583456425,1.7168882323978336,0.28311176760216644,0.7168882323978336,0.0,0.7875,0.9959636730575177,0.28311176760216644,0.391304347826087,0.7168882323978336,575,0.010782865583456425,0.0,2031,1040,991,0.8748254421235153,0.9021392659359906,0.761603205607736,0.8112807270496287,0.9896678742332425,0.9984292655514913,0.3522610505099723,0.4317903540755434,0.004036326942482341,0.2125,0.4879369768586903
course_1,catboost,MCP,19,1,0.9,1.0,0.09999999999999998,2.0,0.0,1.0,0.0,1.0,1.0,0.0,,1.0,0,0.0,0.09999999999999998,69,26,43,0.9472627418109483,1.0,0.8712710781407846,1.0,0.9179901967742088,1.0,,,0.0,0.0,0.6231884057971014
course_1,catboost,MCP,42,0,0.9,0.8714918759231906,0.02850812407680947,1.675036927621861,0.3249630723781389,0.6750369276218612,0.0,0.7701923076923077,0.9778002018163471,0.3249630723781389,0.39545454545454545,0.6750369276218612,660,0.02850812407680947,0.0,2031,1040,991,0.8562331406401189,0.8853479754014968,0.7436567242564082,0.7947392124550284,0.9666159249120033,0.9852945444431777,0.35886010474708296,0.43325893487247447,0.022199798183652877,0.2298076923076923,0.4879369768586903
course_1,catboost,MCP,42,1,0.9,1.0,0.09999999999999998,2.0,0.0,1.0,0.0,1.0,1.0,0.0,,1.0,0,0.0,0.09999999999999998,69,26,43,0.9472627418109483,1.0,0.8712710781407846,1.0,0.9179901967742088,1.0,,,0.0,0.0,0.6231884057971014
course_1,catboost,MCP,73,0,0.9,0.9389463318562284,0.03894633185622842,1.825701624815362,0.17429837518463812,0.8257016248153619,0.0,0.8923076923076924,0.987891019172553,0.17429837518463812,0.3502824858757062,0.8257016248153619,354,0.0,0.03894633185622842,2031,1040,991,0.9276817076733034,0.9485536335475057,0.8720033062152288,0.9097246018924798,0.9789544026016515,0.9930597725477255,0.3024354531275045,0.4013439793917608,0.012108980827447022,0.1076923076923077,0.4879369768586903
course_1,catboost,MCP,73,1,0.9,1.0,0.09999999999999998,2.0,0.0,1.0,0.0,1.0,1.0,0.0,,1.0,0,0.0,0.09999999999999998,69,26,43,0.9472627418109483,1.0,0.8712710781407846,1.0,0.9179901967742088,1.0,,,0.0,0.0,0.6231884057971014
course_1,catboost,MCP,101,0,0.9,0.9586410635155096,0.05864106351550957,1.8838010832102412,0.11619891678975874,0.8838010832102413,0.0,0.9490384615384615,0.9687184661957619,0.11619891678975874,0.3559322033898305,0.8838010832102413,236,0.0,0.05864106351550957,2031,1040,991,0.9490804219931093,0.9664700214698001,0.9339428197864555,0.9608290750329068,0.955941020984577,0.9778761131558277,0.2976009632860347,0.4188784129887865,0.03128153380423814,0.05096153846153846,0.4879369768586903
course_1,catboost,MCP,101,1,0.9,1.0,0.09999999999999998,2.0,0.0,1.0,0.0,1.0,1.0,0.0,,1.0,0,0.0,0.09999999999999998,69,26,43,0.9472627418109483,1.0,0.8712710781407846,1.0,0.9179901967742088,1.0,,,0.0,0.0,0.6231884057971014
course_1,logistic,EIQ-batch,7,0,0.9,0.9419005416051206,0.04190054160512058,1.8242245199409157,0.1757754800590842,0.8242245199409158,0.0,1.0,0.8809283551967709,0.1757754800590842,0.33053221288515405,0.8242245199409158,357,0.0,0.04190054160512058,2031,1040,991,0.9308679680015888,0.9512646385555352,0.9963198828823736,1.0,0.8592783152086949,0.8996365785222045,0.2837670846070159,0.3809055935396321,0.11907164480322906,0.0,0.4879369768586903
course_1,logistic,EIQ-batch,7,1,0.9,1.0,0.09999999999999998,2.0,0.0,1.0,0.0,1.0,1.0,0.0,,1.0,0,0.0,0.09999999999999998,69,26,43,0.9472627418109483,1.0,0.8712710781407846,1.0,0.9179901967742088,1.0,,,0.0,0.0,0.6231884057971014
course_1,logistic,EIQ-batch,19,0,0.9,0.9202363367799113,0.020236336779911324,1.7636632200886262,0.2363367799113737,0.7636632200886263,0.0,0.8557692307692307,0.987891019172553,0.2363367799113737,0.3375,0.7636632200886263,480,0.0,0.020236336779911324,2031,1040,991,0.9076447064381077,0.9312412876527061,0.8331070984247599,0.8758128182415443,0.9789544026016515,0.9930597725477255,0.29663703219326326,0.38094330501010215,0.012108980827447022,0.14423076923076922,0.4879369768586903
course_1,logistic,EIQ-batch,19,1,0.9,1.0,0.09999999999999998,2.0,0.0,1.0,0.0,1.0,1.0,0.0,,1.0,0,0.0,0.09999999999999998,69,26,43,0.9472627418109483,1.0,0.8712710781407846,1.0,0.9179901967742088,1.0,,,0.0,0.0,0.6231884057971014
course_1,logistic,EIQ-batch,42,0,0.9,0.9108813392417529,0.01088133924175283,1.707040866568193,0.292959133431807,0.707040866568193,0.0,0.9134615384615384,0.9081735620585267,0.292959133431807,0.3042016806722689,0.707040866568193,595,0.0,0.01088133924175283,2031,1040,991,0.8977020270290985,0.9225092934967178,0.8948160836835848,0.9290638194691472,0.8885835327353568,0.9246113666398716,0.26858822892808326,0.34232715348573656,0.09182643794147326,0.08653846153846154,0.4879369768586903
course_1,logistic,EIQ-batch,42,1,0.9,1.0,0.09999999999999998,2.0,0.0,1.0,0.0,1.0,1.0,0.0,,1.0,0,0.0,0.09999999999999998,69,26,43,0.9472627418109483,1.0,0.8712710781407846,1.0,0.9179901967742088,1.0,,,0.0,0.0,0.6231884057971014
course_1,logistic,EIQ-batch,73,0,0.9,0.9340226489414082,0.03402264894140816,1.808961102904973,0.19103889709502708,0.8089611029049729,0.0,1.0,0.8647830474268415,0.19103889709502708,0.34536082474226804,0.8089611029049729,388,0.0,0.03402264894140816,2031,1040,991,0.9223862422029755,0.9440203234573085,0.9963198828823736,1.0,0.8420787590599105,0.8846702054002752,0.29977309640610644,0.39398059581125605,0.13521695257315844,0.0,0.4879369768586903
course_1,logistic,EIQ-batch,73,1,0.9,1.0,0.09999999999999998,2.0,0.0,1.0,0.0,1.0,1.0,0.0,,1.0,0,0.0,0.09999999999999998,69,26,43,0.9472627418109483,1.0,0.8712710781407846,1.0,0.9179901967742088,1.0,,,0.0,0.0,0.6231884057971014
course_1,logistic,EIQ-batch,101,0,0.9,0.9020187099950763,0.002018709995076251,1.6967011324470704,0.3032988675529296,0.6967011324470704,0.0,0.9653846153846154,0.8355196770938446,0.3032988675529296,0.32305194805194803,0.6967011324470704,616,0.0,0.002018709995076251,2031,1040,991,0.888320470593163,0.914199053923708,0.9524508804915551,0.9748930104989618,0.8111517373533325,0.8572964803036848,0.28731752036364205,0.360979641922396,0.16448032290615539,0.03461538461538462,0.4879369768586903
course_1,logistic,EIQ-batch,101,1,0.9,1.0,0.09999999999999998,2.0,0.0,1.0,0.0,1.0,1.0,0.0,,1.0,0,0.0,0.09999999999999998,69,26,43,0.9472627418109483,1.0,0.8712710781407846,1.0,0.9179901967742088,1.0,,,0.0,0.0,0.6231884057971014
course_1,logistic,EQ,7,0,0.9,0.8902018709995076,0.009798129000492373,1.6917774495322502,0.3082225504677499,0.6917774495322502,0.0,0.7903846153846154,0.9949545913218971,0.3082225504677499,0.3562300319488818,0.6917774495322502,626,0.009798129000492373,0.0,2031,1040,991,0.8758613712029104,0.9030690919687006,0.7646005467602931,0.8140313852213931,0.9882437341083471,0.9978430350969673,0.31969735261276183,0.3945164428127897,0.005045408678102927,0.20961538461538462,0.4879369768586903
course_1,logistic,EQ,7,1,0.9,1.0,0.09999999999999998,2.0,0.0,1.0,0.0,1.0,1.0,0.0,,1.0,0,0.0,0.09999999999999998,69,26,43,0.9472627418109483,1.0,0.8712710781407846,1.0,0.9179901967742088,1.0,,,0.0,0.0,0.6231884057971014
course_1,logistic,EQ,19,0,0.9,0.8655834564254062,0.03441654357459378,1.6386016740521911,0.36139832594780896,0.638601674052191,0.0,0.7490384615384615,0.987891019172553,0.36139832594780896,0.37193460490463215,0.638601674052191,734,0.03441654357459378,0.0,2031,1040,991,0.8500567048942794,0.8797298804747063,0.7218041479869223,0.7744397936794908,0.9789544026016515,0.9930597725477255,0.337720942297413,0.4074817733368047,0.012108980827447022,0.25096153846153846,0.4879369768586903
course_1,logistic,EQ,19,1,0.9,1.0,0.09999999999999998,2.0,0.0,1.0,0.0,1.0,1.0,0.0,,1.0,0,0.0,0.09999999999999998,69,26,43,0.9472627418109483,1.0,0.8712710781407846,1.0,0.9179901967742088,1.0,,,0.0,0.0,0.6231884057971014
course_1,logistic,EQ,42,0,0.9,0.8591826686361398,0.04081733136386023,1.585425898572132,0.41457410142786805,0.585425898572132,0.0,0.8125,0.9081735620585267,0.41457410142786805,0.33966745843230406,0.585425898572132,842,0.04081733136386023,0.0,2031,1040,991,0.843376282581202,0.8736328945591011,0.7876441534310734,0.83505577337041,0.8885835327353568,0.9246113666398716,0.30847106142133973,0.3723201823934944,0.09182643794147326,0.1875,0.4879369768586903
course_1,logistic,EQ,42,1,0.9,1.0,0.09999999999999998,2.0,0.0,1.0,0.0,1.0,1.0,0.0,,1.0,0,0.0,0.09999999999999998,69,26,43,0.9472627418109483,1.0,0.8712710781407846,1.0,0.9179901967742088,1.0,,,0.0,0.0,0.6231884057971014
course_1,logistic,EQ,73,0,0.9,0.9566715903495815,0.05667159034958147,1.8508124076809453,0.14918759231905465,0.8508124076809453,0.0,0.9336538461538462,0.9808274470232089,0.14918759231905465,0.29042904290429045,0.8508124076809453,303,0.0,0.05667159034958147,2031,1040,991,0.9469214803719941,0.9646974528667052,0.9168754158477969,0.9472404825751849,0.9702495375358658,0.9876920435575739,0.24219141849469236,0.3439140560128652,0.01917255297679112,0.06634615384615385,0.4879369768586903
course_1,logistic,EQ,73,1,0.9,1.0,0.09999999999999998,2.0,0.0,1.0,0.0,1.0,1.0,0.0,,1.0,0,0.0,0.09999999999999998,69,26,43,0.9472627418109483,1.0,0.8712710781407846,1.0,0.9179901967742088,1.0,,,0.0,0.0,0.6231884057971014
course_1,logistic,EQ,101,0,0.9,0.8926637124569178,0.007336287543082243,1.6971935007385524,0.30280649926144754,0.6971935007385525,0.0,0.8240384615384615,0.9646821392532795,0.30280649926144754,0.3544715447154472,0.6971935007385525,615,0.007336287543082243,0.0,2031,1040,991,0.8784527014397799,0.9053921495120937,0.7997151247404557,0.8459767993583132,0.9512784041965017,0.9744972476262246,0.3176757679903568,0.39307405743162704,0.035317860746720484,0.17596153846153847,0.4879369768586903
course_1,logistic,EQ,101,1,0.9,1.0,0.09999999999999998,2.0,0.0,1.0,0.0,1.0,1.0,0.0,,1.0,0,0.0,0.09999999999999998,69,26,43,0.9472627418109483,1.0,0.8712710781407846,1.0,0.9179901967742088,1.0,,,0.0,0.0,0.6231884057971014
course_1,logistic,MCP,7,0,0.9,0.8902018709995076,0.009798129000492373,1.6917774495322502,0.3082225504677499,0.6917774495322502,0.0,0.7903846153846154,0.9949545913218971,0.3082225504677499,0.3562300319488818,0.6917774495322502,626,0.009798129000492373,0.0,2031,1040,991,0.8758613712029104,0.9030690919687006,0.7646005467602931,0.8140313852213931,0.9882437341083471,0.9978430350969673,0.31969735261276183,0.3945164428127897,0.005045408678102927,0.20961538461538462,0.4879369768586903
course_1,logistic,MCP,7,1,0.9,1.0,0.09999999999999998,2.0,0.0,1.0,0.0,1.0,1.0,0.0,,1.0,0,0.0,0.09999999999999998,69,26,43,0.9472627418109483,1.0,0.8712710781407846,1.0,0.9179901967742088,1.0,,,0.0,0.0,0.6231884057971014
course_1,logistic,MCP,19,0,0.9,0.8655834564254062,0.03441654357459378,1.6386016740521911,0.36139832594780896,0.638601674052191,0.0,0.7490384615384615,0.987891019172553,0.36139832594780896,0.37193460490463215,0.638601674052191,734,0.03441654357459378,0.0,2031,1040,991,0.8500567048942794,0.8797298804747063,0.7218041479869223,0.7744397936794908,0.9789544026016515,0.9930597725477255,0.337720942297413,0.4074817733368047,0.012108980827447022,0.25096153846153846,0.4879369768586903
course_1,logistic,MCP,19,1,0.9,1.0,0.09999999999999998,2.0,0.0,1.0,0.0,1.0,1.0,0.0,,1.0,0,0.0,0.09999999999999998,69,26,43,0.9472627418109483,1.0,0.8712710781407846,1.0,0.9179901967742088,1.0,,,0.0,0.0,0.6231884057971014
course_1,logistic,MCP,42,0,0.9,0.8655834564254062,0.03441654357459378,1.601181683899557,0.3988183161004431,0.6011816838995568,0.0,0.825,0.9081735620585267,0.3988183161004431,0.337037037037037,0.6011816838995568,810,0.03441654357459378,0.0,2031,1040,991,0.8500567048942794,0.8797298804747063,0.8007226401395693,0.8468852837339735,0.8885835327353568,0.9246113666398716,0.30532120660607387,0.3702912887532164,0.09182643794147326,0.175,0.4879369768586903
course_1,logistic,MCP,42,1,0.9,1.0,0.09999999999999998,2.0,0.0,1.0,0.0,1.0,1.0,0.0,,1.0,0,0.0,0.09999999999999998,69,26,43,0.9472627418109483,1.0,0.8712710781407846,1.0,0.9179901967742088,1.0,,,0.0,0.0,0.6231884057971014
course_1,logistic,MCP,73,0,0.9,0.9566715903495815,0.05667159034958147,1.8508124076809453,0.14918759231905465,0.8508124076809453,0.0,0.9336538461538462,0.9808274470232089,0.14918759231905465,0.29042904290429045,0.8508124076809453,303,0.0,0.05667159034958147,2031,1040,991,0.9469214803719941,0.9646974528667052,0.9168754158477969,0.9472404825751849,0.9702495375358658,0.9876920435575739,0.24219141849469236,0.3439140560128652,0.01917255297679112,0.06634615384615385,0.4879369768586903
course_1,logistic,MCP,73,1,0.9,1.0,0.09999999999999998,2.0,0.0,1.0,0.0,1.0,1.0,0.0,,1.0,0,0.0,0.09999999999999998,69,26,43,0.9472627418109483,1.0,0.8712710781407846,1.0,0.9179901967742088,1.0,,,0.0,0.0,0.6231884057971014
course_1,logistic,MCP,101,0,0.9,0.9650418513047759,0.06504185130477591,1.878877400295421,0.12112259970457903,0.8788774002954209,0.0,0.9653846153846154,0.9646821392532795,0.12112259970457903,0.2886178861788618,0.8788774002954209,246,0.0,0.06504185130477591,2031,1040,991,0.9561352815312244,0.9721925701603674,0.9524508804915551,0.9748930104989618,0.9512784041965017,0.9744972476262246,0.23558798037730555,0.34814803969357244,0.035317860746720484,0.03461538461538462,0.4879369768586903
course_1,logistic,MCP,101,1,0.9,1.0,0.09999999999999998,2.0,0.0,1.0,0.0,1.0,1.0,0.0,,1.0,0,0.0,0.09999999999999998,69,26,43,0.9472627418109483,1.0,0.8712710781407846,1.0,0.9179901967742088,1.0,,,0.0,0.0,0.6231884057971014
course_2,catboost,EIQ-batch,7,0,0.9,0.9763257575757576,0.07632575757575755,1.9417613636363635,0.05823863636363636,0.9417613636363636,0.0,0.978688524590164,0.9730941704035875,0.05823863636363636,0.4065040650406504,0.9417613636363636,123,0.0,0.07632575757575755,2112,1220,892,0.96892546984971,0.981996439545821,0.9689564350607097,0.9854155479945926,0.9602772517408957,0.981853737721303,0.3238098760638868,0.494861398976293,0.026905829596412557,0.021311475409836064,0.42234848484848486
course_2,catboost,EIQ-batch,7,1,0.9,1.0,0.09999999999999998,2.0,0.0,1.0,0.0,1.0,1.0,0.0,,1.0,0,0.0,0.09999999999999998,68,31,37,0.9465286634799296,1.0000000000000002,0.889744604539564,1.0,0.9059421741627975,1.0,,,0.0,0.0,0.5441176470588235
course_2,catboost,EIQ-batch,19,0,0.9,0.9303977272727273,0.03039772727272727,1.8224431818181819,0.17755681818181818,0.8224431818181818,0.0,0.9319672131147541,0.9282511210762332,0.17755681818181818,0.392,0.8224431818181818,375,0.0,0.03039772727272727,2112,1220,892,0.9187451121433924,0.9404875077776192,0.9164389887307621,0.9447836740605807,0.9094157947241808,0.9434136791491838,0.34392266637264524,0.442267577292483,0.07174887892376682,0.0680327868852459,0.42234848484848486
course_2,catboost,EIQ-batch,19,1,0.9,1.0,0.09999999999999998,2.0,0.0,1.0,0.0,1.0,1.0,0.0,,1.0,0,0.0,0.09999999999999998,68,31,37,0.9465286634799296,1.0000000000000002,0.889744604539564,1.0,0.9059421741627975,1.0,,,0.0,0.0,0.5441176470588235
course_2,catboost,EIQ-batch,42,0,0.9,0.9431818181818182,0.04318181818181821,1.8835227272727273,0.11647727272727272,0.8835227272727273,0.0,0.9081967213114754,0.9910313901345291,0.11647727272727272,0.4878048780487805,0.8835227272727273,246,0.0,0.04318181818181821,2112,1220,892,0.9324805440138026,0.9522738368949619,0.8906875461515082,0.9231433572072942,0.9824029987631188,0.9954485969346135,0.42601138027636354,0.549973390112341,0.008968609865470852,0.09180327868852459,0.42234848484848486
course_2,catboost,EIQ-batch,42,1,0.9,1.0,0.09999999999999998,2.0,0.0,1.0,0.0,1.0,1.0,0.0,,1.0,0,0.0,0.09999999999999998,68,31,37,0.9465286634799296,1.0000000000000002,0.889744604539564,1.0,0.9059421741627975,1.0,,,0.0,0.0,0.5441176470588235
course_2,catboost,EIQ-batch,73,0,0.9,0.9573863636363636,0.057386363636363624,1.893939393939394,0.10606060606060606,0.8939393939393939,0.0,0.9262295081967213,1.0,0.10606060606060606,0.4017857142857143,0.8939393939393939,224,0.0,0.057386363636363624,2112,1220,892,0.9479095190155613,0.9652023741018174,0.9101857617503806,0.9395975108331078,0.995711898815499,1.0,0.3397614568068332,0.4671218021586611,0.0,0.07377049180327869,0.42234848484848486
course_2,catboost,EIQ-batch,73,1,0.9,1.0,0.09999999999999998,2.0,0.0,1.0,0.0,1.0,1.0,0.0,,1.0,0,0.0,0.09999999999999998,68,31,37,0.9465286634799296,1.0000000000000002,0.889744604539564,1.0,0.9059421741627975,1.0,,,0.0,0.0,0.5441176470588235
course_2,catboost,EIQ-batch,101,0,0.9,0.9663825757575758,0.06638257575757578,1.8849431818181819,0.11505681818181818,0.8849431818181818,0.0,0.9754098360655737,0.9540358744394619,0.11505681818181818,0.29218106995884774,0.8849431818181818,243,0.0,0.06638257575757578,2112,1220,892,0.9578092512114157,0.9732623996380853,0.9651134070699581,0.9827217815808558,0.9382386530865833,0.965939192250361,0.238591382414226,0.35223910253536056,0.04596412556053812,0.02459016393442623,0.42234848484848486
course_2,catboost,EIQ-batch,101,1,0.9,1.0,0.09999999999999998,2.0,0.0,1.0,0.0,1.0,1.0,0.0,,1.0,0,0.0,0.09999999999999998,68,31,37,0.9465286634799296,1.0000000000000002,0.889744604539564,1.0,0.9059421741627975,1.0,,,0.0,0.0,0.5441176470588235
course_2,catboost,EQ,7,0,0.9,0.9763257575757576,0.07632575757575755,1.9417613636363635,0.05823863636363636,0.9417613636363636,0.0,0.978688524590164,0.9730941704035875,0.05823863636363636,0.4065040650406504,0.9417613636363636,123,0.0,0.07632575757575755,2112,1220,892,0.96892546984971,0.981996439545821,0.9689564350607097,0.9854155479945926,0.9602772517408957,0.981853737721303,0.3238098760638868,0.494861398976293,0.026905829596412557,0.021311475409836064,0.42234848484848486
course_2,catboost,EQ,7,1,0.9,1.0,0.09999999999999998,2.0,0.0,1.0,0.0,1.0,1.0,0.0,,1.0,0,0.0,0.09999999999999998,68,31,37,0.9465286634799296,1.0000000000000002,0.889744604539564,1.0,0.9059421741627975,1.0,,,0.0,0.0,0.5441176470588235
course_2,catboost,EQ,19,0,0.9,0.9597537878787878,0.05975378787878782,1.894412878787879,0.10558712121212122,0.8944128787878788,0.0,0.9827868852459016,0.9282511210762332,0.10558712121212122,0.3811659192825112,0.8944128787878788,223,0.0,0.05975378787878782,2112,1220,892,0.9505032665179426,0.967334878634205,0.9738286487841559,0.9887143272767569,0.9094157947241808,0.9434136791491838,0.31994426264443865,0.4464123801159414,0.07174887892376682,0.01721311475409836,0.42234848484848486
course_2,catboost,EQ,19,1,0.9,1.0,0.09999999999999998,2.0,0.0,1.0,0.0,1.0,1.0,0.0,,1.0,0,0.0,0.09999999999999998,68,31,37,0.9465286634799296,1.0000000000000002,0.889744604539564,1.0,0.9059421741627975,1.0,,,0.0,0.0,0.5441176470588235
course_2,catboost,EQ,42,0,0.9,0.9431818181818182,0.04318181818181821,1.8835227272727273,0.11647727272727272,0.8835227272727273,0.0,0.9081967213114754,0.9910313901345291,0.11647727272727272,0.4878048780487805,0.8835227272727273,246,0.0,0.04318181818181821,2112,1220,892,0.9324805440138026,0.9522738368949619,0.8906875461515082,0.9231433572072942,0.9824029987631188,0.9954485969346135,0.42601138027636354,0.549973390112341,0.008968609865470852,0.09180327868852459,0.42234848484848486
course_2,catboost,EQ,42,1,0.9,1.0,0.09999999999999998,2.0,0.0,1.0,0.0,1.0,1.0,0.0,,1.0,0,0.0,0.09999999999999998,68,31,37,0.9465286634799296,1.0000000000000002,0.889744604539564,1.0,0.9059421741627975,1.0,,,0.0,0.0,0.5441176470588235
course_2,catboost,EQ,73,0,0.9,0.9048295454545454,0.004829545454545392,1.7267992424242424,0.27320075757575757,0.7267992424242424,0.0,0.9262295081967213,0.875560538116592,0.27320075757575757,0.3483535528596187,0.7267992424242424,577,0.0,0.004829545454545392,2112,1220,892,0.8915691949902034,0.9166199029553024,0.9101857617503806,0.9395975108331078,0.8522752145514282,0.8956249785050566,0.3105967425245405,0.38811622408202795,0.12443946188340807,0.07377049180327869,0.42234848484848486
course_2,catboost,EQ,73,1,0.9,1.0,0.09999999999999998,2.0,0.0,1.0,0.0,1.0,1.0,0.0,,1.0,0,0.0,0.09999999999999998,68,31,37,0.9465286634799296,1.0000000000000002,0.889744604539564,1.0,0.9059421741627975,1.0,,,0.0,0.0,0.5441176470588235
course_2,catboost,EQ,101,0,0.9,0.9663825757575758,0.06638257575757578,1.8849431818181819,0.11505681818181818,0.8849431818181818,0.0,0.9754098360655737,0.9540358744394619,0.11505681818181818,0.29218106995884774,0.8849431818181818,243,0.0,0.06638257575757578,2112,1220,892,0.9578092512114157,0.9732623996380853,0.9651134070699581,0.9827217815808558,0.9382386530865833,0.965939192250361,0.238591382414226,0.35223910253536056,0.04596412556053812,0.02459016393442623,0.42234848484848486
course_2,catboost,EQ,101,1,0.9,1.0,0.09999999999999998,2.0,0.0,1.0,0.0,1.0,1.0,0.0,,1.0,0,0.0,0.09999999999999998,68,31,37,0.9465286634799296,1.0000000000000002,0.889744604539564,1.0,0.9059421741627975,1.0,,,0.0,0.0,0.5441176470588235
course_2,catboost,MCP,7,0,0.9,0.9763257575757576,0.07632575757575755,1.9417613636363635,0.05823863636363636,0.9417613636363636,0.0,0.978688524590164,0.9730941704035875,0.05823863636363636,0.4065040650406504,0.9417613636363636,123,0.0,0.07632575757575755,2112,1220,892,0.96892546984971,0.981996439545821,0.9689564350607097,0.9854155479945926,0.9602772517408957,0.981853737721303,0.3238098760638868,0.494861398976293,0.026905829596412557,0.021311475409836064,0.42234848484848486
course_2,catboost,MCP,7,1,0.9,1.0,0.09999999999999998,2.0,0.0,1.0,0.0,1.0,1.0,0.0,,1.0,0,0.0,0.09999999999999998,68,31,37,0.9465286634799296,1.0000000000000002,0.889744604539564,1.0,0.9059421741627975,1.0,,,0.0,0.0,0.5441176470588235
course_2,catboost,MCP,19,0,0.9,0.9597537878787878,0.05975378787878782,1.894412878787879,0.10558712121212122,0.8944128787878788,0.0,0.9827868852459016,0.9282511210762332,0.10558712121212122,0.3811659192825112,0.8944128787878788,223,0.0,0.05975378787878782,2112,1220,892,0.9505032665179426,0.967334878634205,0.9738286487841559,0.9887143272767569,0.9094157947241808,0.9434136791491838,0.31994426264443865,0.4464123801159414,0.07174887892376682,0.01721311475409836,0.42234848484848486
course_2,catboost,MCP,19,1,0.9,1.0,0.09999999999999998,2.0,0.0,1.0,0.0,1.0,1.0,0.0,,1.0,0,0.0,0.09999999999999998,68,31,37,0.9465286634799296,1.0000000000000002,0.889744604539564,1.0,0.9059421741627975,1.0,,,0.0,0.0,0.5441176470588235
course_2,catboost,MCP,42,0,0.9,0.9431818181818182,0.04318181818181821,1.8835227272727273,0.11647727272727272,0.8835227272727273,0.0,0.9081967213114754,0.9910313901345291,0.11647727272727272,0.4878048780487805,0.8835227272727273,246,0.0,0.04318181818181821,2112,1220,892,0.9324805440138026,0.9522738368949619,0.8906875461515082,0.9231433572072942,0.9824029987631188,0.9954485969346135,0.42601138027636354,0.549973390112341,0.008968609865470852,0.09180327868852459,0.42234848484848486
course_2,catboost,MCP,42,1,0.9,1.0,0.09999999999999998,2.0,0.0,1.0,0.0,1.0,1.0,0.0,,1.0,0,0.0,0.09999999999999998,68,31,37,0.9465286634799296,1.0000000000000002,0.889744604539564,1.0,0.9059421741627975,1.0,,,0.0,0.0,0.5441176470588235
course_2,catboost,MCP,73,0,0.9,0.9048295454545454,0.004829545454545392,1.7267992424242424,0.27320075757575757,0.7267992424242424,0.0,0.9262295081967213,0.875560538116592,0.27320075757575757,0.3483535528596187,0.7267992424242424,577,0.0,0.004829545454545392,2112,1220,892,0.8915691949902034,0.9166199029553024,0.9101857617503806,0.9395975108331078,0.8522752145514282,0.8956249785050566,0.3105967425245405,0.38811622408202795,0.12443946188340807,0.07377049180327869,0.42234848484848486
course_2,catboost,MCP,73,1,0.9,1.0,0.09999999999999998,2.0,0.0,1.0,0.0,1.0,1.0,0.0,,1.0,0,0.0,0.09999999999999998,68,31,37,0.9465286634799296,1.0000000000000002,0.889744604539564,1.0,0.9059421741627975,1.0,,,0.0,0.0,0.5441176470588235
course_2,catboost,MCP,101,0,0.9,0.9663825757575758,0.06638257575757578,1.8849431818181819,0.11505681818181818,0.8849431818181818,0.0,0.9754098360655737,0.9540358744394619,0.11505681818181818,0.29218106995884774,0.8849431818181818,243,0.0,0.06638257575757578,2112,1220,892,0.9578092512114157,0.9732623996380853,0.9651134070699581,0.9827217815808558,0.9382386530865833,0.965939192250361,0.238591382414226,0.35223910253536056,0.04596412556053812,0.02459016393442623,0.42234848484848486
course_2,catboost,MCP,101,1,0.9,1.0,0.09999999999999998,2.0,0.0,1.0,0.0,1.0,1.0,0.0,,1.0,0,0.0,0.09999999999999998,68,31,37,0.9465286634799296,1.0000000000000002,0.889744604539564,1.0,0.9059421741627975,1.0,,,0.0,0.0,0.5441176470588235
course_2,logistic,EIQ-batch,7,0,0.9,0.9734848484848485,0.07348484848484849,1.9266098484848484,0.07339015151515152,0.9266098484848485,0.0,0.9680327868852459,0.9809417040358744,0.07339015151515152,0.36129032258064514,0.9266098484848485,155,0.0,0.07348484848484849,2112,1220,892,0.9657257348454065,0.9795246721084017,0.9565992134482062,0.9765281877925089,0.9696913647974803,0.9880673898927643,0.28986524831079535,0.43942457111512717,0.01905829596412556,0.031967213114754096,0.42234848484848486
course_2,logistic,EIQ-batch,7,1,0.9,1.0,0.09999999999999998,1.9852941176470589,0.014705882352941176,0.9852941176470589,0.0,1.0,1.0,0.014705882352941176,0.0,0.9852941176470589,1,0.0,0.09999999999999998,68,31,37,0.9465286634799296,1.0000000000000002,0.889744604539564,1.0,0.9059421741627975,1.0,0.0,0.7934506856227626,0.0,0.0,0.5441176470588235
course_2,logistic,EIQ-batch,19,0,0.9,0.9810606060606061,0.08106060606060606,1.9403409090909092,0.05965909090909091,0.9403409090909091,0.0,0.9672131147540983,1.0,0.05965909090909091,0.31746031746031744,0.9403409090909091,126,0.0,0.08106060606060606,2112,1220,892,0.9743137596623793,0.9860606538026898,0.9556624711607344,0.9758307314788586,0.995711898815499,1.0,0.24261260441678917,0.40310918261639433,0.0,0.03278688524590164,0.42234848484848486
course_2,logistic,EIQ-batch,19,1,0.9,0.5441176470588235,0.35588235294117654,1.0,1.0,0.0,0.0,0.0,1.0,1.0,0.45588235294117646,0.0,68,0.35588235294117654,0.0,68,31,37,0.42656606428685023,0.6569511707260847,0.0,0.11025539546043596,0.9059421741627975,1.0,0.34304882927391533,0.5734339357131498,0.0,1.0,0.5441176470588235
course_2,logistic,EIQ-batch,42,0,0.9,0.9247159090909091,0.02471590909090904,1.7267992424242424,0.27320075757575757,0.7267992424242424,0.0,0.9532786885245902,0.8856502242152466,0.27320075757575757,0.2755632582322357,0.7267992424242424,577,0.0,0.02471590909090904,2112,1220,892,0.9126759097633584,0.9352137052742074,0.9399469296293411,0.9637648967911764,0.8630917927438629,0.9049012413201095,0.24068187024322188,0.31341332033449937,0.11434977578475336,0.04672131147540984,0.42234848484848486
course_2,logistic,EIQ-batch,42,1,0.9,1.0,0.09999999999999998,2.0,0.0,1.0,0.0,1.0,1.0,0.0,,1.0,0,0.0,0.09999999999999998,68,31,37,0.9465286634799296,1.0000000000000002,0.889744604539564,1.0,0.9059421741627975,1.0,,,0.0,0.0,0.5441176470588235
course_2,logistic,EIQ-batch,73,0,0.9,0.9564393939393939,0.0564393939393939,1.8172348484848484,0.18276515151515152,0.8172348484848485,0.0,0.9827868852459016,0.9204035874439462,0.18276515151515152,0.23834196891191708,0.8172348484848485,386,0.0,0.0564393939393939,2112,1220,892,0.9468740498695398,0.964347342433931,0.9738286487841559,0.9887143272767569,0.900785140151209,0.9364165684941097,0.19854725877084703,0.2832933832915227,0.0795964125560538,0.01721311475409836,0.42234848484848486
course_2,logistic,EIQ-batch,73,1,0.9,1.0,0.09999999999999998,2.0,0.0,1.0,0.0,1.0,1.0,0.0,,1.0,0,0.0,0.09999999999999998,68,31,37,0.9465286634799296,1.0000000000000002,0.889744604539564,1.0,0.9059421741627975,1.0,,,0.0,0.0,0.5441176470588235
course_2,logistic,EIQ-batch,101,0,0.9,0.8996212121212122,0.00037878787878786735,1.644412878787879,0.3555871212121212,0.6444128787878788,0.0,0.9565573770491803,0.8217488789237668,0.3555871212121212,0.2822902796271638,0.6444128787878788,751,0.00037878787878786735,0.0,2112,1220,892,0.8860707879428533,0.9117205555261607,0.9436138862635918,0.966634734561414,0.7952690960993651,0.8454692782505189,0.2512689466797723,0.31552750285430675,0.17825112107623317,0.04344262295081967,0.42234848484848486
course_2,logistic,EIQ-batch,101,1,0.9,0.5441176470588235,0.35588235294117654,1.0147058823529411,0.9852941176470589,0.014705882352941176,0.0,0.0,1.0,0.9852941176470589,0.4626865671641791,0.014705882352941176,67,0.35588235294117654,0.0,68,31,37,0.42656606428685023,0.6569511707260847,0.0,0.11025539546043596,0.9059421741627975,1.0,0.3485844371949035,0.580835423953701,0.0,1.0,0.5441176470588235
course_2,logistic,EQ,7,0,0.9,0.9119318181818182,0.01193181818181821,1.6846590909090908,0.3153409090909091,0.6846590909090909,0.0,0.9680327868852459,0.8352017937219731,0.3153409090909091,0.27927927927927926,0.6846590909090909,666,0.0,0.01193181818181821,2112,1220,892,0.8990855080658636,0.9232823459839495,0.9565992134482062,0.9765281877925089,0.809427626185759,0.8581012028407752,0.24654608568455014,0.314544085536549,0.1647982062780269,0.031967213114754096,0.42234848484848486
course_2,logistic,EQ,7,1,0.9,1.0,0.09999999999999998,1.9852941176470589,0.014705882352941176,0.9852941176470589,0.0,1.0,1.0,0.014705882352941176,0.0,0.9852941176470589,1,0.0,0.09999999999999998,68,31,37,0.9465286634799296,1.0000000000000002,0.889744604539564,1.0,0.9059421741627975,1.0,0.0,0.7934506856227626,0.0,0.0,0.5441176470588235
course_2,logistic,EQ,19,0,0.9,0.9370265151515151,0.037026515151515116,1.7528409090909092,0.2471590909090909,0.7528409090909091,0.0,0.9762295081967213,0.8834080717488789,0.2471590909090909,0.2547892720306513,0.7528409090909091,522,0.0,0.037026515151515116,2112,1220,892,0.9258521948923969,0.9466139307259679,0.9660702264405827,0.9833991608113533,0.8606838946892548,0.9028440635952759,0.21929404141203013,0.29386720575525904,0.11659192825112108,0.023770491803278688,0.42234848484848486
course_2,logistic,EQ,19,1,0.9,1.0,0.09999999999999998,1.9852941176470589,0.014705882352941176,0.9852941176470589,0.0,1.0,1.0,0.014705882352941176,0.0,0.9852941176470589,1,0.0,0.09999999999999998,68,31,37,0.9465286634799296,1.0000000000000002,0.889744604539564,1.0,0.9059421741627975,1.0,0.0,0.7934506856227626,0.0,0.0,0.5441176470588235
course_2,logistic,EQ,42,0,0.9,0.9247159090909091,0.02471590909090904,1.7267992424242424,0.27320075757575757,0.7267992424242424,0.0,0.9532786885245902,0.8856502242152466,0.27320075757575757,0.2755632582322357,0.7267992424242424,577,0.0,0.02471590909090904,2112,1220,892,0.9126759097633584,0.9352137052742074,0.9399469296293411,0.9637648967911764,0.8630917927438629,0.9049012413201095,0.24068187024322188,0.31341332033449937,0.11434977578475336,0.04672131147540984,0.42234848484848486
course_2,logistic,EQ,42,1,0.9,1.0,0.09999999999999998,2.0,0.0,1.0,0.0,1.0,1.0,0.0,,1.0,0,0.0,0.09999999999999998,68,31,37,0.9465286634799296,1.0000000000000002,0.889744604539564,1.0,0.9059421741627975,1.0,,,0.0,0.0,0.5441176470588235
course_2,logistic,EQ,73,0,0.9,0.9237689393939394,0.023768939393939426,1.6983901515151516,0.3016098484848485,0.6983901515151515,0.0,0.9827868852459016,0.8430493273542601,0.3016098484848485,0.25274725274725274,0.6983901515151515,637,0.0,0.023768939393939426,2112,1220,892,0.9116662345799176,0.9343328796437407,0.9738286487841559,0.9887143272767569,0.8177129813704423,0.8654436128841377,0.22054949136392246,0.2879092769253867,0.15695067264573992,0.01721311475409836,0.42234848484848486
course_2,logistic,EQ,73,1,0.9,1.0,0.09999999999999998,2.0,0.0,1.0,0.0,1.0,1.0,0.0,,1.0,0,0.0,0.09999999999999998,68,31,37,0.9465286634799296,1.0000000000000002,0.889744604539564,1.0,0.9059421741627975,1.0,,,0.0,0.0,0.5441176470588235
course_2,logistic,EQ,101,0,0.9,0.9138257575757576,0.013825757575757547,1.684185606060606,0.3158143939393939,0.6841856060606061,0.0,0.9811475409836066,0.8217488789237668,0.3158143939393939,0.272863568215892,0.6841856060606061,667,0.0,0.013825757575757547,2112,1220,892,0.9010937157152186,0.9250551399624096,0.9718693832099449,0.9874051956487239,0.7952690960993651,0.8454692782505189,0.24043223633951102,0.30789621591110117,0.17825112107623317,0.018852459016393444,0.42234848484848486
course_2,logistic,EQ,101,1,0.9,1.0,0.09999999999999998,2.0,0.0,1.0,0.0,1.0,1.0,0.0,,1.0,0,0.0,0.09999999999999998,68,31,37,0.9465286634799296,1.0000000000000002,0.889744604539564,1.0,0.9059421741627975,1.0,,,0.0,0.0,0.5441176470588235
course_2,logistic,MCP,7,0,0.9,0.9119318181818182,0.01193181818181821,1.6846590909090908,0.3153409090909091,0.6846590909090909,0.0,0.9680327868852459,0.8352017937219731,0.3153409090909091,0.27927927927927926,0.6846590909090909,666,0.0,0.01193181818181821,2112,1220,892,0.8990855080658636,0.9232823459839495,0.9565992134482062,0.9765281877925089,0.809427626185759,0.8581012028407752,0.24654608568455014,0.314544085536549,0.1647982062780269,0.031967213114754096,0.42234848484848486
course_2,logistic,MCP,7,1,0.9,1.0,0.09999999999999998,1.9852941176470589,0.014705882352941176,0.9852941176470589,0.0,1.0,1.0,0.014705882352941176,0.0,0.9852941176470589,1,0.0,0.09999999999999998,68,31,37,0.9465286634799296,1.0000000000000002,0.889744604539564,1.0,0.9059421741627975,1.0,0.0,0.7934506856227626,0.0,0.0,0.5441176470588235
course_2,logistic,MCP,19,0,0.9,0.9370265151515151,0.037026515151515116,1.7528409090909092,0.2471590909090909,0.7528409090909091,0.0,0.9762295081967213,0.8834080717488789,0.2471590909090909,0.2547892720306513,0.7528409090909091,522,0.0,0.037026515151515116,2112,1220,892,0.9258521948923969,0.9466139307259679,0.9660702264405827,0.9833991608113533,0.8606838946892548,0.9028440635952759,0.21929404141203013,0.29386720575525904,0.11659192825112108,0.023770491803278688,0.42234848484848486
course_2,logistic,MCP,19,1,0.9,1.0,0.09999999999999998,1.9852941176470589,0.014705882352941176,0.9852941176470589,0.0,1.0,1.0,0.014705882352941176,0.0,0.9852941176470589,1,0.0,0.09999999999999998,68,31,37,0.9465286634799296,1.0000000000000002,0.889744604539564,1.0,0.9059421741627975,1.0,0.0,0.7934506856227626,0.0,0.0,0.5441176470588235
course_2,logistic,MCP,42,0,0.9,0.96875,0.06874999999999998,1.9176136363636365,0.08238636363636363,0.9176136363636364,0.0,0.9532786885245902,0.9899103139013453,0.08238636363636363,0.3793103448275862,0.9176136363636364,174,0.0,0.06874999999999998,2112,1220,892,0.9604365231280207,0.9753613797562493,0.9399469296293411,0.9637648967911764,0.9809362213854664,0.9946828364225451,0.3105570775693035,0.45327751826391083,0.010089686098654708,0.04672131147540984,0.42234848484848486
course_2,logistic,MCP,42,1,0.9,1.0,0.09999999999999998,2.0,0.0,1.0,0.0,1.0,1.0,0.0,,1.0,0,0.0,0.09999999999999998,68,31,37,0.9465286634799296,1.0000000000000002,0.889744604539564,1.0,0.9059421741627975,1.0,,,0.0,0.0,0.5441176470588235
course_2,logistic,MCP,73,0,0.9,0.9237689393939394,0.023768939393939426,1.6983901515151516,0.3016098484848485,0.6983901515151515,0.0,0.9827868852459016,0.8430493273542601,0.3016098484848485,0.25274725274725274,0.6983901515151515,637,0.0,0.023768939393939426,2112,1220,892,0.9116662345799176,0.9343328796437407,0.9738286487841559,0.9887143272767569,0.8177129813704423,0.8654436128841377,0.22054949136392246,0.2879092769253867,0.15695067264573992,0.01721311475409836,0.42234848484848486
course_2,logistic,MCP,73,1,0.9,1.0,0.09999999999999998,2.0,0.0,1.0,0.0,1.0,1.0,0.0,,1.0,0,0.0,0.09999999999999998,68,31,37,0.9465286634799296,1.0000000000000002,0.889744604539564,1.0,0.9059421741627975,1.0,,,0.0,0.0,0.5441176470588235
course_2,logistic,MCP,101,0,0.9,0.9138257575757576,0.013825757575757547,1.684185606060606,0.3158143939393939,0.6841856060606061,0.0,0.9811475409836066,0.8217488789237668,0.3158143939393939,0.272863568215892,0.6841856060606061,667,0.0,0.013825757575757547,2112,1220,892,0.9010937157152186,0.9250551399624096,0.9718693832099449,0.9874051956487239,0.7952690960993651,0.8454692782505189,0.24043223633951102,0.30789621591110117,0.17825112107623317,0.018852459016393444,0.42234848484848486
course_2,logistic,MCP,101,1,0.9,1.0,0.09999999999999998,2.0,0.0,1.0,0.0,1.0,1.0,0.0,,1.0,0,0.0,0.09999999999999998,68,31,37,0.9465286634799296,1.0000000000000002,0.889744604539564,1.0,0.9059421741627975,1.0,,,0.0,0.0,0.5441176470588235
iid,catboost,EIQ-batch,7,0,0.9,0.9675090252707581,0.06750902527075808,1.8411552346570397,0.1588447653429603,0.8411552346570397,0.0,0.9666666666666667,0.968503937007874,0.1588447653429603,0.20454545454545456,0.8411552346570397,132,0.0,0.06750902527075808,831,450,381,0.9531400092736465,0.9775756275582838,0.9457360214807246,0.9796972809138361,0.9457619403167681,0.9818927907872783,0.14455599225294466,0.2812452272189604,0.031496062992125984,0.03333333333333333,0.4584837545126354
iid,catboost,EIQ-batch,7,1,0.9,1.0,0.09999999999999998,2.0,0.0,1.0,0.0,1.0,1.0,0.0,,1.0,0,0.0,0.09999999999999998,25,14,11,0.8668077490609515,0.9999999999999999,0.7846891972623643,1.0,0.7411670330319684,1.0,,,0.0,0.0,0.44
iid,catboost,EIQ-batch,19,0,0.9,0.9771359807460891,0.07713598074608907,1.8989169675090252,0.10108303249097472,0.8989169675090253,0.0,0.9622222222222222,0.994750656167979,0.10108303249097472,0.2261904761904762,0.8989169675090253,84,0.0,0.07713598074608907,831,450,381,0.9645663828676566,0.9853145695232325,0.9403379017278938,0.9762817501676712,0.9810649255969588,0.9985592582300034,0.14986020837445108,0.32646907147167215,0.005249343832020997,0.03777777777777778,0.4584837545126354
iid,catboost,EIQ-batch,19,1,0.9,1.0,0.09999999999999998,2.0,0.0,1.0,0.0,1.0,1.0,0.0,,1.0,0,0.0,0.09999999999999998,25,14,11,0.8668077490609515,0.9999999999999999,0.7846891972623643,1.0,0.7411670330319684,1.0,,,0.0,0.0,0.44
iid,catboost,EIQ-batch,42,0,0.9,0.9771359807460891,0.07713598074608907,1.8772563176895307,0.12274368231046931,0.8772563176895307,0.0,1.0,0.9501312335958005,0.12274368231046931,0.18627450980392157,0.8772563176895307,102,0.0,0.07713598074608907,831,450,381,0.9645663828676566,0.9853145695232325,0.9915356811370294,1.0,0.9234310545349967,0.9678450596630087,0.12262079699482112,0.27270121846962636,0.049868766404199474,0.0,0.4584837545126354
iid,catboost,EIQ-batch,42,1,0.9,1.0,0.09999999999999998,2.0,0.0,1.0,0.0,1.0,1.0,0.0,,1.0,0,0.0,0.09999999999999998,25,14,11,0.8668077490609515,0.9999999999999999,0.7846891972623643,1.0,0.7411670330319684,1.0,,,0.0,0.0,0.44
iid,catboost,EIQ-batch,73,0,0.9,0.9290012033694344,0.029001203369434347,1.6835138387484958,0.3164861612515042,0.6835138387484958,0.0,0.9244444444444444,0.9343832020997376,0.3164861612515042,0.22433460076045628,0.6835138387484958,263,0.0,0.029001203369434347,831,450,381,0.9094944391249663,0.9445599354711293,0.8962730896179425,0.9454305330361579,0.9049313915134731,0.9551630510507829,0.17809569430273564,0.27851048435920267,0.06561679790026247,0.07555555555555556,0.4584837545126354
iid,catboost,EIQ-batch,73,1,0.9,1.0,0.09999999999999998,2.0,0.0,1.0,0.0,1.0,1.0,0.0,,1.0,0,0.0,0.09999999999999998,25,14,11,0.8668077490609515,0.9999999999999999,0.7846891972623643,1.0,0.7411670330319684,1.0,,,0.0,0.0,0.44
iid,catboost,EIQ-batch,101,0,0.9,0.9518652226233454,0.051865222623345364,1.8086642599277978,0.19133574007220217,0.8086642599277978,0.0,0.9533333333333334,0.9501312335958005,0.19133574007220217,0.25157232704402516,0.8086642599277978,159,0.0,0.051865222623345364,831,450,381,0.9351179952526678,0.9644540037959546,0.9297150753265546,0.9692772755710186,0.9234310545349967,0.9678450596630087,0.19052993611730956,0.32433562347591754,0.049868766404199474,0.04666666666666667,0.4584837545126354
iid,catboost,EIQ-batch,101,1,0.9,1.0,0.09999999999999998,2.0,0.0,1.0,0.0,1.0,1.0,0.0,,1.0,0,0.0,0.09999999999999998,25,14,11,0.8668077490609515,0.9999999999999999,0.7846891972623643,1.0,0.7411670330319684,1.0,,,0.0,0.0,0.44
iid,catboost,EQ,7,0,0.9,0.9675090252707581,0.06750902527075808,1.8411552346570397,0.1588447653429603,0.8411552346570397,0.0,0.9666666666666667,0.968503937007874,0.1588447653429603,0.20454545454545456,0.8411552346570397,132,0.0,0.06750902527075808,831,450,381,0.9531400092736465,0.9775756275582838,0.9457360214807246,0.9796972809138361,0.9457619403167681,0.9818927907872783,0.14455599225294466,0.2812452272189604,0.031496062992125984,0.03333333333333333,0.4584837545126354
iid,catboost,EQ,7,1,0.9,1.0,0.09999999999999998,2.0,0.0,1.0,0.0,1.0,1.0,0.0,,1.0,0,0.0,0.09999999999999998,25,14,11,0.8668077490609515,0.9999999999999999,0.7846891972623643,1.0,0.7411670330319684,1.0,,,0.0,0.0,0.44
iid,catboost,EQ,19,0,0.9,0.9771359807460891,0.07713598074608907,1.8989169675090252,0.10108303249097472,0.8989169675090253,0.0,0.9622222222222222,0.994750656167979,0.10108303249097472,0.2261904761904762,0.8989169675090253,84,0.0,0.07713598074608907,831,450,381,0.9645663828676566,0.9853145695232325,0.9403379017278938,0.9762817501676712,0.9810649255969588,0.9985592582300034,0.14986020837445108,0.32646907147167215,0.005249343832020997,0.03777777777777778,0.4584837545126354
iid,catboost,EQ,19,1,0.9,1.0,0.09999999999999998,2.0,0.0,1.0,0.0,1.0,1.0,0.0,,1.0,0,0.0,0.09999999999999998,25,14,11,0.8668077490609515,0.9999999999999999,0.7846891972623643,1.0,0.7411670330319684,1.0,,,0.0,0.0,0.44
iid,catboost,EQ,42,0,0.9,0.9771359807460891,0.07713598074608907,1.8772563176895307,0.12274368231046931,0.8772563176895307,0.0,1.0,0.9501312335958005,0.12274368231046931,0.18627450980392157,0.8772563176895307,102,0.0,0.07713598074608907,831,450,381,0.9645663828676566,0.9853145695232325,0.9915356811370294,1.0,0.9234310545349967,0.9678450596630087,0.12262079699482112,0.27270121846962636,0.049868766404199474,0.0,0.4584837545126354
iid,catboost,EQ,42,1,0.9,1.0,0.09999999999999998,2.0,0.0,1.0,0.0,1.0,1.0,0.0,,1.0,0,0.0,0.09999999999999998,25,14,11,0.8668077490609515,0.9999999999999999,0.7846891972623643,1.0,0.7411670330319684,1.0,,,0.0,0.0,0.44
iid,catboost,EQ,73,0,0.9,0.9290012033694344,0.029001203369434347,1.6835138387484958,0.3164861612515042,0.6835138387484958,0.0,0.9244444444444444,0.9343832020997376,0.3164861612515042,0.22433460076045628,0.6835138387484958,263,0.0,0.029001203369434347,831,450,381,0.9094944391249663,0.9445599354711293,0.8962730896179425,0.9454305330361579,0.9049313915134731,0.9551630510507829,0.17809569430273564,0.27851048435920267,0.06561679790026247,0.07555555555555556,0.4584837545126354
iid,catboost,EQ,73,1,0.9,1.0,0.09999999999999998,2.0,0.0,1.0,0.0,1.0,1.0,0.0,,1.0,0,0.0,0.09999999999999998,25,14,11,0.8668077490609515,0.9999999999999999,0.7846891972623643,1.0,0.7411670330319684,1.0,,,0.0,0.0,0.44
iid,catboost,EQ,101,0,0.9,0.9518652226233454,0.051865222623345364,1.8086642599277978,0.19133574007220217,0.8086642599277978,0.0,0.9533333333333334,0.9501312335958005,0.19133574007220217,0.25157232704402516,0.8086642599277978,159,0.0,0.051865222623345364,831,450,381,0.9351179952526678,0.9644540037959546,0.9297150753265546,0.9692772755710186,0.9234310545349967,0.9678450596630087,0.19052993611730956,0.32433562347591754,0.049868766404199474,0.04666666666666667,0.4584837545126354
iid,catboost,EQ,101,1,0.9,1.0,0.09999999999999998,2.0,0.0,1.0,0.0,1.0,1.0,0.0,,1.0,0,0.0,0.09999999999999998,25,14,11,0.8668077490609515,0.9999999999999999,0.7846891972623643,1.0,0.7411670330319684,1.0,,,0.0,0.0,0.44
iid,catboost,MCP,7,0,0.9,0.9675090252707581,0.06750902527075808,1.8411552346570397,0.1588447653429603,0.8411552346570397,0.0,0.9666666666666667,0.968503937007874,0.1588447653429603,0.20454545454545456,0.8411552346570397,132,0.0,0.06750902527075808,831,450,381,0.9531400092736465,0.9775756275582838,0.9457360214807246,0.9796972809138361,0.9457619403167681,0.9818927907872783,0.14455599225294466,0.2812452272189604,0.031496062992125984,0.03333333333333333,0.4584837545126354
iid,catboost,MCP,7,1,0.9,1.0,0.09999999999999998,2.0,0.0,1.0,0.0,1.0,1.0,0.0,,1.0,0,0.0,0.09999999999999998,25,14,11,0.8668077490609515,0.9999999999999999,0.7846891972623643,1.0,0.7411670330319684,1.0,,,0.0,0.0,0.44
iid,catboost,MCP,19,0,0.9,0.9771359807460891,0.07713598074608907,1.8989169675090252,0.10108303249097472,0.8989169675090253,0.0,0.9622222222222222,0.994750656167979,0.10108303249097472,0.2261904761904762,0.8989169675090253,84,0.0,0.07713598074608907,831,450,381,0.9645663828676566,0.9853145695232325,0.9403379017278938,0.9762817501676712,0.9810649255969588,0.9985592582300034,0.14986020837445108,0.32646907147167215,0.005249343832020997,0.03777777777777778,0.4584837545126354
iid,catboost,MCP,19,1,0.9,1.0,0.09999999999999998,2.0,0.0,1.0,0.0,1.0,1.0,0.0,,1.0,0,0.0,0.09999999999999998,25,14,11,0.8668077490609515,0.9999999999999999,0.7846891972623643,1.0,0.7411670330319684,1.0,,,0.0,0.0,0.44
iid,catboost,MCP,42,0,0.9,0.9771359807460891,0.07713598074608907,1.8772563176895307,0.12274368231046931,0.8772563176895307,0.0,1.0,0.9501312335958005,0.12274368231046931,0.18627450980392157,0.8772563176895307,102,0.0,0.07713598074608907,831,450,381,0.9645663828676566,0.9853145695232325,0.9915356811370294,1.0,0.9234310545349967,0.9678450596630087,0.12262079699482112,0.27270121846962636,0.049868766404199474,0.0,0.4584837545126354
iid,catboost,MCP,42,1,0.9,1.0,0.09999999999999998,2.0,0.0,1.0,0.0,1.0,1.0,0.0,,1.0,0,0.0,0.09999999999999998,25,14,11,0.8668077490609515,0.9999999999999999,0.7846891972623643,1.0,0.7411670330319684,1.0,,,0.0,0.0,0.44
iid,catboost,MCP,73,0,0.9,0.9290012033694344,0.029001203369434347,1.6835138387484958,0.3164861612515042,0.6835138387484958,0.0,0.9244444444444444,0.9343832020997376,0.3164861612515042,0.22433460076045628,0.6835138387484958,263,0.0,0.029001203369434347,831,450,381,0.9094944391249663,0.9445599354711293,0.8962730896179425,0.9454305330361579,0.9049313915134731,0.9551630510507829,0.17809569430273564,0.27851048435920267,0.06561679790026247,0.07555555555555556,0.4584837545126354
iid,catboost,MCP,73,1,0.9,1.0,0.09999999999999998,2.0,0.0,1.0,0.0,1.0,1.0,0.0,,1.0,0,0.0,0.09999999999999998,25,14,11,0.8668077490609515,0.9999999999999999,0.7846891972623643,1.0,0.7411670330319684,1.0,,,0.0,0.0,0.44
iid,catboost,MCP,101,0,0.9,0.9518652226233454,0.051865222623345364,1.8086642599277978,0.19133574007220217,0.8086642599277978,0.0,0.9533333333333334,0.9501312335958005,0.19133574007220217,0.25157232704402516,0.8086642599277978,159,0.0,0.051865222623345364,831,450,381,0.9351179952526678,0.9644540037959546,0.9297150753265546,0.9692772755710186,0.9234310545349967,0.9678450596630087,0.19052993611730956,0.32433562347591754,0.049868766404199474,0.04666666666666667,0.4584837545126354
iid,catboost,MCP,101,1,0.9,1.0,0.09999999999999998,2.0,0.0,1.0,0.0,1.0,1.0,0.0,,1.0,0,0.0,0.09999999999999998,25,14,11,0.8668077490609515,0.9999999999999999,0.7846891972623643,1.0,0.7411670330319684,1.0,,,0.0,0.0,0.44
iid,logistic,EIQ-batch,7,0,0.9,0.937424789410349,0.03742478941034899,1.7472924187725631,0.2527075812274368,0.7472924187725631,0.0,0.9266666666666666,0.9501312335958005,0.2527075812274368,0.24761904761904763,0.7472924187725631,210,0.0,0.03742478941034899,831,450,381,0.9188600130425567,0.9519640126676278,0.8988015642441322,0.9473088836594662,0.9234310545349967,0.9678450596630087,0.19412415700561766,0.3101815067109729,0.049868766404199474,0.07333333333333333,0.4584837545126354
iid,logistic,EIQ-batch,7,1,0.9,0.44,0.46,1.0,1.0,0.0,0.0,0.0,1.0,1.0,0.56,0.0,25,0.46,0.0,25,14,11,0.26665638881067344,0.6293266813020123,1.3877787807814457e-17,0.2153108027376358,0.7411670330319684,1.0,0.3706733186979878,0.7333436111893266,0.0,1.0,0.44
iid,logistic,EIQ-batch,19,0,0.9,0.9687123947051745,0.06871239470517443,1.8700361010830324,0.1299638989169675,0.8700361010830325,0.0,0.9666666666666667,0.9711286089238845,0.1299638989169675,0.24074074074074073,0.8700361010830325,108,0.0,0.06871239470517443,831,450,381,0.9545508741801896,0.9785604270966104,0.9457360214807246,0.9796972809138361,0.9490480470483044,0.9838036293280338,0.16991188997445456,0.3293793335978342,0.028871391076115485,0.03333333333333333,0.4584837545126354
iid,logistic,EIQ-batch,19,1,0.9,1.0,0.09999999999999998,2.0,0.0,1.0,0.0,1.0,1.0,0.0,,1.0,0,0.0,0.09999999999999998,25,14,11,0.8668077490609515,0.9999999999999999,0.7846891972623643,1.0,0.7411670330319684,1.0,,,0.0,0.0,0.44
iid,logistic,EIQ-batch,42,0,0.9,0.9819494584837545,0.08194945848375446,1.9205776173285198,0.07942238267148015,0.9205776173285198,0.0,0.9711111111111111,0.994750656167979,0.07942238267148015,0.22727272727272727,0.9205776173285198,66,0.0,0.08194945848375446,831,450,381,0.9704325082732419,0.9890311018971263,0.951206129037746,0.9830408238558106,0.9810649255969588,0.9985592582300034,0.14285229563373036,0.34169455364638307,0.005249343832020997,0.028888888888888888,0.4584837545126354
iid,logistic,EIQ-batch,42,1,0.9,1.0,0.09999999999999998,2.0,0.0,1.0,0.0,1.0,1.0,0.0,,1.0,0,0.0,0.09999999999999998,25,14,11,0.8668077490609515,0.9999999999999999,0.7846891972623643,1.0,0.7411670330319684,1.0,,,0.0,0.0,0.44
iid,logistic,EIQ-batch,73,0,0.9,0.9482551143200962,0.048255114320096215,1.7677496991576414,0.2322503008423586,0.7677496991576414,0.0,0.9422222222222222,0.9553805774278216,0.2322503008423586,0.22279792746113988,0.7677496991576414,193,0.0,0.048255114320096215,831,450,381,0.931025630469844,0.9613593752441688,0.9166891097850708,0.9602691148650128,0.9297120985528016,0.9719579061897872,0.16982488070075016,0.2865904464307769,0.04461942257217848,0.057777777777777775,0.4584837545126354
iid,logistic,EIQ-batch,73,1,0.9,1.0,0.09999999999999998,2.0,0.0,1.0,0.0,1.0,1.0,0.0,,1.0,0,0.0,0.09999999999999998,25,14,11,0.8668077490609515,0.9999999999999999,0.7846891972623643,1.0,0.7411670330319684,1.0,,,0.0,0.0,0.44
iid,logistic,EIQ-batch,101,0,0.9,0.9795427196149218,0.07954271961492176,1.914560770156438,0.08543922984356198,0.914560770156438,0.0,0.9911111111111112,0.9658792650918635,0.08543922984356198,0.23943661971830985,0.914560770156438,71,0.0,0.07954271961492176,831,450,381,0.9674834304858003,0.9871888507948282,0.9773703705412115,0.9965380095978263,0.9425047000965115,0.9799530857352433,0.1552094003304011,0.350412208560936,0.03412073490813648,0.008888888888888889,0.4584837545126354
iid,logistic,EIQ-batch,101,1,0.9,1.0,0.09999999999999998,2.0,0.0,1.0,0.0,1.0,1.0,0.0,,1.0,0,0.0,0.09999999999999998,25,14,11,0.8668077490609515,0.9999999999999999,0.7846891972623643,1.0,0.7411670330319684,1.0,,,0.0,0.0,0.44
iid,logistic,EQ,7,0,0.9,0.937424789410349,0.03742478941034899,1.7472924187725631,0.2527075812274368,0.7472924187725631,0.0,0.9266666666666666,0.9501312335958005,0.2527075812274368,0.24761904761904763,0.7472924187725631,210,0.0,0.03742478941034899,831,450,381,0.9188600130425567,0.9519640126676278,0.8988015642441322,0.9473088836594662,0.9234310545349967,0.9678450596630087,0.19412415700561766,0.3101815067109729,0.049868766404199474,0.07333333333333333,0.4584837545126354
iid,logistic,EQ,7,1,0.9,0.44,0.46,1.0,1.0,0.0,0.0,0.0,1.0,1.0,0.56,0.0,25,0.46,0.0,25,14,11,0.26665638881067344,0.6293266813020123,1.3877787807814457e-17,0.2153108027376358,0.7411670330319684,1.0,0.3706733186979878,0.7333436111893266,0.0,1.0,0.44
iid,logistic,EQ,19,0,0.9,0.9687123947051745,0.06871239470517443,1.8700361010830324,0.1299638989169675,0.8700361010830325,0.0,0.9666666666666667,0.9711286089238845,0.1299638989169675,0.24074074074074073,0.8700361010830325,108,0.0,0.06871239470517443,831,450,381,0.9545508741801896,0.9785604270966104,0.9457360214807246,0.9796972809138361,0.9490480470483044,0.9838036293280338,0.16991188997445456,0.3293793335978342,0.028871391076115485,0.03333333333333333,0.4584837545126354
iid,logistic,EQ,19,1,0.9,1.0,0.09999999999999998,2.0,0.0,1.0,0.0,1.0,1.0,0.0,,1.0,0,0.0,0.09999999999999998,25,14,11,0.8668077490609515,0.9999999999999999,0.7846891972623643,1.0,0.7411670330319684,1.0,,,0.0,0.0,0.44
iid,logistic,EQ,42,0,0.9,0.9614921780986763,0.06149217809867624,1.8339350180505416,0.16606498194945848,0.8339350180505415,0.0,0.9333333333333333,0.994750656167979,0.16606498194945848,0.2318840579710145,0.8339350180505415,138,0.0,0.06149217809867624,831,450,381,0.9461445545802513,0.9725927600273298,0.9064249366459758,0.9529059870061163,0.9810649255969588,0.9985592582300034,0.1693131370252639,0.30897762073163754,0.005249343832020997,0.06666666666666667,0.4584837545126354
iid,logistic,EQ,42,1,0.9,0.44,0.46,1.0,1.0,0.0,0.0,0.0,1.0,1.0,0.56,0.0,25,0.46,0.0,25,14,11,0.26665638881067344,0.6293266813020123,1.3877787807814457e-17,0.2153108027376358,0.7411670330319684,1.0,0.3706733186979878,0.7333436111893266,0.0,1.0,0.44
iid,logistic,EQ,73,0,0.9,0.9482551143200962,0.048255114320096215,1.7677496991576414,0.2322503008423586,0.7677496991576414,0.0,0.9422222222222222,0.9553805774278216,0.2322503008423586,0.22279792746113988,0.7677496991576414,193,0.0,0.048255114320096215,831,450,381,0.931025630469844,0.9613593752441688,0.9166891097850708,0.9602691148650128,0.9297120985528016,0.9719579061897872,0.16982488070075016,0.2865904464307769,0.04461942257217848,0.057777777777777775,0.4584837545126354
iid,logistic,EQ,73,1,0.9,1.0,0.09999999999999998,2.0,0.0,1.0,0.0,1.0,1.0,0.0,,1.0,0,0.0,0.09999999999999998,25,14,11,0.8668077490609515,0.9999999999999999,0.7846891972623643,1.0,0.7411670330319684,1.0,,,0.0,0.0,0.44
iid,logistic,EQ,101,0,0.9,0.9795427196149218,0.07954271961492176,1.914560770156438,0.08543922984356198,0.914560770156438,0.0,0.9911111111111112,0.9658792650918635,0.08543922984356198,0.23943661971830985,0.914560770156438,71,0.0,0.07954271961492176,831,450,381,0.9674834304858003,0.9871888507948282,0.9773703705412115,0.9965380095978263,0.9425047000965115,0.9799530857352433,0.1552094003304011,0.350412208560936,0.03412073490813648,0.008888888888888889,0.4584837545126354
iid,logistic,EQ,101,1,0.9,1.0,0.09999999999999998,2.0,0.0,1.0,0.0,1.0,1.0,0.0,,1.0,0,0.0,0.09999999999999998,25,14,11,0.8668077490609515,0.9999999999999999,0.7846891972623643,1.0,0.7411670330319684,1.0,,,0.0,0.0,0.44
iid,logistic,MCP,7,0,0.9,0.937424789410349,0.03742478941034899,1.7472924187725631,0.2527075812274368,0.7472924187725631,0.0,0.9266666666666666,0.9501312335958005,0.2527075812274368,0.24761904761904763,0.7472924187725631,210,0.0,0.03742478941034899,831,450,381,0.9188600130425567,0.9519640126676278,0.8988015642441322,0.9473088836594662,0.9234310545349967,0.9678450596630087,0.19412415700561766,0.3101815067109729,0.049868766404199474,0.07333333333333333,0.4584837545126354
iid,logistic,MCP,7,1,0.9,0.44,0.46,1.0,1.0,0.0,0.0,0.0,1.0,1.0,0.56,0.0,25,0.46,0.0,25,14,11,0.26665638881067344,0.6293266813020123,1.3877787807814457e-17,0.2153108027376358,0.7411670330319684,1.0,0.3706733186979878,0.7333436111893266,0.0,1.0,0.44
iid,logistic,MCP,19,0,0.9,0.9687123947051745,0.06871239470517443,1.8700361010830324,0.1299638989169675,0.8700361010830325,0.0,0.9666666666666667,0.9711286089238845,0.1299638989169675,0.24074074074074073,0.8700361010830325,108,0.0,0.06871239470517443,831,450,381,0.9545508741801896,0.9785604270966104,0.9457360214807246,0.9796972809138361,0.9490480470483044,0.9838036293280338,0.16991188997445456,0.3293793335978342,0.028871391076115485,0.03333333333333333,0.4584837545126354
iid,logistic,MCP,19,1,0.9,1.0,0.09999999999999998,2.0,0.0,1.0,0.0,1.0,1.0,0.0,,1.0,0,0.0,0.09999999999999998,25,14,11,0.8668077490609515,0.9999999999999999,0.7846891972623643,1.0,0.7411670330319684,1.0,,,0.0,0.0,0.44
iid,logistic,MCP,42,0,0.9,0.9614921780986763,0.06149217809867624,1.8363417569193743,0.16365824308062576,0.8363417569193743,0.0,0.9333333333333333,0.994750656167979,0.16365824308062576,0.23529411764705882,0.8363417569193743,136,0.0,0.06149217809867624,831,450,381,0.9461445545802513,0.9725927600273298,0.9064249366459758,0.9529059870061163,0.9810649255969588,0.9985592582300034,0.17188611565912615,0.3132451136115939,0.005249343832020997,0.06666666666666667,0.4584837545126354
iid,logistic,MCP,42,1,0.9,0.44,0.46,1.0,1.0,0.0,0.0,0.0,1.0,1.0,0.56,0.0,25,0.46,0.0,25,14,11,0.26665638881067344,0.6293266813020123,1.3877787807814457e-17,0.2153108027376358,0.7411670330319684,1.0,0.3706733186979878,0.7333436111893266,0.0,1.0,0.44
iid,logistic,MCP,73,0,0.9,0.9482551143200962,0.048255114320096215,1.7677496991576414,0.2322503008423586,0.7677496991576414,0.0,0.9422222222222222,0.9553805774278216,0.2322503008423586,0.22279792746113988,0.7677496991576414,193,0.0,0.048255114320096215,831,450,381,0.931025630469844,0.9613593752441688,0.9166891097850708,0.9602691148650128,0.9297120985528016,0.9719579061897872,0.16982488070075016,0.2865904464307769,0.04461942257217848,0.057777777777777775,0.4584837545126354
iid,logistic,MCP,73,1,0.9,1.0,0.09999999999999998,2.0,0.0,1.0,0.0,1.0,1.0,0.0,,1.0,0,0.0,0.09999999999999998,25,14,11,0.8668077490609515,0.9999999999999999,0.7846891972623643,1.0,0.7411670330319684,1.0,,,0.0,0.0,0.44
iid,logistic,MCP,101,0,0.9,0.9795427196149218,0.07954271961492176,1.914560770156438,0.08543922984356198,0.914560770156438,0.0,0.9911111111111112,0.9658792650918635,0.08543922984356198,0.23943661971830985,0.914560770156438,71,0.0,0.07954271961492176,831,450,381,0.9674834304858003,0.9871888507948282,0.9773703705412115,0.9965380095978263,0.9425047000965115,0.9799530857352433,0.1552094003304011,0.350412208560936,0.03412073490813648,0.008888888888888889,0.4584837545126354
iid,logistic,MCP,101,1,0.9,1.0,0.09999999999999998,2.0,0.0,1.0,0.0,1.0,1.0,0.0,,1.0,0,0.0,0.09999999999999998,25,14,11,0.8668077490609515,0.9999999999999999,0.7846891972623643,1.0,0.7411670330319684,1.0,,,0.0,0.0,0.44
temporal_1,catboost,EIQ-batch,7,0,0.9,0.9319880418535127,0.03198804185351267,1.811659192825112,0.18834080717488788,0.8116591928251121,0.0,0.9419191919191919,0.9175824175824175,0.18834080717488788,0.3611111111111111,0.8116591928251121,252,0.0,0.03198804185351267,1338,792,546,0.9172238264961731,0.9442788438833628,0.9233965088551084,0.9561756625134008,0.8914946634506433,0.9378353055517554,0.304302918746155,0.4220901360672976,0.08241758241758242,0.05808080808080808,0.4080717488789238
temporal_1,catboost,EIQ-batch,7,1,0.9,1.0,0.09999999999999998,2.0,0.0,1.0,0.0,1.0,1.0,0.0,,1.0,0,0.0,0.09999999999999998,48,19,29,0.9258998703338824,0.9999999999999999,0.8318207759473837,1.0,0.8830302015002593,1.0,,,0.0,0.0,0.6041666666666666
temporal_1,catboost,EIQ-batch,19,0,0.9,0.899103139013453,0.0008968609865470656,1.695814648729447,0.3041853512705531,0.695814648729447,0.0,0.9696969696969697,0.7967032967032966,0.3041853512705531,0.3316953316953317,0.695814648729447,407,0.0008968609865470656,0.0,1338,792,546,0.881804724332778,0.914116427886378,0.9553063402863444,0.9795532247110426,0.7609275948987915,0.8283331725502812,0.2877149479419157,0.3788230874519473,0.2032967032967033,0.030303030303030304,0.4080717488789238
temporal_1,catboost,EIQ-batch,19,1,0.9,1.0,0.09999999999999998,2.0,0.0,1.0,0.0,1.0,1.0,0.0,,1.0,0,0.0,0.09999999999999998,48,19,29,0.9258998703338824,0.9999999999999999,0.8318207759473837,1.0,0.8830302015002593,1.0,,,0.0,0.0,0.6041666666666666
temporal_1,catboost,EIQ-batch,42,0,0.9,0.882660687593423,0.017339312406577045,1.7735426008968609,0.226457399103139,0.773542600896861,0.0,0.8042929292929293,0.9963369963369964,0.226457399103139,0.5181518151815182,0.773542600896861,303,0.017339312406577045,0.0,1338,792,546,0.8643110582191724,0.8988193349197935,0.7752208401465746,0.8304274264243132,0.9867437943749741,0.9989948968515613,0.46201600886616867,0.5738331232630982,0.003663003663003663,0.19570707070707072,0.4080717488789238
temporal_1,catboost,EIQ-batch,42,1,0.9,1.0,0.09999999999999998,2.0,0.0,1.0,0.0,1.0,1.0,0.0,,1.0,0,0.0,0.09999999999999998,48,19,29,0.9258998703338824,0.9999999999999999,0.8318207759473837,1.0,0.8830302015002593,1.0,,,0.0,0.0,0.6041666666666666
temporal_1,catboost,EIQ-batch,73,0,0.9,0.9170403587443946,0.01704035874439458,1.7376681614349776,0.2623318385650224,0.7376681614349776,0.0,0.9292929292929293,0.8992673992673993,0.2623318385650224,0.3162393162393162,0.7376681614349776,351,0.0,0.01704035874439458,1338,792,546,0.9010403099245128,0.9306525794730323,0.9092914986045755,0.945150039296262,0.871166746991026,0.9217891005638992,0.2698050099142575,0.3666523521179921,0.10073260073260074,0.0707070707070707,0.4080717488789238
temporal_1,catboost,EIQ-batch,73,1,0.9,1.0,0.09999999999999998,2.0,0.0,1.0,0.0,1.0,1.0,0.0,,1.0,0,0.0,0.09999999999999998,48,19,29,0.9258998703338824,0.9999999999999999,0.8318207759473837,1.0,0.8830302015002593,1.0,,,0.0,0.0,0.6041666666666666
temporal_1,catboost,EIQ-batch,101,0,0.9,0.9484304932735426,0.04843049327354254,1.836322869955157,0.16367713004484305,0.8363228699551569,0.0,0.9368686868686869,0.9652014652014652,0.16367713004484305,0.3150684931506849,0.8363228699551569,219,0.0,0.04843049327354254,1338,792,546,0.9352442284410926,0.9590492010186332,0.9177323865183185,0.9517875314631221,0.946291759947425,0.9776109248184053,0.25718072273931575,0.3793321576346393,0.0347985347985348,0.06313131313131314,0.4080717488789238
temporal_1,catboost,EIQ-batch,101,1,0.9,1.0,0.09999999999999998,2.0,0.0,1.0,0.0,1.0,1.0,0.0,,1.0,0,0.0,0.09999999999999998,48,19,29,0.9258998703338824,0.9999999999999999,0.8318207759473837,1.0,0.8830302015002593,1.0,,,0.0,0.0,0.6041666666666666
temporal_1,catboost,EQ,7,0,0.9,0.9319880418535127,0.03198804185351267,1.811659192825112,0.18834080717488788,0.8116591928251121,0.0,0.9419191919191919,0.9175824175824175,0.18834080717488788,0.3611111111111111,0.8116591928251121,252,0.0,0.03198804185351267,1338,792,546,0.9172238264961731,0.9442788438833628,0.9233965088551084,0.9561756625134008,0.8914946634506433,0.9378353055517554,0.304302918746155,0.4220901360672976,0.08241758241758242,0.05808080808080808,0.4080717488789238
temporal_1,catboost,EQ,7,1,0.9,1.0,0.09999999999999998,2.0,0.0,1.0,0.0,1.0,1.0,0.0,,1.0,0,0.0,0.09999999999999998,48,19,29,0.9258998703338824,0.9999999999999999,0.8318207759473837,1.0,0.8830302015002593,1.0,,,0.0,0.0,0.6041666666666666
temporal_1,catboost,EQ,19,0,0.9,0.9162929745889388,0.016292974588938747,1.7324364723467862,0.26756352765321373,0.7324364723467862,0.0,0.9696969696969697,0.8388278388278388,0.26756352765321373,0.3128491620111732,0.7324364723467862,358,0.0,0.016292974588938747,1338,792,546,0.900235146622056,0.9299672537263897,0.9553063402863444,0.9795532247110426,0.8056361795370762,0.8672850672411859,0.2670217391643961,0.3626503265056631,0.16117216117216118,0.030303030303030304,0.4080717488789238
temporal_1,catboost,EQ,19,1,0.9,1.0,0.09999999999999998,2.0,0.0,1.0,0.0,1.0,1.0,0.0,,1.0,0,0.0,0.09999999999999998,48,19,29,0.9258998703338824,0.9999999999999999,0.8318207759473837,1.0,0.8830302015002593,1.0,,,0.0,0.0,0.6041666666666666
temporal_1,catboost,EQ,42,0,0.9,0.9895366218236173,0.08953662182361732,1.9708520179372198,0.02914798206278027,0.9708520179372198,0.0,0.9848484848484849,0.9963369963369964,0.02914798206278027,0.358974358974359,0.9708520179372198,39,0.0,0.08953662182361732,1338,792,546,0.9825132876341568,0.9937570395260439,0.9737045228717232,0.9913118022868699,0.9867437943749741,0.9989948968515613,0.22742085458992867,0.5158185144045146,0.003663003663003663,0.015151515151515152,0.4080717488789238
temporal_1,catboost,EQ,42,1,0.9,1.0,0.09999999999999998,2.0,0.0,1.0,0.0,1.0,1.0,0.0,,1.0,0,0.0,0.09999999999999998,48,19,29,0.9258998703338824,0.9999999999999999,0.8318207759473837,1.0,0.8830302015002593,1.0,,,0.0,0.0,0.6041666666666666
temporal_1,catboost,EQ,73,0,0.9,0.9387144992526159,0.03871449925261583,1.7914798206278026,0.2085201793721973,0.7914798206278026,0.0,0.9659090909090909,0.8992673992673993,0.2085201793721973,0.2939068100358423,0.7914798206278026,279,0.0,0.03871449925261583,1338,792,546,0.9245637829702235,0.9503532888512084,0.9508538732616756,0.9764665016954099,0.871166746991026,0.9217891005638992,0.2435422022927371,0.3498695963894934,0.10073260073260074,0.03409090909090909,0.4080717488789238
temporal_1,catboost,EQ,73,1,0.9,1.0,0.09999999999999998,2.0,0.0,1.0,0.0,1.0,1.0,0.0,,1.0,0,0.0,0.09999999999999998,48,19,29,0.9258998703338824,0.9999999999999999,0.8318207759473837,1.0,0.8830302015002593,1.0,,,0.0,0.0,0.6041666666666666
temporal_1,catboost,EQ,101,0,0.9,0.9484304932735426,0.04843049327354254,1.836322869955157,0.16367713004484305,0.8363228699551569,0.0,0.9368686868686869,0.9652014652014652,0.16367713004484305,0.3150684931506849,0.8363228699551569,219,0.0,0.04843049327354254,1338,792,546,0.9352442284410926,0.9590492010186332,0.9177323865183185,0.9517875314631221,0.946291759947425,0.9776109248184053,0.25718072273931575,0.3793321576346393,0.0347985347985348,0.06313131313131314,0.4080717488789238
temporal_1,catboost,EQ,101,1,0.9,1.0,0.09999999999999998,2.0,0.0,1.0,0.0,1.0,1.0,0.0,,1.0,0,0.0,0.09999999999999998,48,19,29,0.9258998703338824,0.9999999999999999,0.8318207759473837,1.0,0.8830302015002593,1.0,,,0.0,0.0,0.6041666666666666
temporal_1,catboost,MCP,7,0,0.9,0.9319880418535127,0.03198804185351267,1.811659192825112,0.18834080717488788,0.8116591928251121,0.0,0.9419191919191919,0.9175824175824175,0.18834080717488788,0.3611111111111111,0.8116591928251121,252,0.0,0.03198804185351267,1338,792,546,0.9172238264961731,0.9442788438833628,0.9233965088551084,0.9561756625134008,0.8914946634506433,0.9378353055517554,0.304302918746155,0.4220901360672976,0.08241758241758242,0.05808080808080808,0.4080717488789238
temporal_1,catboost,MCP,7,1,0.9,1.0,0.09999999999999998,2.0,0.0,1.0,0.0,1.0,1.0,0.0,,1.0,0,0.0,0.09999999999999998,48,19,29,0.9258998703338824,0.9999999999999999,0.8318207759473837,1.0,0.8830302015002593,1.0,,,0.0,0.0,0.6041666666666666
temporal_1,catboost,MCP,19,0,0.9,0.9798206278026906,0.07982062780269061,1.9439461883408071,0.05605381165919283,0.9439461883408071,0.0,0.9696969696969697,0.9945054945054945,0.05605381165919283,0.36,0.9439461883408071,75,0.0,0.07982062780269061,1338,792,546,0.9707990329668867,0.98609493655502,0.9553063402863444,0.9795532247110426,0.9839716296451271,0.9981296494366609,0.26064928908616347,0.47299338680902214,0.005494505494505495,0.030303030303030304,0.4080717488789238
temporal_1,catboost,MCP,19,1,0.9,1.0,0.09999999999999998,2.0,0.0,1.0,0.0,1.0,1.0,0.0,,1.0,0,0.0,0.09999999999999998,48,19,29,0.9258998703338824,0.9999999999999999,0.8318207759473837,1.0,0.8830302015002593,1.0,,,0.0,0.0,0.6041666666666666
temporal_1,catboost,MCP,42,0,0.9,0.9895366218236173,0.08953662182361732,1.9708520179372198,0.02914798206278027,0.9708520179372198,0.0,0.9848484848484849,0.9963369963369964,0.02914798206278027,0.358974358974359,0.9708520179372198,39,0.0,0.08953662182361732,1338,792,546,0.9825132876341568,0.9937570395260439,0.9737045228717232,0.9913118022868699,0.9867437943749741,0.9989948968515613,0.22742085458992867,0.5158185144045146,0.003663003663003663,0.015151515151515152,0.4080717488789238
temporal_1,catboost,MCP,42,1,0.9,1.0,0.09999999999999998,2.0,0.0,1.0,0.0,1.0,1.0,0.0,,1.0,0,0.0,0.09999999999999998,48,19,29,0.9258998703338824,0.9999999999999999,0.8318207759473837,1.0,0.8830302015002593,1.0,,,0.0,0.0,0.6041666666666666
temporal_1,catboost,MCP,73,0,0.9,0.9387144992526159,0.03871449925261583,1.7914798206278026,0.2085201793721973,0.7914798206278026,0.0,0.9659090909090909,0.8992673992673993,0.2085201793721973,0.2939068100358423,0.7914798206278026,279,0.0,0.03871449925261583,1338,792,546,0.9245637829702235,0.9503532888512084,0.9508538732616756,0.9764665016954099,0.871166746991026,0.9217891005638992,0.2435422022927371,0.3498695963894934,0.10073260073260074,0.03409090909090909,0.4080717488789238
temporal_1,catboost,MCP,73,1,0.9,1.0,0.09999999999999998,2.0,0.0,1.0,0.0,1.0,1.0,0.0,,1.0,0,0.0,0.09999999999999998,48,19,29,0.9258998703338824,0.9999999999999999,0.8318207759473837,1.0,0.8830302015002593,1.0,,,0.0,0.0,0.6041666666666666
temporal_1,catboost,MCP,101,0,0.9,0.9484304932735426,0.04843049327354254,1.836322869955157,0.16367713004484305,0.8363228699551569,0.0,0.9368686868686869,0.9652014652014652,0.16367713004484305,0.3150684931506849,0.8363228699551569,219,0.0,0.04843049327354254,1338,792,546,0.9352442284410926,0.9590492010186332,0.9177323865183185,0.9517875314631221,0.946291759947425,0.9776109248184053,0.25718072273931575,0.3793321576346393,0.0347985347985348,0.06313131313131314,0.4080717488789238
temporal_1,catboost,MCP,101,1,0.9,1.0,0.09999999999999998,2.0,0.0,1.0,0.0,1.0,1.0,0.0,,1.0,0,0.0,0.09999999999999998,48,19,29,0.9258998703338824,0.9999999999999999,0.8318207759473837,1.0,0.8830302015002593,1.0,,,0.0,0.0,0.6041666666666666
temporal_1,logistic,EIQ-batch,7,0,0.9,0.9469357249626308,0.046935724962630765,1.8684603886397608,0.13153961136023917,0.8684603886397608,0.0,0.9103535353535354,1.0,0.13153961136023917,0.4034090909090909,0.8684603886397608,176,0.0,0.046935724962630765,1338,792,546,0.933594313834661,0.9577181375268657,0.8884266732188075,0.9283189144805224,0.99301351551603,0.9999999999999998,0.33374341316775435,0.47720118090441266,0.0,0.08964646464646464,0.4080717488789238
temporal_1,logistic,EIQ-batch,7,1,0.9,1.0,0.09999999999999998,2.0,0.0,1.0,0.0,1.0,1.0,0.0,,1.0,0,0.0,0.09999999999999998,48,19,29,0.9258998703338824,0.9999999999999999,0.8318207759473837,1.0,0.8830302015002593,1.0,,,0.0,0.0,0.6041666666666666
temporal_1,logistic,EIQ-batch,19,0,0.9,0.8684603886397608,0.031539611360239195,1.547085201793722,0.452914798206278,0.547085201793722,0.0,0.9608585858585859,0.7344322344322345,0.452914798206278,0.29042904290429045,0.547085201793722,606,0.031539611360239195,0.0,1338,792,546,0.8492905516126423,0.8855205495934324,0.9449780839895778,0.9722900375804389,0.6958439079646879,0.7697448465629746,0.2556955337562585,0.3278027733427982,0.26556776556776557,0.039141414141414144,0.4080717488789238
temporal_1,logistic,EIQ-batch,19,1,0.9,1.0,0.09999999999999998,2.0,0.0,1.0,0.0,1.0,1.0,0.0,,1.0,0,0.0,0.09999999999999998,48,19,29,0.9258998703338824,0.9999999999999999,0.8318207759473837,1.0,0.8830302015002593,1.0,,,0.0,0.0,0.6041666666666666
temporal_1,logistic,EIQ-batch,42,0,0.9,0.8460388639760837,0.05396113602391628,1.5104633781763828,0.48953662182361735,0.5104633781763827,0.0,0.8686868686868687,0.8131868131868132,0.48953662182361735,0.3145038167938931,0.5104633781763827,655,0.05396113602391628,0.0,1338,792,546,0.8257121131059594,0.8643843166271291,0.8433748630572666,0.8904396341987468,0.7783470521204205,0.8436504246313785,0.28011424039475863,0.35105651131391113,0.18681318681318682,0.13131313131313133,0.4080717488789238
temporal_1,logistic,EIQ-batch,42,1,0.9,1.0,0.09999999999999998,2.0,0.0,1.0,0.0,1.0,1.0,0.0,,1.0,0,0.0,0.09999999999999998,48,19,29,0.9258998703338824,0.9999999999999999,0.8318207759473837,1.0,0.8830302015002593,1.0,,,0.0,0.0,0.6041666666666666
temporal_1,logistic,EIQ-batch,73,0,0.9,0.9424514200298953,0.042451420029895326,1.8101644245142003,0.1898355754857997,0.8101644245142003,0.0,0.9419191919191919,0.9432234432234432,0.1898355754857997,0.3031496062992126,0.8101644245142003,254,0.0,0.042451420029895326,1338,792,546,0.9286597918007726,0.9537097252661568,0.9233965088551084,0.9561756625134008,0.9205376932115794,0.9597160458172824,0.2499048602843695,0.3622599154759898,0.056776556776556776,0.05808080808080808,0.4080717488789238
temporal_1,logistic,EIQ-batch,73,1,0.9,1.0,0.09999999999999998,2.0,0.0,1.0,0.0,1.0,1.0,0.0,,1.0,0,0.0,0.09999999999999998,48,19,29,0.9258998703338824,0.9999999999999999,0.8318207759473837,1.0,0.8830302015002593,1.0,,,0.0,0.0,0.6041666666666666
temporal_1,logistic,EIQ-batch,101,0,0.9,0.9207772795216741,0.020777279521674075,1.6973094170403586,0.30269058295964124,0.6973094170403588,0.0,0.9608585858585859,0.8626373626373627,0.30269058295964124,0.2617283950617284,0.6973094170403588,405,0.0,0.020777279521674075,1338,792,546,0.9050714886040763,0.9340738460389664,0.9449780839895778,0.9722900375804389,0.8312199587340465,0.8889876459259314,0.22129913733828158,0.3066352346877116,0.13736263736263737,0.039141414141414144,0.4080717488789238
temporal_1,logistic,EIQ-batch,101,1,0.9,1.0,0.09999999999999998,2.0,0.0,1.0,0.0,1.0,1.0,0.0,,1.0,0,0.0,0.09999999999999998,48,19,29,0.9258998703338824,0.9999999999999999,0.8318207759473837,1.0,0.8830302015002593,1.0,,,0.0,0.0,0.6041666666666666
temporal_1,logistic,EQ,7,0,0.9,0.9133034379671151,0.013303437967115084,1.6689088191330343,0.3310911808669656,0.6689088191330343,0.0,0.9962121212121212,0.793040293040293,0.3310911808669656,0.2618510158013544,0.6689088191330343,443,0.0,0.013303437967115084,1338,792,546,0.8970179261478893,0.9272225180041579,0.988922934207617,0.9987109610718804,0.7570685708419523,0.8249173723176256,0.22308357122815062,0.3047131543557464,0.20695970695970695,0.003787878787878788,0.4080717488789238
temporal_1,logistic,EQ,7,1,0.9,1.0,0.09999999999999998,2.0,0.0,1.0,0.0,1.0,1.0,0.0,,1.0,0,0.0,0.09999999999999998,48,19,29,0.9258998703338824,0.9999999999999999,0.8318207759473837,1.0,0.8830302015002593,1.0,,,0.0,0.0,0.6041666666666666
temporal_1,logistic,EQ,19,0,0.9,0.8684603886397608,0.031539611360239195,1.547085201793722,0.452914798206278,0.547085201793722,0.0,0.9608585858585859,0.7344322344322345,0.452914798206278,0.29042904290429045,0.547085201793722,606,0.031539611360239195,0.0,1338,792,546,0.8492905516126423,0.8855205495934324,0.9449780839895778,0.9722900375804389,0.6958439079646879,0.7697448465629746,0.2556955337562585,0.3278027733427982,0.26556776556776557,0.039141414141414144,0.4080717488789238
temporal_1,logistic,EQ,19,1,0.9,1.0,0.09999999999999998,2.0,0.0,1.0,0.0,1.0,1.0,0.0,,1.0,0,0.0,0.09999999999999998,48,19,29,0.9258998703338824,0.9999999999999999,0.8318207759473837,1.0,0.8830302015002593,1.0,,,0.0,0.0,0.6041666666666666
temporal_1,logistic,EQ,42,0,0.9,0.9207772795216741,0.020777279521674075,1.686846038863976,0.3131539611360239,0.6868460388639761,0.0,0.9949494949494949,0.8131868131868132,0.3131539611360239,0.2529832935560859,0.6868460388639761,419,0.0,0.020777279521674075,1338,792,546,0.9050714886040763,0.9340738460389664,0.9870865752358231,0.9980342566969072,0.7783470521204205,0.8436504246313785,0.2137313916572438,0.2967234237780177,0.18681318681318682,0.005050505050505051,0.4080717488789238
temporal_1,logistic,EQ,42,1,0.9,1.0,0.09999999999999998,2.0,0.0,1.0,0.0,1.0,1.0,0.0,,1.0,0,0.0,0.09999999999999998,48,19,29,0.9258998703338824,0.9999999999999999,0.8318207759473837,1.0,0.8830302015002593,1.0,,,0.0,0.0,0.6041666666666666
temporal_1,logistic,EQ,73,0,0.9,0.8707025411061285,0.029297458893871475,1.5612855007473843,0.43871449925261585,0.5612855007473841,0.0,0.9419191919191919,0.7673992673992674,0.43871449925261585,0.29471890971039183,0.5612855007473841,587,0.029297458893871475,0.0,1338,792,546,0.8516573423434531,0.8876252260099201,0.9233965088551084,0.9561756625134008,0.730167814170183,0.8008943589629322,0.2592674788218172,0.3328396822412699,0.2326007326007326,0.05808080808080808,0.4080717488789238
temporal_1,logistic,EQ,73,1,0.9,1.0,0.09999999999999998,2.0,0.0,1.0,0.0,1.0,1.0,0.0,,1.0,0,0.0,0.09999999999999998,48,19,29,0.9258998703338824,0.9999999999999999,0.8318207759473837,1.0,0.8830302015002593,1.0,,,0.0,0.0,0.6041666666666666
temporal_1,logistic,EQ,101,0,0.9,0.9207772795216741,0.020777279521674075,1.6973094170403586,0.30269058295964124,0.6973094170403588,0.0,0.9608585858585859,0.8626373626373627,0.30269058295964124,0.2617283950617284,0.6973094170403588,405,0.0,0.020777279521674075,1338,792,546,0.9050714886040763,0.9340738460389664,0.9449780839895778,0.9722900375804389,0.8312199587340465,0.8889876459259314,0.22129913733828158,0.3066352346877116,0.13736263736263737,0.039141414141414144,0.4080717488789238
temporal_1,logistic,EQ,101,1,0.9,1.0,0.09999999999999998,2.0,0.0,1.0,0.0,1.0,1.0,0.0,,1.0,0,0.0,0.09999999999999998,48,19,29,0.9258998703338824,0.9999999999999999,0.8318207759473837,1.0,0.8830302015002593,1.0,,,0.0,0.0,0.6041666666666666
temporal_1,logistic,MCP,7,0,0.9,0.9133034379671151,0.013303437967115084,1.6689088191330343,0.3310911808669656,0.6689088191330343,0.0,0.9962121212121212,0.793040293040293,0.3310911808669656,0.2618510158013544,0.6689088191330343,443,0.0,0.013303437967115084,1338,792,546,0.8970179261478893,0.9272225180041579,0.988922934207617,0.9987109610718804,0.7570685708419523,0.8249173723176256,0.22308357122815062,0.3047131543557464,0.20695970695970695,0.003787878787878788,0.4080717488789238
temporal_1,logistic,MCP,7,1,0.9,1.0,0.09999999999999998,2.0,0.0,1.0,0.0,1.0,1.0,0.0,,1.0,0,0.0,0.09999999999999998,48,19,29,0.9258998703338824,0.9999999999999999,0.8318207759473837,1.0,0.8830302015002593,1.0,,,0.0,0.0,0.6041666666666666
temporal_1,logistic,MCP,19,0,0.9,0.8684603886397608,0.031539611360239195,1.547085201793722,0.452914798206278,0.547085201793722,0.0,0.9608585858585859,0.7344322344322345,0.452914798206278,0.29042904290429045,0.547085201793722,606,0.031539611360239195,0.0,1338,792,546,0.8492905516126423,0.8855205495934324,0.9449780839895778,0.9722900375804389,0.6958439079646879,0.7697448465629746,0.2556955337562585,0.3278027733427982,0.26556776556776557,0.039141414141414144,0.4080717488789238
temporal_1,logistic,MCP,19,1,0.9,1.0,0.09999999999999998,2.0,0.0,1.0,0.0,1.0,1.0,0.0,,1.0,0,0.0,0.09999999999999998,48,19,29,0.9258998703338824,0.9999999999999999,0.8318207759473837,1.0,0.8830302015002593,1.0,,,0.0,0.0,0.6041666666666666
temporal_1,logistic,MCP,42,0,0.9,0.9387144992526159,0.03871449925261583,1.751121076233184,0.24887892376681614,0.7511210762331838,0.0,0.9949494949494949,0.8571428571428571,0.24887892376681614,0.24624624624624625,0.7511210762331838,333,0.0,0.03871449925261583,1338,792,546,0.9245637829702235,0.9503532888512084,0.9870865752358231,0.9980342566969072,0.8252927222759672,0.8840026459497685,0.20304105981016726,0.29523922732645486,0.14285714285714285,0.005050505050505051,0.4080717488789238
temporal_1,logistic,MCP,42,1,0.9,1.0,0.09999999999999998,2.0,0.0,1.0,0.0,1.0,1.0,0.0,,1.0,0,0.0,0.09999999999999998,48,19,29,0.9258998703338824,0.9999999999999999,0.8318207759473837,1.0,0.8830302015002593,1.0,,,0.0,0.0,0.6041666666666666
temporal_1,logistic,MCP,73,0,0.9,0.8886397608370703,0.01136023916292972,1.600896860986547,0.3991031390134529,0.600896860986547,0.0,0.9722222222222222,0.7673992673992674,0.3991031390134529,0.27902621722846443,0.600896860986547,534,0.01136023916292972,0.0,1338,792,546,0.870658818523011,0.9043954870087515,0.9583001636458129,0.9815855280451083,0.730167814170183,0.8008943589629322,0.2426660648188675,0.3185429194839254,0.2326007326007326,0.027777777777777776,0.4080717488789238
temporal_1,logistic,MCP,73,1,0.9,1.0,0.09999999999999998,2.0,0.0,1.0,0.0,1.0,1.0,0.0,,1.0,0,0.0,0.09999999999999998,48,19,29,0.9258998703338824,0.9999999999999999,0.8318207759473837,1.0,0.8830302015002593,1.0,,,0.0,0.0,0.6041666666666666
temporal_1,logistic,MCP,101,0,0.9,0.9207772795216741,0.020777279521674075,1.6973094170403586,0.30269058295964124,0.6973094170403588,0.0,0.9608585858585859,0.8626373626373627,0.30269058295964124,0.2617283950617284,0.6973094170403588,405,0.0,0.020777279521674075,1338,792,546,0.9050714886040763,0.9340738460389664,0.9449780839895778,0.9722900375804389,0.8312199587340465,0.8889876459259314,0.22129913733828158,0.3066352346877116,0.13736263736263737,0.039141414141414144,0.4080717488789238
temporal_1,logistic,MCP,101,1,0.9,1.0,0.09999999999999998,2.0,0.0,1.0,0.0,1.0,1.0,0.0,,1.0,0,0.0,0.09999999999999998,48,19,29,0.9258998703338824,0.9999999999999999,0.8318207759473837,1.0,0.8830302015002593,1.0,,,0.0,0.0,0.6041666666666666
temporal_2,catboost,EIQ-batch,7,0,0.9,0.7826714801444044,0.11732851985559567,1.3465703971119134,0.6534296028880866,0.34657039711191334,0.0,0.9868421052631579,0.5344,0.6534296028880866,0.33259668508287293,0.34657039711191334,905,0.11732851985559567,0.0,1385,760,625,0.760185024367438,0.8035942284962174,0.9759499745813452,0.9928374504197756,0.49520252475384263,0.5731771906686115,0.30266537095060253,0.3639431479948573,0.4656,0.013157894736842105,0.45126353790613716
temporal_2,catboost,EIQ-batch,7,1,0.9,1.0,0.09999999999999998,2.0,0.0,1.0,0.0,1.0,1.0,0.0,,1.0,0,0.0,0.09999999999999998,14,2,12,0.7846891972623643,1.0,0.34238022750665303,1.0,0.7575059933447592,1.0,,,0.0,0.0,0.8571428571428571
temporal_2,catboost,EIQ-batch,19,0,0.9,0.9949458483754513,0.09494584837545128,1.9732851985559567,0.026714801444043323,0.9732851985559566,0.0,0.9907894736842106,1.0,0.026714801444043323,0.1891891891891892,0.9732851985559566,37,0.0,0.09494584837545128,1385,760,625,0.9896040741507024,0.9975496368021346,0.9811110602091844,0.9955313979676212,0.9938912125356713,1.0,0.09479978730312018,0.3420469692983842,0.0,0.009210526315789473,0.45126353790613716
temporal_2,catboost,EIQ-batch,19,1,0.9,1.0,0.09999999999999998,2.0,0.0,1.0,0.0,1.0,1.0,0.0,,1.0,0,0.0,0.09999999999999998,14,2,12,0.7846891972623643,1.0,0.34238022750665303,1.0,0.7575059933447592,1.0,,,0.0,0.0,0.8571428571428571
temporal_2,catboost,EIQ-batch,42,0,0.9,0.8245487364620938,0.07545126353790621,1.4729241877256318,0.5270758122743683,0.4729241877256318,0.0,0.9881578947368421,0.6256,0.5270758122743683,0.33287671232876714,0.4729241877256318,730,0.07545126353790621,0.0,1385,760,625,0.8036273200221014,0.8436747851176509,0.9776482393639521,0.9937575300290638,0.5869986611998946,0.662666811389066,0.2996452539696586,0.36785785986079267,0.3744,0.011842105263157895,0.45126353790613716
temporal_2,catboost,EIQ-batch,42,1,0.9,1.0,0.09999999999999998,2.0,0.0,1.0,0.0,1.0,1.0,0.0,,1.0,0,0.0,0.09999999999999998,14,2,12,0.7846891972623643,1.0,0.34238022750665303,1.0,0.7575059933447592,1.0,,,0.0,0.0,0.8571428571428571
temporal_2,catboost,EIQ-batch,73,0,0.9,0.8620938628158845,0.03790613718411551,1.5220216606498196,0.4779783393501805,0.5220216606498195,0.0,0.9789473684210527,0.72,0.4779783393501805,0.28851963746223563,0.5220216606498195,662,0.03790613718411551,0.0,1385,760,625,0.8429308112155456,0.8792538511372594,0.9660768798053819,0.9870004788443695,0.6835371586118352,0.7537749749038601,0.2553043795807943,0.32417509516395593,0.28,0.021052631578947368,0.45126353790613716
temporal_2,catboost,EIQ-batch,73,1,0.9,1.0,0.09999999999999998,2.0,0.0,1.0,0.0,1.0,1.0,0.0,,1.0,0,0.0,0.09999999999999998,14,2,12,0.7846891972623643,1.0,0.34238022750665303,1.0,0.7575059933447592,1.0,,,0.0,0.0,0.8571428571428571
temporal_2,catboost,EIQ-batch,101,0,0.9,0.8296028880866426,0.0703971119133574,1.4454873646209385,0.5545126353790614,0.44548736462093863,0.0,0.968421052631579,0.6608,0.5545126353790614,0.3072916666666667,0.44548736462093863,768,0.0703971119133574,0.0,1385,760,625,0.8088965172310754,0.8484859321488956,0.9534419492749014,0.9786886542396905,0.6228013721036005,0.6968340418478713,0.2756878749038616,0.34081367911700966,0.3392,0.031578947368421054,0.45126353790613716
temporal_2,catboost,EIQ-batch,101,1,0.9,1.0,0.09999999999999998,2.0,0.0,1.0,0.0,1.0,1.0,0.0,,1.0,0,0.0,0.09999999999999998,14,2,12,0.7846891972623643,1.0,0.34238022750665303,1.0,0.7575059933447592,1.0,,,0.0,0.0,0.8571428571428571
temporal_2,catboost,EQ,7,0,0.9,0.7826714801444044,0.11732851985559567,1.3465703971119134,0.6534296028880866,0.34657039711191334,0.0,0.9868421052631579,0.5344,0.6534296028880866,0.33259668508287293,0.34657039711191334,905,0.11732851985559567,0.0,1385,760,625,0.760185024367438,0.8035942284962174,0.9759499745813452,0.9928374504197756,0.49520252475384263,0.5731771906686115,0.30266537095060253,0.3639431479948573,0.4656,0.013157894736842105,0.45126353790613716
temporal_2,catboost,EQ,7,1,0.9,1.0,0.09999999999999998,2.0,0.0,1.0,0.0,1.0,1.0,0.0,,1.0,0,0.0,0.09999999999999998,14,2,12,0.7846891972623643,1.0,0.34238022750665303,1.0,0.7575059933447592,1.0,,,0.0,0.0,0.8571428571428571
temporal_2,catboost,EQ,19,0,0.9,0.8216606498194946,0.07833935018050542,1.4527075812274368,0.5472924187725632,0.4527075812274368,0.0,0.9907894736842106,0.616,0.5472924187725632,0.3258575197889182,0.4527075812274368,758,0.07833935018050542,0.0,1385,760,625,0.8006190884485483,0.8409228199825077,0.9811110602091844,0.9955313979676212,0.5772716599379157,0.6533111013703601,0.29344232216952465,0.36002888638262814,0.384,0.009210526315789473,0.45126353790613716
temporal_2,catboost,EQ,19,1,0.9,1.0,0.09999999999999998,2.0,0.0,1.0,0.0,1.0,1.0,0.0,,1.0,0,0.0,0.09999999999999998,14,2,12,0.7846891972623643,1.0,0.34238022750665303,1.0,0.7575059933447592,1.0,,,0.0,0.0,0.8571428571428571
temporal_2,catboost,EQ,42,0,0.9,0.8245487364620938,0.07545126353790621,1.4729241877256318,0.5270758122743683,0.4729241877256318,0.0,0.9881578947368421,0.6256,0.5270758122743683,0.33287671232876714,0.4729241877256318,730,0.07545126353790621,0.0,1385,760,625,0.8036273200221014,0.8436747851176509,0.9776482393639521,0.9937575300290638,0.5869986611998946,0.662666811389066,0.2996452539696586,0.36785785986079267,0.3744,0.011842105263157895,0.45126353790613716
temporal_2,catboost,EQ,42,1,0.9,1.0,0.09999999999999998,2.0,0.0,1.0,0.0,1.0,1.0,0.0,,1.0,0,0.0,0.09999999999999998,14,2,12,0.7846891972623643,1.0,0.34238022750665303,1.0,0.7575059933447592,1.0,,,0.0,0.0,0.8571428571428571
temporal_2,catboost,EQ,73,0,0.9,0.8620938628158845,0.03790613718411551,1.5220216606498196,0.4779783393501805,0.5220216606498195,0.0,0.9789473684210527,0.72,0.4779783393501805,0.28851963746223563,0.5220216606498195,662,0.03790613718411551,0.0,1385,760,625,0.8429308112155456,0.8792538511372594,0.9660768798053819,0.9870004788443695,0.6835371586118352,0.7537749749038601,0.2553043795807943,0.32417509516395593,0.28,0.021052631578947368,0.45126353790613716
temporal_2,catboost,EQ,73,1,0.9,1.0,0.09999999999999998,2.0,0.0,1.0,0.0,1.0,1.0,0.0,,1.0,0,0.0,0.09999999999999998,14,2,12,0.7846891972623643,1.0,0.34238022750665303,1.0,0.7575059933447592,1.0,,,0.0,0.0,0.8571428571428571
temporal_2,catboost,EQ,101,0,0.9,0.844043321299639,0.05595667870036103,1.5249097472924187,0.4750902527075812,0.5249097472924188,0.0,0.9947368421052631,0.6608,0.4750902527075812,0.3282674772036474,0.5249097472924188,658,0.05595667870036103,0.0,1385,760,625,0.8239867834730094,0.8621966494504433,0.9865460775571238,0.9979514137953667,0.6228013721036005,0.6968340418478713,0.29347506849651284,0.3650534250150612,0.3392,0.005263157894736842,0.45126353790613716
temporal_2,catboost,EQ,101,1,0.9,1.0,0.09999999999999998,2.0,0.0,1.0,0.0,1.0,1.0,0.0,,1.0,0,0.0,0.09999999999999998,14,2,12,0.7846891972623643,1.0,0.34238022750665303,1.0,0.7575059933447592,1.0,,,0.0,0.0,0.8571428571428571
temporal_2,catboost,MCP,7,0,0.9,0.7826714801444044,0.11732851985559567,1.3465703971119134,0.6534296028880866,0.34657039711191334,0.0,0.9868421052631579,0.5344,0.6534296028880866,0.33259668508287293,0.34657039711191334,905,0.11732851985559567,0.0,1385,760,625,0.760185024367438,0.8035942284962174,0.9759499745813452,0.9928374504197756,0.49520252475384263,0.5731771906686115,0.30266537095060253,0.3639431479948573,0.4656,0.013157894736842105,0.45126353790613716
temporal_2,catboost,MCP,7,1,0.9,1.0,0.09999999999999998,2.0,0.0,1.0,0.0,1.0,1.0,0.0,,1.0,0,0.0,0.09999999999999998,14,2,12,0.7846891972623643,1.0,0.34238022750665303,1.0,0.7575059933447592,1.0,,,0.0,0.0,0.8571428571428571
temporal_2,catboost,MCP,19,0,0.9,0.8216606498194946,0.07833935018050542,1.4527075812274368,0.5472924187725632,0.4527075812274368,0.0,0.9907894736842106,0.616,0.5472924187725632,0.3258575197889182,0.4527075812274368,758,0.07833935018050542,0.0,1385,760,625,0.8006190884485483,0.8409228199825077,0.9811110602091844,0.9955313979676212,0.5772716599379157,0.6533111013703601,0.29344232216952465,0.36002888638262814,0.384,0.009210526315789473,0.45126353790613716
temporal_2,catboost,MCP,19,1,0.9,1.0,0.09999999999999998,2.0,0.0,1.0,0.0,1.0,1.0,0.0,,1.0,0,0.0,0.09999999999999998,14,2,12,0.7846891972623643,1.0,0.34238022750665303,1.0,0.7575059933447592,1.0,,,0.0,0.0,0.8571428571428571
temporal_2,catboost,MCP,42,0,0.9,0.8245487364620938,0.07545126353790621,1.4729241877256318,0.5270758122743683,0.4729241877256318,0.0,0.9881578947368421,0.6256,0.5270758122743683,0.33287671232876714,0.4729241877256318,730,0.07545126353790621,0.0,1385,760,625,0.8036273200221014,0.8436747851176509,0.9776482393639521,0.9937575300290638,0.5869986611998946,0.662666811389066,0.2996452539696586,0.36785785986079267,0.3744,0.011842105263157895,0.45126353790613716
temporal_2,catboost,MCP,42,1,0.9,1.0,0.09999999999999998,2.0,0.0,1.0,0.0,1.0,1.0,0.0,,1.0,0,0.0,0.09999999999999998,14,2,12,0.7846891972623643,1.0,0.34238022750665303,1.0,0.7575059933447592,1.0,,,0.0,0.0,0.8571428571428571
temporal_2,catboost,MCP,73,0,0.9,0.8620938628158845,0.03790613718411551,1.5220216606498196,0.4779783393501805,0.5220216606498195,0.0,0.9789473684210527,0.72,0.4779783393501805,0.28851963746223563,0.5220216606498195,662,0.03790613718411551,0.0,1385,760,625,0.8429308112155456,0.8792538511372594,0.9660768798053819,0.9870004788443695,0.6835371586118352,0.7537749749038601,0.2553043795807943,0.32417509516395593,0.28,0.021052631578947368,0.45126353790613716
temporal_2,catboost,MCP,73,1,0.9,1.0,0.09999999999999998,2.0,0.0,1.0,0.0,1.0,1.0,0.0,,1.0,0,0.0,0.09999999999999998,14,2,12,0.7846891972623643,1.0,0.34238022750665303,1.0,0.7575059933447592,1.0,,,0.0,0.0,0.8571428571428571
temporal_2,catboost,MCP,101,0,0.9,0.844043321299639,0.05595667870036103,1.5249097472924187,0.4750902527075812,0.5249097472924188,0.0,0.9947368421052631,0.6608,0.4750902527075812,0.3282674772036474,0.5249097472924188,658,0.05595667870036103,0.0,1385,760,625,0.8239867834730094,0.8621966494504433,0.9865460775571238,0.9979514137953667,0.6228013721036005,0.6968340418478713,0.29347506849651284,0.3650534250150612,0.3392,0.005263157894736842,0.45126353790613716
temporal_2,catboost,MCP,101,1,0.9,1.0,0.09999999999999998,2.0,0.0,1.0,0.0,1.0,1.0,0.0,,1.0,0,0.0,0.09999999999999998,14,2,12,0.7846891972623643,1.0,0.34238022750665303,1.0,0.7575059933447592,1.0,,,0.0,0.0,0.8571428571428571
temporal_2,logistic,EIQ-batch,7,0,0.9,0.7884476534296029,0.11155234657039714,1.363898916967509,0.636101083032491,0.36389891696750903,0.0,0.9815789473684211,0.5536,0.636101083032491,0.3325766174801362,0.36389891696750903,881,0.11155234657039714,0.0,1385,760,625,0.7661558597976132,0.8091437864834348,0.9693182716928403,0.9889957757407009,0.5144170188720931,0.5921281191117307,0.30225208844625895,0.36435485332930795,0.4464,0.018421052631578946,0.45126353790613716
temporal_2,logistic,EIQ-batch,7,1,0.9,1.0,0.09999999999999998,2.0,0.0,1.0,0.0,1.0,1.0,0.0,,1.0,0,0.0,0.09999999999999998,14,2,12,0.7846891972623643,1.0,0.34238022750665303,1.0,0.7575059933447592,1.0,,,0.0,0.0,0.8571428571428571
temporal_2,logistic,EIQ-batch,19,0,0.9,0.8606498194945849,0.03935018050541517,1.4909747292418774,0.5090252707581228,0.49097472924187724,0.0,0.9513157894736842,0.7504,0.5090252707581228,0.27375886524822696,0.49097472924187724,705,0.03935018050541517,0.0,1385,760,625,0.8414116798942719,0.8778928841041849,0.933616509532009,0.9644756168879489,0.7150101364306807,0.7827305828071833,0.24213755911251494,0.3078323304439972,0.2496,0.04868421052631579,0.45126353790613716
temporal_2,logistic,EIQ-batch,19,1,0.9,1.0,0.09999999999999998,2.0,0.0,1.0,0.0,1.0,1.0,0.0,,1.0,0,0.0,0.09999999999999998,14,2,12,0.7846891972623643,1.0,0.34238022750665303,1.0,0.7575059933447592,1.0,,,0.0,0.0,0.8571428571428571
temporal_2,logistic,EIQ-batch,42,0,0.9,0.8231046931407943,0.07689530685920576,1.4642599277978339,0.535740072202166,0.4642599277978339,0.0,1.0,0.608,0.535740072202166,0.330188679245283,0.4642599277978339,742,0.07689530685920576,0.0,1385,760,625,0.8021229589064522,0.842299047878952,0.99497086892007,1.0,0.5691777138539402,0.6455027880537647,0.2973013109289266,0.3648252750636835,0.392,0.0,0.45126353790613716
temporal_2,logistic,EIQ-batch,42,1,0.9,1.0,0.09999999999999998,2.0,0.0,1.0,0.0,1.0,1.0,0.0,,1.0,0,0.0,0.09999999999999998,14,2,12,0.7846891972623643,1.0,0.34238022750665303,1.0,0.7575059933447592,1.0,,,0.0,0.0,0.8571428571428571
temporal_2,logistic,EIQ-batch,73,0,0.9,0.7732851985559567,0.12671480144404335,1.307581227436823,0.6924187725631769,0.3075812274368231,0.0,0.906578947368421,0.6112,0.6924187725631769,0.32742440041710114,0.3075812274368231,959,0.12671480144404335,0.0,1385,760,625,0.7504956157574191,0.794562997802973,0.8837949711104433,0.9252734459850874,0.5724140043957775,0.6486274012721558,0.29846366369811544,0.35776219055060493,0.3888,0.09342105263157895,0.45126353790613716
temporal_2,logistic,EIQ-batch,73,1,0.9,1.0,0.09999999999999998,2.0,0.0,1.0,0.0,1.0,1.0,0.0,,1.0,0,0.0,0.09999999999999998,14,2,12,0.7846891972623643,1.0,0.34238022750665303,1.0,0.7575059933447592,1.0,,,0.0,0.0,0.8571428571428571
temporal_2,logistic,EIQ-batch,101,0,0.9,0.8346570397111913,0.0653429602888087,1.463537906137184,0.5364620938628158,0.4635379061371841,0.0,0.9881578947368421,0.648,0.5364620938628158,0.3082099596231494,0.4635379061371841,743,0.0653429602888087,0.0,1385,760,625,0.8141719974480031,0.8532907961721865,0.9776482393639521,0.9937575300290638,0.6097568129204093,0.6844349859901494,0.2760652671056288,0.34232763725986864,0.352,0.011842105263157895,0.45126353790613716
temporal_2,logistic,EIQ-batch,101,1,0.9,1.0,0.09999999999999998,2.0,0.0,1.0,0.0,1.0,1.0,0.0,,1.0,0,0.0,0.09999999999999998,14,2,12,0.7846891972623643,1.0,0.34238022750665303,1.0,0.7575059933447592,1.0,,,0.0,0.0,0.8571428571428571
temporal_2,logistic,EQ,7,0,0.9,0.8490974729241877,0.05090252707581233,1.48014440433213,0.51985559566787,0.48014440433212996,0.0,0.9815789473684211,0.688,0.51985559566787,0.2902777777777778,0.48014440433212996,720,0.05090252707581233,0.0,1385,760,625,0.8292815437296049,0.8669822334340663,0.9693182716928403,0.9889957757407009,0.6506216318094291,0.7230814641039831,0.2583063759595311,0.3244751899208924,0.312,0.018421052631578946,0.45126353790613716
temporal_2,logistic,EQ,7,1,0.9,1.0,0.09999999999999998,2.0,0.0,1.0,0.0,1.0,1.0,0.0,,1.0,0,0.0,0.09999999999999998,14,2,12,0.7846891972623643,1.0,0.34238022750665303,1.0,0.7575059933447592,1.0,,,0.0,0.0,0.8571428571428571
temporal_2,logistic,EQ,19,0,0.9,0.8144404332129964,0.0855595667870036,1.3891696750902527,0.6108303249097473,0.3891696750902527,0.0,0.9513157894736842,0.648,0.6108303249097473,0.3037825059101655,0.3891696750902527,846,0.0855595667870036,0.0,1385,760,625,0.7931069365850449,0.8340344800742703,0.933616509532009,0.9644756168879489,0.6097568129204093,0.6844349859901494,0.27373719401560304,0.3356017049589082,0.352,0.04868421052631579,0.45126353790613716
temporal_2,logistic,EQ,19,1,0.9,1.0,0.09999999999999998,2.0,0.0,1.0,0.0,1.0,1.0,0.0,,1.0,0,0.0,0.09999999999999998,14,2,12,0.7846891972623643,1.0,0.34238022750665303,1.0,0.7575059933447592,1.0,,,0.0,0.0,0.8571428571428571
temporal_2,logistic,EQ,42,0,0.9,0.8231046931407943,0.07689530685920576,1.4642599277978339,0.535740072202166,0.4642599277978339,0.0,1.0,0.608,0.535740072202166,0.330188679245283,0.4642599277978339,742,0.07689530685920576,0.0,1385,760,625,0.8021229589064522,0.842299047878952,0.99497086892007,1.0,0.5691777138539402,0.6455027880537647,0.2973013109289266,0.3648252750636835,0.392,0.0,0.45126353790613716
temporal_2,logistic,EQ,42,1,0.9,1.0,0.09999999999999998,2.0,0.0,1.0,0.0,1.0,1.0,0.0,,1.0,0,0.0,0.09999999999999998,14,2,12,0.7846891972623643,1.0,0.34238022750665303,1.0,0.7575059933447592,1.0,,,0.0,0.0,0.8571428571428571
temporal_2,logistic,EQ,73,0,0.9,0.8909747292418773,0.009025270758122761,1.6086642599277978,0.3913357400722022,0.6086642599277978,0.0,0.993421052631579,0.7664,0.3913357400722022,0.2785977859778598,0.6086642599277978,542,0.009025270758122761,0.0,1385,760,625,0.8734662057481265,0.9063204236916419,0.9846924578376808,0.9971866891229149,0.7316620324687719,0.7978832055702336,0.2425146277626935,0.3177972611170432,0.2336,0.006578947368421052,0.45126353790613716
temporal_2,logistic,EQ,73,1,0.9,1.0,0.09999999999999998,2.0,0.0,1.0,0.0,1.0,1.0,0.0,,1.0,0,0.0,0.09999999999999998,14,2,12,0.7846891972623643,1.0,0.34238022750665303,1.0,0.7575059933447592,1.0,,,0.0,0.0,0.8571428571428571
temporal_2,logistic,EQ,101,0,0.9,0.8346570397111913,0.0653429602888087,1.463537906137184,0.5364620938628158,0.4635379061371841,0.0,0.9881578947368421,0.648,0.5364620938628158,0.3082099596231494,0.4635379061371841,743,0.0653429602888087,0.0,1385,760,625,0.8141719974480031,0.8532907961721865,0.9776482393639521,0.9937575300290638,0.6097568129204093,0.6844349859901494,0.2760652671056288,0.34232763725986864,0.352,0.011842105263157895,0.45126353790613716
temporal_2,logistic,EQ,101,1,0.9,1.0,0.09999999999999998,2.0,0.0,1.0,0.0,1.0,1.0,0.0,,1.0,0,0.0,0.09999999999999998,14,2,12,0.7846891972623643,1.0,0.34238022750665303,1.0,0.7575059933447592,1.0,,,0.0,0.0,0.8571428571428571
temporal_2,logistic,MCP,7,0,0.9,0.8490974729241877,0.05090252707581233,1.48014440433213,0.51985559566787,0.48014440433212996,0.0,0.9815789473684211,0.688,0.51985559566787,0.2902777777777778,0.48014440433212996,720,0.05090252707581233,0.0,1385,760,625,0.8292815437296049,0.8669822334340663,0.9693182716928403,0.9889957757407009,0.6506216318094291,0.7230814641039831,0.2583063759595311,0.3244751899208924,0.312,0.018421052631578946,0.45126353790613716
temporal_2,logistic,MCP,7,1,0.9,1.0,0.09999999999999998,2.0,0.0,1.0,0.0,1.0,1.0,0.0,,1.0,0,0.0,0.09999999999999998,14,2,12,0.7846891972623643,1.0,0.34238022750665303,1.0,0.7575059933447592,1.0,,,0.0,0.0,0.8571428571428571
temporal_2,logistic,MCP,19,0,0.9,0.8144404332129964,0.0855595667870036,1.3891696750902527,0.6108303249097473,0.3891696750902527,0.0,0.9513157894736842,0.648,0.6108303249097473,0.3037825059101655,0.3891696750902527,846,0.0855595667870036,0.0,1385,760,625,0.7931069365850449,0.8340344800742703,0.933616509532009,0.9644756168879489,0.6097568129204093,0.6844349859901494,0.27373719401560304,0.3356017049589082,0.352,0.04868421052631579,0.45126353790613716
temporal_2,logistic,MCP,19,1,0.9,1.0,0.09999999999999998,2.0,0.0,1.0,0.0,1.0,1.0,0.0,,1.0,0,0.0,0.09999999999999998,14,2,12,0.7846891972623643,1.0,0.34238022750665303,1.0,0.7575059933447592,1.0,,,0.0,0.0,0.8571428571428571
temporal_2,logistic,MCP,42,0,0.9,0.8231046931407943,0.07689530685920576,1.4657039711191335,0.5342960288808665,0.4657039711191336,0.0,1.0,0.608,0.5342960288808665,0.3310810810810811,0.4657039711191336,740,0.07689530685920576,0.0,1385,760,625,0.8021229589064522,0.842299047878952,0.99497086892007,1.0,0.5691777138539402,0.6455027880537647,0.2981231058878333,0.36578376964938586,0.392,0.0,0.45126353790613716
temporal_2,logistic,MCP,42,1,0.9,1.0,0.09999999999999998,2.0,0.0,1.0,0.0,1.0,1.0,0.0,,1.0,0,0.0,0.09999999999999998,14,2,12,0.7846891972623643,1.0,0.34238022750665303,1.0,0.7575059933447592,1.0,,,0.0,0.0,0.8571428571428571
temporal_2,logistic,MCP,73,0,0.9,0.8909747292418773,0.009025270758122761,1.6086642599277978,0.3913357400722022,0.6086642599277978,0.0,0.993421052631579,0.7664,0.3913357400722022,0.2785977859778598,0.6086642599277978,542,0.009025270758122761,0.0,1385,760,625,0.8734662057481265,0.9063204236916419,0.9846924578376808,0.9971866891229149,0.7316620324687719,0.7978832055702336,0.2425146277626935,0.3177972611170432,0.2336,0.006578947368421052,0.45126353790613716
temporal_2,logistic,MCP,73,1,0.9,1.0,0.09999999999999998,2.0,0.0,1.0,0.0,1.0,1.0,0.0,,1.0,0,0.0,0.09999999999999998,14,2,12,0.7846891972623643,1.0,0.34238022750665303,1.0,0.7575059933447592,1.0,,,0.0,0.0,0.8571428571428571
temporal_2,logistic,MCP,101,0,0.9,0.8346570397111913,0.0653429602888087,1.463537906137184,0.5364620938628158,0.4635379061371841,0.0,0.9881578947368421,0.648,0.5364620938628158,0.3082099596231494,0.4635379061371841,743,0.0653429602888087,0.0,1385,760,625,0.8141719974480031,0.8532907961721865,0.9776482393639521,0.9937575300290638,0.6097568129204093,0.6844349859901494,0.2760652671056288,0.34232763725986864,0.352,0.011842105263157895,0.45126353790613716
temporal_2,logistic,MCP,101,1,0.9,1.0,0.09999999999999998,2.0,0.0,1.0,0.0,1.0,1.0,0.0,,1.0,0,0.0,0.09999999999999998,14,2,12,0.7846891972623643,1.0,0.34238022750665303,1.0,0.7575059933447592,1.0,,,0.0,0.0,0.8571428571428571
