roc_auc,pr_auc,macro_f1,balanced_accuracy,brier,nll,ece,calibration_slope,calibration_intercept,setting,model,seed,calibration,kind,n_test,n_train,n_calibrator_fit,n_conformal_score,n_features,features,nominal_coverage,observed_coverage,coverage_gap,average_set_size,singleton_rate,ambiguity_rate,empty_set_rate,pass_coverage,fail_coverage,automatic_coverage,automatic_error_rate,deferral_rate,n_automatic,undercoverage,overcoverage,n_pass,n_fail,coverage_ci_lower,coverage_ci_upper,pass_ci_lower,pass_ci_upper,fail_ci_lower,fail_ci_upper,automatic_error_ci_lower,automatic_error_ci_upper,automatic_false_negative_fraction,automatic_false_positive_fraction,method,alpha,domain_auc,weight_min,weight_median,weight_mean,weight_max,raw_weight_p99,effective_sample_size,weight_cap,ess_class_0,ess_class_1
0.6801542197538181,0.7043076582001655,0.6144817187072111,0.6255917394210428,0.2266934408820583,0.6442794904522456,0.042019834838436,1.3706366201821298,0.2393978404200737,course_DDD,logistic,42,none,probability,5279,16217.0,2706.0,2703.0,12.0,total_clicks|active_days|active_weeks|unique_content|days_since_last_activity|days_to_first_activity|clicks_per_active_day|zero_activity|actions_week_1|actions_week_2|actions_week_3|actions_week_4,,,,,,,,,,,,,,,,,,,,,,,,,,,,,,,,,,,,,,,
,,,,,,,,,course_DDD,logistic,42,none,conformal,5279,,,,,,0.8,0.8177685167645388,0.0177685167645387,1.4201553324493277,0.5798446675506724,0.4201553324493275,0.0,0.9286536248561564,0.7095808383233533,0.5798446675506724,0.3142763802678863,0.4201553324493275,3061.0,0.0,0.0177685167645387,2607.0,2672.0,0.8071251131318741,0.8279497847525209,0.9181293127216604,0.9379165388749892,0.6920772111481048,0.7264827137338461,0.298072335253944,0.3309459956200121,0.2904191616766467,0.0713463751438435,split_cp,0.2,0.840013563024026,,,,,,,,,
,,,,,,,,,course_DDD,logistic,42,none,conformal,5279,,,,,,0.8,0.8285660162909642,0.0285660162909641,1.447622655806024,0.5523773441939761,0.4476226558060239,0.0,0.9098580744150364,0.749251497005988,0.5523773441939761,0.3103566529492455,0.4476226558060239,2916.0,0.0,0.0285660162909641,2607.0,2672.0,0.8181611862367988,0.838493007730702,0.8982532873430199,0.9202567729979376,0.7324668326257094,0.7653205066088967,0.2938235546016013,0.3273887558617527,0.2507485029940119,0.0901419255849635,mondrian_cp,0.2,0.840013563024026,,,,,,,,,
,,,,,,,,,course_DDD,logistic,42,none,conformal,5279,,,,,,0.85,0.8751657510892215,0.0251657510892214,1.565826861147945,0.4341731388520553,0.5658268611479447,0.0,0.9593402378212504,0.7930389221556886,0.4341731388520553,0.287521815008726,0.5658268611479447,2292.0,0.0,0.0251657510892214,2607.0,2672.0,0.8659757226451049,0.8838101702073803,0.9510585341824608,0.9662702419132776,0.7772624301883366,0.8079740362091057,0.2693600077544759,0.3063946697918061,0.2069610778443113,0.0406597621787495,split_cp,0.15,0.840013563024026,,,,,,,,,
,,,,,,,,,course_DDD,logistic,42,none,conformal,5279,,,,,,0.85,0.8797120666792954,0.0297120666792953,1.5751089221443455,0.4248910778556545,0.5751089221443455,0.0,0.9532029152282316,0.8080089820359282,0.4248910778556545,0.2831029870708872,0.5751089221443455,2243.0,0.0,0.0297120666792953,2607.0,2672.0,0.8706596725854242,0.8882122396704742,0.944407302096396,0.9606648890995244,0.7926368981000305,0.8224967057889798,0.2648422888640373,0.3021053494839299,0.1919910179640718,0.0467970847717683,mondrian_cp,0.15,0.840013563024026,,,,,,,,,
,,,,,,,,,course_DDD,logistic,42,none,conformal,5279,,,,,,0.9,0.9187346088274294,0.0187346088274293,1.6917976889562416,0.3082023110437583,0.6917976889562417,0.0,0.9777522056003068,0.8611526946107785,0.3082023110437583,0.2636754763368162,0.6917976889562417,1627.0,0.0,0.0187346088274293,2607.0,2672.0,0.9110556213591444,0.9258046241093828,0.9713483770088918,0.9827501537863002,0.847522294519988,0.8737461474640885,0.2428397751060732,0.2856245058080967,0.1388473053892215,0.0222477943996931,split_cp,0.1,0.840013563024026,,,,,,,,,
,,,,,,,,,course_DDD,logistic,42,none,conformal,5279,,,,,,0.9,0.9336995643114226,0.0336995643114226,1.7285470733093389,0.2714529266906611,0.7285470733093389,0.0,0.976601457614116,0.8918413173652695,0.2714529266906611,0.2442428471737613,0.7285470733093389,1433.0,0.0,0.0336995643114226,2607.0,2672.0,0.9266675061416132,0.9401008865298156,0.9700595242531764,0.9817408968732996,0.8794976275752715,0.9030599462665192,0.2227011345694989,0.2671521157664017,0.1081586826347305,0.0233985423858841,mondrian_cp,0.1,0.840013563024026,,,,,,,,,
,,,,,,,,,course_DDD,logistic,42,none,conformal,5279,,,,,,0.95,0.9571888615268044,0.0071888615268043,1.8189050956620567,0.1810949043379427,0.8189050956620572,0.0,0.9907940161104718,0.9244011976047904,0.1810949043379427,0.2364016736401673,0.8189050956620572,956.0,0.0,0.0071888615268043,2607.0,2672.0,0.9513875704005316,0.962325255855198,0.9863379896536196,0.993805784053685,0.9137571500013556,0.9338266978845956,0.2105573801915636,0.2643559032800235,0.0755988023952095,0.0092059838895281,split_cp,0.05,0.840013563024026,,,,,,,,,
,,,,,,,,,course_DDD,logistic,42,none,conformal,5279,,,,,,0.95,0.966281492706952,0.0162814927069521,1.8440992612237168,0.1559007387762833,0.8440992612237166,0.0,0.9900268507863444,0.94311377245509,0.1559007387762833,0.2162818955042527,0.8440992612237166,823.0,0.0,0.0162814927069521,2607.0,2672.0,0.9610632009485582,0.970821664113998,0.9854267423534334,0.9931849582413942,0.93367847050549,0.9512767992449208,0.189506552504407,0.2456935151529745,0.0568862275449101,0.0099731492136555,mondrian_cp,0.05,0.840013563024026,,,,,,,,,
0.6801542197538181,0.7043076582001655,0.5497135085931418,0.6001801058412519,0.2377614314352841,0.6687214317485878,0.1151954506437848,1.277618272367201,0.644155846951107,course_DDD,logistic,42,platt,probability,5279,16217.0,2706.0,2703.0,12.0,total_clicks|active_days|active_weeks|unique_content|days_since_last_activity|days_to_first_activity|clicks_per_active_day|zero_activity|actions_week_1|actions_week_2|actions_week_3|actions_week_4,,,,,,,,,,,,,,,,,,,,,,,,,,,,,,,,,,,,,,,
,,,,,,,,,course_DDD,logistic,42,platt,conformal,5279,,,,,,0.8,0.7374502746732335,0.0625497253267665,1.2943739344572835,0.7056260655427165,0.2943739344572836,0.0,0.9877253548139624,0.4932634730538922,0.7056260655427165,0.3720805369127516,0.2943739344572836,3725.0,0.0625497253267665,0.0,2607.0,2672.0,0.7254108433653093,0.7491443783921208,0.9827236336350088,0.991291847622387,0.4743301535424823,0.5122161345863121,0.3566974816639498,0.3877271578589646,0.5067365269461078,0.0122746451860375,split_cp,0.2,0.840013563024026,,,,,,,,,
,,,,,,,,,course_DDD,logistic,42,platt,conformal,5279,,,,,,0.8,0.8285660162909642,0.0285660162909641,1.447622655806024,0.5523773441939761,0.4476226558060239,0.0,0.9098580744150364,0.749251497005988,0.5523773441939761,0.3103566529492455,0.4476226558060239,2916.0,0.0,0.0285660162909641,2607.0,2672.0,0.8181611862367988,0.838493007730702,0.8982532873430199,0.9202567729979376,0.7324668326257094,0.7653205066088967,0.2938235546016013,0.3273887558617527,0.2507485029940119,0.0901419255849635,mondrian_cp,0.2,0.840013563024026,,,,,,,,,
,,,,,,,,,course_DDD,logistic,42,platt,conformal,5279,,,,,,0.85,0.7912483424891078,0.0587516575108921,1.411820420534192,0.5881795794658079,0.4118204205341921,0.0,0.9911775987725356,0.5961826347305389,0.5881795794658079,0.3549114331723027,0.4118204205341921,3105.0,0.0587516575108921,0.0,2607.0,2672.0,0.7800751407463581,0.8019979772847937,0.986795862262114,0.9941139480014292,0.5774531566753697,0.6146359517079542,0.3382700485699167,0.3719113769113991,0.4038173652694611,0.0088224012274645,split_cp,0.15,0.840013563024026,,,,,,,,,
,,,,,,,,,course_DDD,logistic,42,platt,conformal,5279,,,,,,0.85,0.8797120666792954,0.0297120666792953,1.5751089221443455,0.4248910778556545,0.5751089221443455,0.0,0.9532029152282316,0.8080089820359282,0.4248910778556545,0.2831029870708872,0.5751089221443455,2243.0,0.0,0.0297120666792953,2607.0,2672.0,0.8706596725854242,0.8882122396704742,0.944407302096396,0.9606648890995244,0.7926368981000305,0.8224967057889798,0.2648422888640373,0.3021053494839299,0.1919910179640718,0.0467970847717683,mondrian_cp,0.15,0.840013563024026,,,,,,,,,
,,,,,,,,,course_DDD,logistic,42,platt,conformal,5279,,,,,,0.9,0.8588747868914567,0.0411252131085433,1.5699943171055124,0.4300056828944876,0.5699943171055124,0.0,0.9938626774069812,0.7271706586826348,0.4300056828944876,0.3281938325991189,0.5699943171055124,2270.0,0.0411252131085433,0.0,2607.0,2672.0,0.8492220194209722,0.8680056372359494,0.9900533825650834,0.9962186835921304,0.7099649098639701,0.7437241515705734,0.3091819955063593,0.3477861730639598,0.2728293413173652,0.0061373225930187,split_cp,0.1,0.840013563024026,,,,,,,,,
,,,,,,,,,course_DDD,logistic,42,platt,conformal,5279,,,,,,0.9,0.9336995643114226,0.0336995643114226,1.7285470733093389,0.2714529266906611,0.7285470733093389,0.0,0.976601457614116,0.8918413173652695,0.2714529266906611,0.2442428471737613,0.7285470733093389,1433.0,0.0,0.0336995643114226,2607.0,2672.0,0.9266675061416132,0.9401008865298156,0.9700595242531764,0.9817408968732996,0.8794976275752715,0.9030599462665192,0.2227011345694989,0.2671521157664017,0.1081586826347305,0.0233985423858841,mondrian_cp,0.1,0.840013563024026,,,,,,,,,
,,,,,,,,,course_DDD,logistic,42,platt,conformal,5279,,,,,,0.95,0.9382458799014964,0.0117541200985034,1.7849971585527562,0.2150028414472438,0.7849971585527562,0.0,0.995397008055236,0.8824850299401198,0.2150028414472438,0.2872246696035242,0.7849971585527562,1135.0,0.0117541200985034,0.0,2607.0,2672.0,0.9314284777822844,0.9444259342925576,0.991971306049622,0.997364906332546,0.8697219434103598,0.8941499194992009,0.2616539022902585,0.3142308740681982,0.1175149700598802,0.004602991944764,split_cp,0.05,0.840013563024026,,,,,,,,,
,,,,,,,,,course_DDD,logistic,42,platt,conformal,5279,,,,,,0.95,0.966281492706952,0.0162814927069521,1.8440992612237168,0.1559007387762833,0.8440992612237166,0.0,0.9900268507863444,0.94311377245509,0.1559007387762833,0.2162818955042527,0.8440992612237166,823.0,0.0,0.0162814927069521,2607.0,2672.0,0.9610632009485582,0.970821664113998,0.9854267423534334,0.9931849582413942,0.93367847050549,0.9512767992449208,0.189506552504407,0.2456935151529745,0.0568862275449101,0.0099731492136555,mondrian_cp,0.05,0.840013563024026,,,,,,,,,
0.6782543945480729,0.6846630991136631,0.5132376890067754,0.5842920746539142,0.2376777516015484,0.6942319647903182,0.1127248836769121,1.0402734252070327,0.5160226527365976,course_DDD,logistic,42,isotonic,probability,5279,16217.0,2706.0,2703.0,12.0,total_clicks|active_days|active_weeks|unique_content|days_since_last_activity|days_to_first_activity|clicks_per_active_day|zero_activity|actions_week_1|actions_week_2|actions_week_3|actions_week_4,,,,,,,,,,,,,,,,,,,,,,,,,,,,,,,,,,,,,,,
,,,,,,,,,course_DDD,logistic,42,isotonic,conformal,5279,,,,,,0.8,0.7688956241712446,0.0311043758287554,1.3595377912483424,0.6404622087516575,0.3595377912483425,0.0,0.9900268507863444,0.5531437125748503,0.6404622087516575,0.3608399881691807,0.3595377912483425,3381.0,0.0311043758287554,0.0,2607.0,2672.0,0.7573312502620064,0.7800689390356976,0.9854267423534334,0.9931849582413942,0.5342298702467199,0.5719049678483463,0.3448185458175473,0.3771772961005993,0.4468562874251497,0.0099731492136555,split_cp,0.2,0.840013563024026,,,,,,,,,
,,,,,,,,,course_DDD,logistic,42,isotonic,conformal,5279,,,,,,0.8,0.8537601818526236,0.0537601818526235,1.5179011176359158,0.4820988823640841,0.5179011176359158,0.0,0.9604909858074416,0.749625748502994,0.4820988823640841,0.3033398821218074,0.5179011176359158,2545.0,0.0,0.0537601818526235,2607.0,2672.0,0.8439711783893742,0.8630347064387076,0.9523105174128624,0.9673163683515918,0.7328486956303119,0.7656860720415833,0.2857873622651579,0.321485190315203,0.250374251497006,0.0395090141925585,mondrian_cp,0.2,0.840013563024026,,,,,,,,,
,,,,,,,,,course_DDD,logistic,42,isotonic,conformal,5279,,,,,,0.8,0.8537601818526236,0.0537601818526235,1.5179011176359158,0.4820988823640841,0.5179011176359158,0.0,0.9604909858074416,0.749625748502994,0.4820988823640841,0.3033398821218074,0.5179011176359158,2545.0,0.0,0.0537601818526235,2607.0,2672.0,0.8439711783893742,0.8630347064387076,0.9523105174128624,0.9673163683515918,0.7328486956303119,0.7656860720415833,0.2857873622651579,0.321485190315203,0.250374251497006,0.0395090141925585,empirical_mondrian,0.2,0.840013563024026,,,,,,,,,
,,,,,,,,,course_DDD,logistic,42,isotonic,conformal,5279,,,,,,0.8,0.8611479446864937,0.0611479446864936,1.5232051524910022,0.4767948475089979,0.5232051524910021,0.0,0.8952819332566168,0.8278443113772455,0.4767948475089979,0.2912197059992054,0.5232051524910021,2517.0,0.0,0.0611479446864936,2607.0,2672.0,0.8515570545277827,0.8702136118308456,0.882941064950331,0.9064596062535591,0.8130620650874772,0.8416852459778604,0.2737995867649432,0.3092761372864688,0.1721556886227545,0.1047180667433832,weighted_cap5,0.2,0.840013563024026,3.584583997540997e-06,0.5492751366116772,0.8193826570544812,5.0,8.169306194640317,1058.3512865567843,5.0,589.2842263891685,477.94521903659904
,,,,,,,,,course_DDD,logistic,42,isotonic,conformal,5279,,,,,,0.8,0.8518658836900929,0.0518658836900928,1.4997158552756205,0.5002841447243797,0.4997158552756204,0.0,0.8764863828154967,0.8278443113772455,0.5002841447243797,0.2960999621355547,0.4997158552756204,2641.0,0.0,0.0518658836900928,2607.0,2672.0,0.8420274445081954,0.8611925989017977,0.8632994612371054,0.8885654187110927,0.8130620650874772,0.8416852459778604,0.2789946473643321,0.3137975797810249,0.1721556886227545,0.1235136171845032,weighted_cap10,0.2,0.840013563024026,3.584583997540997e-06,0.5492751366116772,0.8827708498019237,10.0,8.169306194640317,808.757401040387,10.0,432.7365245141178,407.459211446907
,,,,,,,,,course_DDD,logistic,42,isotonic,conformal,5279,,,,,,0.8,0.8518658836900929,0.0518658836900928,1.4997158552756205,0.5002841447243797,0.4997158552756204,0.0,0.8764863828154967,0.8278443113772455,0.5002841447243797,0.2960999621355547,0.4997158552756204,2641.0,0.0,0.0518658836900928,2607.0,2672.0,0.8420274445081954,0.8611925989017977,0.8632994612371054,0.8885654187110927,0.8130620650874772,0.8416852459778604,0.2789946473643321,0.3137975797810249,0.1721556886227545,0.1235136171845032,weighted_cap20,0.2,0.840013563024026,3.584583997540997e-06,0.5492751366116772,0.914623835433124,20.0,8.169306194640317,655.0468560607485,20.0,341.1459866427824,363.9459958123901
,,,,,,,,,course_DDD,logistic,42,isotonic,conformal,5279,,,,,,0.8,0.8518658836900929,0.0518658836900928,1.4997158552756205,0.5002841447243797,0.4997158552756204,0.0,0.8764863828154967,0.8278443113772455,0.5002841447243797,0.2960999621355547,0.4997158552756204,2641.0,0.0,0.0518658836900928,2607.0,2672.0,0.8420274445081954,0.8611925989017977,0.8632994612371054,0.8885654187110927,0.8130620650874772,0.8416852459778604,0.2789946473643321,0.3137975797810249,0.1721556886227545,0.1235136171845032,weighted_p99,0.2,0.840013563024026,3.584583997540997e-06,0.5492751366116772,0.8679355430087926,8.169306194640317,8.169306194640317,871.5479318063009,8.169306194640317,471.9848521230506,423.1049798191229
,,,,,,,,,course_DDD,logistic,42,isotonic,conformal,5279,,,,,,0.85,0.856980488728926,0.0069804887289259,1.55199848456147,0.44800151543853,0.5519984845614699,0.0,0.9900268507863444,0.7271706586826348,0.44800151543853,0.3192389006342495,0.5519984845614699,2365.0,0.0,0.0069804887289259,2607.0,2672.0,0.8472767869678816,0.8661650282709513,0.9854267423534334,0.9931849582413942,0.7099649098639701,0.7437241515705734,0.3007566727972566,0.3383073950759669,0.2728293413173652,0.0099731492136555,split_cp,0.15,0.840013563024026,,,,,,,,,
,,,,,,,,,course_DDD,logistic,42,isotonic,conformal,5279,,,,,,0.85,0.893351013449517,0.0433510134495169,1.6137526046599735,0.3862473953400265,0.6137526046599735,0.0,0.9604909858074416,0.8278443113772455,0.3862473953400265,0.27611574301128,0.6137526046599735,2039.0,0.0,0.0433510134495169,2607.0,2672.0,0.8847366152129861,0.9013933552531516,0.9523105174128624,0.9673163683515918,0.8130620650874772,0.8416852459778604,0.2571451618769554,0.2959283299215403,0.1721556886227545,0.0395090141925585,mondrian_cp,0.15,0.840013563024026,,,,,,,,,
,,,,,,,,,course_DDD,logistic,42,isotonic,conformal,5279,,,,,,0.85,0.893351013449517,0.0433510134495169,1.6137526046599735,0.3862473953400265,0.6137526046599735,0.0,0.9604909858074416,0.8278443113772455,0.3862473953400265,0.27611574301128,0.6137526046599735,2039.0,0.0,0.0433510134495169,2607.0,2672.0,0.8847366152129861,0.9013933552531516,0.9523105174128624,0.9673163683515918,0.8130620650874772,0.8416852459778604,0.2571451618769554,0.2959283299215403,0.1721556886227545,0.0395090141925585,empirical_mondrian,0.15,0.840013563024026,,,,,,,,,
,,,,,,,,,course_DDD,logistic,42,isotonic,conformal,5279,,,,,,0.85,0.9492328092441752,0.0992328092441751,1.7741996590263307,0.2258003409736692,0.7741996590263307,0.0,0.9604909858074416,0.938248502994012,0.2258003409736692,0.2248322147651006,0.7741996590263307,1192.0,0.0,0.0992328092441751,2607.0,2672.0,0.9429775414982096,0.9548347508015474,0.9523105174128624,0.9673163683515918,0.9284775539586309,0.9467611461070204,0.2020383544119828,0.2493939444423075,0.061751497005988,0.0395090141925585,weighted_cap5,0.15,0.840013563024026,3.584583997540997e-06,0.5492751366116772,0.8193826570544812,5.0,8.169306194640317,1058.3512865567843,5.0,589.2842263891685,477.94521903659904
,,,,,,,,,course_DDD,logistic,42,isotonic,conformal,5279,,,,,,0.85,0.9492328092441752,0.0992328092441751,1.7741996590263307,0.2258003409736692,0.7741996590263307,0.0,0.9604909858074416,0.938248502994012,0.2258003409736692,0.2248322147651006,0.7741996590263307,1192.0,0.0,0.0992328092441751,2607.0,2672.0,0.9429775414982096,0.9548347508015474,0.9523105174128624,0.9673163683515918,0.9284775539586309,0.9467611461070204,0.2020383544119828,0.2493939444423075,0.061751497005988,0.0395090141925585,weighted_cap10,0.15,0.840013563024026,3.584583997540997e-06,0.5492751366116772,0.8827708498019237,10.0,8.169306194640317,808.757401040387,10.0,432.7365245141178,407.459211446907
,,,,,,,,,course_DDD,logistic,42,isotonic,conformal,5279,,,,,,0.85,0.9492328092441752,0.0992328092441751,1.7741996590263307,0.2258003409736692,0.7741996590263307,0.0,0.9604909858074416,0.938248502994012,0.2258003409736692,0.2248322147651006,0.7741996590263307,1192.0,0.0,0.0992328092441751,2607.0,2672.0,0.9429775414982096,0.9548347508015474,0.9523105174128624,0.9673163683515918,0.9284775539586309,0.9467611461070204,0.2020383544119828,0.2493939444423075,0.061751497005988,0.0395090141925585,weighted_cap20,0.15,0.840013563024026,3.584583997540997e-06,0.5492751366116772,0.914623835433124,20.0,8.169306194640317,655.0468560607485,20.0,341.1459866427824,363.9459958123901
,,,,,,,,,course_DDD,logistic,42,isotonic,conformal,5279,,,,,,0.85,0.9492328092441752,0.0992328092441751,1.7741996590263307,0.2258003409736692,0.7741996590263307,0.0,0.9604909858074416,0.938248502994012,0.2258003409736692,0.2248322147651006,0.7741996590263307,1192.0,0.0,0.0992328092441751,2607.0,2672.0,0.9429775414982096,0.9548347508015474,0.9523105174128624,0.9673163683515918,0.9284775539586309,0.9467611461070204,0.2020383544119828,0.2493939444423075,0.061751497005988,0.0395090141925585,weighted_p99,0.15,0.840013563024026,3.584583997540997e-06,0.5492751366116772,0.8679355430087926,8.169306194640317,8.169306194640317,871.5479318063009,8.169306194640317,471.9848521230506,423.1049798191229
,,,,,,,,,course_DDD,logistic,42,isotonic,conformal,5279,,,,,,0.9,0.8709982951316537,0.0290017048683463,1.6012502367872703,0.3987497632127297,0.6012502367872703,0.0,0.9950134253931724,0.75,0.3987497632127297,0.3235154394299287,0.6012502367872703,2105.0,0.0290017048683463,0.0,2607.0,2672.0,0.8616854898744645,0.8797715518582253,0.9914867169033464,0.9970834589225832,0.73323057491661,0.7660516211925744,0.3038678060572711,0.3438060402187307,0.25,0.0049865746068277,split_cp,0.1,0.840013563024026,,,,,,,,,
,,,,,,,,,course_DDD,logistic,42,isotonic,conformal,5279,,,,,,0.9,0.963818905095662,0.063818905095662,1.8365220685735932,0.1634779314264065,0.8365220685735935,0.0,0.9900268507863444,0.938248502994012,0.1634779314264065,0.2213209733487833,0.8365220685735935,863.0,0.0,0.063818905095662,2607.0,2672.0,0.9584347345021376,0.968528536716903,0.9854267423534334,0.9931849582413942,0.9284775539586309,0.9467611461070204,0.1948927826835506,0.2502191289520756,0.061751497005988,0.0099731492136555,mondrian_cp,0.1,0.840013563024026,,,,,,,,,
,,,,,,,,,course_DDD,logistic,42,isotonic,conformal,5279,,,,,,0.9,0.963818905095662,0.063818905095662,1.8365220685735932,0.1634779314264065,0.8365220685735935,0.0,0.9900268507863444,0.938248502994012,0.1634779314264065,0.2213209733487833,0.8365220685735935,863.0,0.0,0.063818905095662,2607.0,2672.0,0.9584347345021376,0.968528536716903,0.9854267423534334,0.9931849582413942,0.9284775539586309,0.9467611461070204,0.1948927826835506,0.2502191289520756,0.061751497005988,0.0099731492136555,empirical_mondrian,0.1,0.840013563024026,,,,,,,,,
,,,,,,,,,course_DDD,logistic,42,isotonic,conformal,5279,,,,,,0.9,0.9492328092441752,0.049232809244175,1.7741996590263307,0.2258003409736692,0.7741996590263307,0.0,0.9604909858074416,0.938248502994012,0.2258003409736692,0.2248322147651006,0.7741996590263307,1192.0,0.0,0.049232809244175,2607.0,2672.0,0.9429775414982096,0.9548347508015474,0.9523105174128624,0.9673163683515918,0.9284775539586309,0.9467611461070204,0.2020383544119828,0.2493939444423075,0.061751497005988,0.0395090141925585,weighted_cap5,0.1,0.840013563024026,3.584583997540997e-06,0.5492751366116772,0.8193826570544812,5.0,8.169306194640317,1058.3512865567843,5.0,589.2842263891685,477.94521903659904
,,,,,,,,,course_DDD,logistic,42,isotonic,conformal,5279,,,,,,0.9,0.9492328092441752,0.049232809244175,1.7741996590263307,0.2258003409736692,0.7741996590263307,0.0,0.9604909858074416,0.938248502994012,0.2258003409736692,0.2248322147651006,0.7741996590263307,1192.0,0.0,0.049232809244175,2607.0,2672.0,0.9429775414982096,0.9548347508015474,0.9523105174128624,0.9673163683515918,0.9284775539586309,0.9467611461070204,0.2020383544119828,0.2493939444423075,0.061751497005988,0.0395090141925585,weighted_cap10,0.1,0.840013563024026,3.584583997540997e-06,0.5492751366116772,0.8827708498019237,10.0,8.169306194640317,808.757401040387,10.0,432.7365245141178,407.459211446907
,,,,,,,,,course_DDD,logistic,42,isotonic,conformal,5279,,,,,,0.9,0.9492328092441752,0.049232809244175,1.7741996590263307,0.2258003409736692,0.7741996590263307,0.0,0.9604909858074416,0.938248502994012,0.2258003409736692,0.2248322147651006,0.7741996590263307,1192.0,0.0,0.049232809244175,2607.0,2672.0,0.9429775414982096,0.9548347508015474,0.9523105174128624,0.9673163683515918,0.9284775539586309,0.9467611461070204,0.2020383544119828,0.2493939444423075,0.061751497005988,0.0395090141925585,weighted_cap20,0.1,0.840013563024026,3.584583997540997e-06,0.5492751366116772,0.914623835433124,20.0,8.169306194640317,655.0468560607485,20.0,341.1459866427824,363.9459958123901
,,,,,,,,,course_DDD,logistic,42,isotonic,conformal,5279,,,,,,0.9,0.9492328092441752,0.049232809244175,1.7741996590263307,0.2258003409736692,0.7741996590263307,0.0,0.9604909858074416,0.938248502994012,0.2258003409736692,0.2248322147651006,0.7741996590263307,1192.0,0.0,0.049232809244175,2607.0,2672.0,0.9429775414982096,0.9548347508015474,0.9523105174128624,0.9673163683515918,0.9284775539586309,0.9467611461070204,0.2020383544119828,0.2493939444423075,0.061751497005988,0.0395090141925585,weighted_p99,0.1,0.840013563024026,3.584583997540997e-06,0.5492751366116772,0.8679355430087926,8.169306194640317,8.169306194640317,871.5479318063009,8.169306194640317,471.9848521230506,423.1049798191229
,,,,,,,,,course_DDD,logistic,42,isotonic,conformal,5279,,,,,,0.95,0.9664709225232052,0.0164709225232051,1.8700511460503884,0.1299488539496116,0.8700511460503884,0.0,0.995397008055236,0.938248502994012,0.1299488539496116,0.2580174927113702,0.8700511460503884,686.0,0.0,0.0164709225232051,2607.0,2672.0,0.9612656674757114,0.9709977817286536,0.991971306049622,0.997364906332546,0.9284775539586309,0.9467611461070204,0.2266863279004525,0.2920436704856048,0.061751497005988,0.004602991944764,split_cp,0.05,0.840013563024026,,,,,,,,,
,,,,,,,,,course_DDD,logistic,42,isotonic,conformal,5279,,,,,,0.95,0.9801098692934268,0.0301098692934268,1.8844478120856225,0.1155521879143777,0.8844478120856223,0.0,0.9900268507863444,0.9704341317365268,0.1155521879143777,0.1721311475409836,0.8844478120856223,610.0,0.0,0.0301098692934268,2607.0,2672.0,0.9759795545409368,0.9835419528736676,0.9854267423534334,0.9931849582413942,0.9633053878954062,0.976212157777116,0.1442497686194893,0.2041161746511462,0.029565868263473,0.0099731492136555,mondrian_cp,0.05,0.840013563024026,,,,,,,,,
,,,,,,,,,course_DDD,logistic,42,isotonic,conformal,5279,,,,,,0.95,0.9801098692934268,0.0301098692934268,1.8844478120856225,0.1155521879143777,0.8844478120856223,0.0,0.9900268507863444,0.9704341317365268,0.1155521879143777,0.1721311475409836,0.8844478120856223,610.0,0.0,0.0301098692934268,2607.0,2672.0,0.9759795545409368,0.9835419528736676,0.9854267423534334,0.9931849582413942,0.9633053878954062,0.976212157777116,0.1442497686194893,0.2041161746511462,0.029565868263473,0.0099731492136555,empirical_mondrian,0.05,0.840013563024026,,,,,,,,,
,,,,,,,,,course_DDD,logistic,42,isotonic,conformal,5279,,,,,,0.95,0.9801098692934268,0.0301098692934268,1.8844478120856225,0.1155521879143777,0.8844478120856223,0.0,0.9900268507863444,0.9704341317365268,0.1155521879143777,0.1721311475409836,0.8844478120856223,610.0,0.0,0.0301098692934268,2607.0,2672.0,0.9759795545409368,0.9835419528736676,0.9854267423534334,0.9931849582413942,0.9633053878954062,0.976212157777116,0.1442497686194893,0.2041161746511462,0.029565868263473,0.0099731492136555,weighted_cap5,0.05,0.840013563024026,3.584583997540997e-06,0.5492751366116772,0.8193826570544812,5.0,8.169306194640317,1058.3512865567843,5.0,589.2842263891685,477.94521903659904
,,,,,,,,,course_DDD,logistic,42,isotonic,conformal,5279,,,,,,0.95,0.9801098692934268,0.0301098692934268,1.8844478120856225,0.1155521879143777,0.8844478120856223,0.0,0.9900268507863444,0.9704341317365268,0.1155521879143777,0.1721311475409836,0.8844478120856223,610.0,0.0,0.0301098692934268,2607.0,2672.0,0.9759795545409368,0.9835419528736676,0.9854267423534334,0.9931849582413942,0.9633053878954062,0.976212157777116,0.1442497686194893,0.2041161746511462,0.029565868263473,0.0099731492136555,weighted_cap10,0.05,0.840013563024026,3.584583997540997e-06,0.5492751366116772,0.8827708498019237,10.0,8.169306194640317,808.757401040387,10.0,432.7365245141178,407.459211446907
,,,,,,,,,course_DDD,logistic,42,isotonic,conformal,5279,,,,,,0.95,0.9801098692934268,0.0301098692934268,1.8844478120856225,0.1155521879143777,0.8844478120856223,0.0,0.9900268507863444,0.9704341317365268,0.1155521879143777,0.1721311475409836,0.8844478120856223,610.0,0.0,0.0301098692934268,2607.0,2672.0,0.9759795545409368,0.9835419528736676,0.9854267423534334,0.9931849582413942,0.9633053878954062,0.976212157777116,0.1442497686194893,0.2041161746511462,0.029565868263473,0.0099731492136555,weighted_cap20,0.05,0.840013563024026,3.584583997540997e-06,0.5492751366116772,0.914623835433124,20.0,8.169306194640317,655.0468560607485,20.0,341.1459866427824,363.9459958123901
,,,,,,,,,course_DDD,logistic,42,isotonic,conformal,5279,,,,,,0.95,0.9801098692934268,0.0301098692934268,1.8844478120856225,0.1155521879143777,0.8844478120856223,0.0,0.9900268507863444,0.9704341317365268,0.1155521879143777,0.1721311475409836,0.8844478120856223,610.0,0.0,0.0301098692934268,2607.0,2672.0,0.9759795545409368,0.9835419528736676,0.9854267423534334,0.9931849582413942,0.9633053878954062,0.976212157777116,0.1442497686194893,0.2041161746511462,0.029565868263473,0.0099731492136555,weighted_p99,0.05,0.840013563024026,3.584583997540997e-06,0.5492751366116772,0.8679355430087926,8.169306194640317,8.169306194640317,871.5479318063009,8.169306194640317,471.9848521230506,423.1049798191229
0.6593897934855262,0.6787119698595202,0.5603460944401513,0.5955599589084202,0.2386451891909237,0.6707186817163291,0.0986718268781842,1.0517999248505208,0.4544775875123088,course_DDD,catboost,42,none,probability,5279,16217.0,2706.0,2703.0,12.0,total_clicks|active_days|active_weeks|unique_content|days_since_last_activity|days_to_first_activity|clicks_per_active_day|zero_activity|actions_week_1|actions_week_2|actions_week_3|actions_week_4,,,,,,,,,,,,,,,,,,,,,,,,,,,,,,,,,,,,,,,
,,,,,,,,,course_DDD,catboost,42,none,conformal,5279,,,,,,0.8,0.7503315021784429,0.0496684978215571,1.3328281871566583,0.6671718128433416,0.3328281871566584,0.0,0.965861143076333,0.5400449101796407,0.6671718128433416,0.3742191936399773,0.3328281871566584,3522.0,0.0496684978215571,0.0,2607.0,2672.0,0.7384766573050391,0.7618222860953948,0.9581767556903236,0.9721746418614714,0.5211034833218438,0.5588713594681005,0.3583824856442868,0.3903299819048512,0.4599550898203592,0.034138856923667,split_cp,0.2,0.840013563024026,,,,,,,,,
,,,,,,,,,course_DDD,catboost,42,none,conformal,5279,,,,,,0.8,0.820799393824588,0.0207993938245879,1.45785186588369,0.5421481341163099,0.4578518658836901,0.0,0.8791714614499425,0.7638473053892215,0.5421481341163099,0.3305380852550664,0.4578518658836901,2862.0,0.0,0.0207993938245879,2607.0,2672.0,0.8102215387479295,0.8309107054054075,0.8660991292118139,0.8911280066300546,0.7473717850376476,0.7795652632512371,0.3135412586145381,0.3479892154406599,0.2361526946107784,0.1208285385500575,mondrian_cp,0.2,0.840013563024026,,,,,,,,,
,,,,,,,,,course_DDD,catboost,42,none,conformal,5279,,,,,,0.85,0.8054555787080887,0.0445444212919112,1.4570941466186778,0.5429058533813222,0.4570941466186777,0.0,0.9808208668968162,0.6343562874251497,0.5429058533813222,0.3583391486392184,0.4570941466186777,2866.0,0.0445444212919112,0.0,2607.0,2672.0,0.79455672869914,0.8159101999676779,0.9748050719156371,0.9854217513294636,0.6159144561780409,0.6524123528087814,0.3409841326279439,0.3760734081277479,0.3656437125748503,0.0191791331031837,split_cp,0.15,0.840013563024026,,,,,,,,,
,,,,,,,,,course_DDD,catboost,42,none,conformal,5279,,,,,,0.85,0.879143777230536,0.029143777230536,1.5942413335859065,0.4057586664140936,0.5942413335859065,0.0,0.9236670502493288,0.8357035928143712,0.4057586664140936,0.2978524743230625,0.5942413335859065,2142.0,0.0,0.029143777230536,2607.0,2672.0,0.8700739619162405,0.887662197914231,0.912839382815259,0.9332479935502884,0.8211736770277002,0.8492696312207105,0.2788617256536584,0.3175669869894768,0.1642964071856287,0.0763329497506712,mondrian_cp,0.15,0.840013563024026,,,,,,,,,
,,,,,,,,,course_DDD,catboost,42,none,conformal,5279,,,,,,0.9,0.8749763212729683,0.0250236787270317,1.622466376207615,0.3775336237923849,0.622466376207615,0.0,0.9896432681242808,0.7630988023952096,0.3775336237923849,0.3311590566984445,0.622466376207615,1993.0,0.0250236787270317,0.0,2607.0,2672.0,0.8657806429013502,0.8836266658093261,0.9849732022893992,0.9928724617491896,0.7466068029685412,0.7788353884457652,0.3108391092066626,0.3521286256492311,0.2369011976047904,0.0103567318757192,split_cp,0.1,0.840013563024026,,,,,,,,,
,,,,,,,,,course_DDD,catboost,42,none,conformal,5279,,,,,,0.9,0.930100397802614,0.030100397802614,1.738776283387005,0.2612237166129948,0.7387762833870051,0.0,0.9589566551591868,0.9019461077844312,0.2612237166129948,0.2675852066715011,0.7387762833870051,1379.0,0.0,0.030100397802614,2607.0,2672.0,0.9229048432439128,0.9366704507331474,0.9506415711804208,0.9659211683590792,0.8900864666529014,0.9126516749956975,0.2448888622814959,0.2915728225260643,0.0980538922155688,0.0410433448408131,mondrian_cp,0.1,0.840013563024026,,,,,,,,,
,,,,,,,,,course_DDD,catboost,42,none,conformal,5279,,,,,,0.95,0.9473385110816442,0.0026614889183557,1.814927069520743,0.1850729304792574,0.8149270695207426,0.0,0.9938626774069812,0.9019461077844312,0.1850729304792574,0.2845445240532241,0.8149270695207426,977.0,0.0026614889183557,0.0,2607.0,2672.0,0.9409814396043088,0.9530450112773596,0.9900533825650834,0.9962186835921304,0.8900864666529014,0.9126516749956975,0.2571389723989993,0.3136377354838572,0.0980538922155688,0.0061373225930187,split_cp,0.05,0.840013563024026,,,,,,,,,
,,,,,,,,,course_DDD,catboost,42,none,conformal,5279,,,,,,0.95,0.9695017995832544,0.0195017995832544,1.8590642167077096,0.1409357832922902,0.8590642167077098,0.0,0.9815880322209436,0.9577095808383234,0.1409357832922902,0.2163978494623656,0.8590642167077098,744.0,0.0,0.0195017995832544,2607.0,2672.0,0.96451096790854,0.973809827564767,0.9756742841503898,0.9860846122071882,0.9493989497749048,0.9647060290297846,0.188305416485162,0.2474038571549068,0.0422904191616766,0.0184119677790563,mondrian_cp,0.05,0.840013563024026,,,,,,,,,
0.6593897934855262,0.6787119698595202,0.5491639030620994,0.5908999750786115,0.2398611357962366,0.6732969270406185,0.1042013346606864,1.090323650543619,0.4953792204905088,course_DDD,catboost,42,platt,probability,5279,16217.0,2706.0,2703.0,12.0,total_clicks|active_days|active_weeks|unique_content|days_since_last_activity|days_to_first_activity|clicks_per_active_day|zero_activity|actions_week_1|actions_week_2|actions_week_3|actions_week_4,,,,,,,,,,,,,,,,,,,,,,,,,,,,,,,,,,,,,,,
,,,,,,,,,course_DDD,catboost,42,platt,conformal,5279,,,,,,0.8,0.7440803182420913,0.0559196817579087,1.3233566963440049,0.6766433036559955,0.3233566963440045,0.0,0.9723820483314154,0.5213323353293413,0.6766433036559955,0.3782194848824188,0.3233566963440045,3572.0,0.0559196817579087,0.0,2607.0,2672.0,0.7321342158402249,0.755671450880516,0.9653627348645396,0.9780112841433116,0.5023742282380371,0.5402291926874471,0.3624551779676609,0.3942454448035385,0.4786676646706587,0.0276179516685845,split_cp,0.2,0.840013563024026,,,,,,,,,
,,,,,,,,,course_DDD,catboost,42,platt,conformal,5279,,,,,,0.8,0.820799393824588,0.0207993938245879,1.45785186588369,0.5421481341163099,0.4578518658836901,0.0,0.8791714614499425,0.7638473053892215,0.5421481341163099,0.3305380852550664,0.4578518658836901,2862.0,0.0,0.0207993938245879,2607.0,2672.0,0.8102215387479295,0.8309107054054075,0.8660991292118139,0.8911280066300546,0.7473717850376476,0.7795652632512371,0.3135412586145381,0.3479892154406599,0.2361526946107784,0.1208285385500575,mondrian_cp,0.2,0.840013563024026,,,,,,,,,
,,,,,,,,,course_DDD,catboost,42,platt,conformal,5279,,,,,,0.85,0.8001515438530025,0.0498484561469975,1.452547831028604,0.5474521689713961,0.4525478310286039,0.0,0.9838895281933256,0.6208832335329342,0.5474521689713961,0.3650519031141868,0.4525478310286039,2890.0,0.0498484561469975,0.0,2607.0,2672.0,0.7891477991942436,0.8107187735019256,0.9782960475495952,0.9880590681454146,0.602326170777457,0.6390932144669541,0.3476890136613844,0.3827730689718958,0.3791167664670659,0.0161104718066743,split_cp,0.15,0.840013563024026,,,,,,,,,
,,,,,,,,,course_DDD,catboost,42,platt,conformal,5279,,,,,,0.85,0.879143777230536,0.029143777230536,1.5942413335859065,0.4057586664140936,0.5942413335859065,0.0,0.9236670502493288,0.8357035928143712,0.4057586664140936,0.2978524743230625,0.5942413335859065,2142.0,0.0,0.029143777230536,2607.0,2672.0,0.8700739619162405,0.887662197914231,0.912839382815259,0.9332479935502884,0.8211736770277002,0.8492696312207105,0.2788617256536584,0.3175669869894768,0.1642964071856287,0.0763329497506712,mondrian_cp,0.15,0.840013563024026,,,,,,,,,
,,,,,,,,,course_DDD,catboost,42,platt,conformal,5279,,,,,,0.9,0.8670202689903391,0.0329797310096608,1.6097745785186588,0.3902254214813411,0.6097745785186588,0.0,0.9904104334484082,0.7466317365269461,0.3902254214813411,0.3407766990291262,0.6097745785186588,2060.0,0.0329797310096608,0.0,2607.0,2672.0,0.8575931642210094,0.8759136105336941,0.9858816452382309,0.9934960919128352,0.7297942454586861,0.7627610947148957,0.3206224308121574,0.3615236966453038,0.2533682634730539,0.0095895665515918,split_cp,0.1,0.840013563024026,,,,,,,,,
,,,,,,,,,course_DDD,catboost,42,platt,conformal,5279,,,,,,0.9,0.930100397802614,0.030100397802614,1.738776283387005,0.2612237166129948,0.7387762833870051,0.0,0.9589566551591868,0.9019461077844312,0.2612237166129948,0.2675852066715011,0.7387762833870051,1379.0,0.0,0.030100397802614,2607.0,2672.0,0.9229048432439128,0.9366704507331474,0.9506415711804208,0.9659211683590792,0.8900864666529014,0.9126516749956975,0.2448888622814959,0.2915728225260643,0.0980538922155688,0.0410433448408131,mondrian_cp,0.1,0.840013563024026,,,,,,,,,
,,,,,,,,,course_DDD,catboost,42,platt,conformal,5279,,,,,,0.95,0.9471490812653912,0.0028509187346087,1.8153059291532487,0.1846940708467512,0.8153059291532487,0.0,0.9942462600690448,0.9011976047904192,0.1846940708467512,0.2861538461538461,0.8153059291532487,975.0,0.0028509187346087,0.0,2607.0,2672.0,0.9407819500623744,0.9528659166774848,0.9905280846400536,0.9965100180733986,0.8893009117833374,0.9119423729906834,0.2586671192254628,0.3153190495843456,0.0988023952095808,0.0057537399309551,split_cp,0.05,0.840013563024026,,,,,,,,,
,,,,,,,,,course_DDD,catboost,42,platt,conformal,5279,,,,,,0.95,0.9695017995832544,0.0195017995832544,1.8590642167077096,0.1409357832922902,0.8590642167077098,0.0,0.9815880322209436,0.9577095808383234,0.1409357832922902,0.2163978494623656,0.8590642167077098,744.0,0.0,0.0195017995832544,2607.0,2672.0,0.96451096790854,0.973809827564767,0.9756742841503898,0.9860846122071882,0.9493989497749048,0.9647060290297846,0.188305416485162,0.2474038571549068,0.0422904191616766,0.0184119677790563,mondrian_cp,0.05,0.840013563024026,,,,,,,,,
0.6578903470389486,0.6625614672893136,0.5706293707363848,0.6004303963993762,0.2399169675860057,0.6797756130081988,0.1042939037159086,1.018588280184234,0.4657487923591307,course_DDD,catboost,42,isotonic,probability,5279,16217.0,2706.0,2703.0,12.0,total_clicks|active_days|active_weeks|unique_content|days_since_last_activity|days_to_first_activity|clicks_per_active_day|zero_activity|actions_week_1|actions_week_2|actions_week_3|actions_week_4,,,,,,,,,,,,,,,,,,,,,,,,,,,,,,,,,,,,,,,
,,,,,,,,,course_DDD,catboost,42,isotonic,conformal,5279,,,,,,0.8,0.7976889562417124,0.0023110437582876,1.4426974805834438,0.5573025194165562,0.4426974805834438,0.0,0.9808208668968162,0.6190119760479041,0.5573025194165562,0.363018354860639,0.4426974805834438,2942.0,0.0023110437582876,0.0,2607.0,2672.0,0.7866375228174772,0.8083074560351763,0.9748050719156371,0.9854217513294636,0.600440105177682,0.637242137880283,0.3458312091514472,0.3805627562852856,0.3809880239520958,0.0191791331031837,split_cp,0.2,0.840013563024026,,,,,,,,,
,,,,,,,,,course_DDD,catboost,42,isotonic,conformal,5279,,,,,,0.8,0.8645576813790491,0.064557681379049,1.564121992801667,0.435878007198333,0.564121992801667,0.0,0.9382431914077484,0.7926646706586826,0.435878007198333,0.3107344632768362,0.564121992801667,2301.0,0.0,0.064557681379049,2607.0,2672.0,0.8550611894430648,0.8735239914681233,0.9283425731973284,0.9468541923052864,0.7768784876058126,0.8076105503543405,0.2921536407850192,0.329946180152053,0.2073353293413173,0.0617568085922516,mondrian_cp,0.2,0.840013563024026,,,,,,,,,
,,,,,,,,,course_DDD,catboost,42,isotonic,conformal,5279,,,,,,0.8,0.8645576813790491,0.064557681379049,1.564121992801667,0.435878007198333,0.564121992801667,0.0,0.9382431914077484,0.7926646706586826,0.435878007198333,0.3107344632768362,0.564121992801667,2301.0,0.0,0.064557681379049,2607.0,2672.0,0.8550611894430648,0.8735239914681233,0.9283425731973284,0.9468541923052864,0.7768784876058126,0.8076105503543405,0.2921536407850192,0.329946180152053,0.2073353293413173,0.0617568085922516,empirical_mondrian,0.2,0.840013563024026,,,,,,,,,
,,,,,,,,,course_DDD,catboost,42,isotonic,conformal,5279,,,,,,0.8,0.8153059291532487,0.0153059291532486,1.435878007198333,0.564121992801667,0.435878007198333,0.0,0.838511699271193,0.7926646706586826,0.564121992801667,0.3274009402283411,0.435878007198333,2978.0,0.0,0.0153059291532486,2607.0,2672.0,0.8046100598111519,0.8255432442297275,0.8238897789118014,0.8521374819687741,0.7768784876058126,0.8076105503543405,0.3107786563229594,0.344467937368655,0.2073353293413173,0.161488300728807,weighted_cap5,0.2,0.840013563024026,3.584583997540997e-06,0.5492751366116772,0.8193826570544812,5.0,8.169306194640317,1058.3512865567843,5.0,589.2842263891685,477.94521903659904
,,,,,,,,,course_DDD,catboost,42,isotonic,conformal,5279,,,,,,0.8,0.8067815874218602,0.0067815874218601,1.414283008145482,0.5857169918545179,0.4142830081454821,0.0,0.8212504794783276,0.7926646706586826,0.5857169918545179,0.3298835705045278,0.4142830081454821,3092.0,0.0,0.0067815874218601,2607.0,2672.0,0.7959094345359994,0.8172075831234804,0.8060735673470701,0.835482048502768,0.7768784876058126,0.8076105503543405,0.313531258890704,0.3466580582971534,0.2073353293413173,0.1787495205216724,weighted_cap10,0.2,0.840013563024026,3.584583997540997e-06,0.5492751366116772,0.8827708498019237,10.0,8.169306194640317,808.757401040387,10.0,432.7365245141178,407.459211446907
,,,,,,,,,course_DDD,catboost,42,isotonic,conformal,5279,,,,,,0.8,0.8067815874218602,0.0067815874218601,1.414283008145482,0.5857169918545179,0.4142830081454821,0.0,0.8212504794783276,0.7926646706586826,0.5857169918545179,0.3298835705045278,0.4142830081454821,3092.0,0.0,0.0067815874218601,2607.0,2672.0,0.7959094345359994,0.8172075831234804,0.8060735673470701,0.835482048502768,0.7768784876058126,0.8076105503543405,0.313531258890704,0.3466580582971534,0.2073353293413173,0.1787495205216724,weighted_cap20,0.2,0.840013563024026,3.584583997540997e-06,0.5492751366116772,0.914623835433124,20.0,8.169306194640317,655.0468560607485,20.0,341.1459866427824,363.9459958123901
,,,,,,,,,course_DDD,catboost,42,isotonic,conformal,5279,,,,,,0.8,0.8153059291532487,0.0153059291532486,1.435878007198333,0.564121992801667,0.435878007198333,0.0,0.838511699271193,0.7926646706586826,0.564121992801667,0.3274009402283411,0.435878007198333,2978.0,0.0,0.0153059291532486,2607.0,2672.0,0.8046100598111519,0.8255432442297275,0.8238897789118014,0.8521374819687741,0.7768784876058126,0.8076105503543405,0.3107786563229594,0.344467937368655,0.2073353293413173,0.161488300728807,weighted_p99,0.2,0.840013563024026,3.584583997540997e-06,0.5492751366116772,0.8679355430087926,8.169306194640317,8.169306194640317,871.5479318063009,8.169306194640317,471.9848521230506,423.1049798191229
,,,,,,,,,course_DDD,catboost,42,isotonic,conformal,5279,,,,,,0.85,0.8514870240575867,0.0014870240575867,1.5588179579465808,0.4411820420534192,0.5588179579465808,0.0,0.9808208668968162,0.7252994011976048,0.4411820420534192,0.3366251610133104,0.5588179579465808,2329.0,0.0,0.0014870240575867,2607.0,2672.0,0.8416387626486321,0.8608241124777432,0.9748050719156371,0.9854217513294636,0.7080604233625323,0.7418914958855651,0.317716290432871,0.3560720859171004,0.2747005988023952,0.0191791331031837,split_cp,0.15,0.840013563024026,,,,,,,,,
,,,,,,,,,course_DDD,catboost,42,isotonic,conformal,5279,,,,,,0.85,0.9028225042621708,0.0528225042621708,1.661110058723243,0.338889941276757,0.661110058723243,0.0,0.9382431914077484,0.8682634730538922,0.338889941276757,0.2867523756288429,0.661110058723243,1789.0,0.0,0.0528225042621708,2607.0,2672.0,0.8945369500029674,0.910522227553614,0.9283425731973284,0.9468541923052864,0.8549095342470565,0.8805600480455145,0.266270375101772,0.3081482126400071,0.1317365269461078,0.0617568085922516,mondrian_cp,0.15,0.840013563024026,,,,,,,,,
,,,,,,,,,course_DDD,catboost,42,isotonic,conformal,5279,,,,,,0.85,0.9028225042621708,0.0528225042621708,1.661110058723243,0.338889941276757,0.661110058723243,0.0,0.9382431914077484,0.8682634730538922,0.338889941276757,0.2867523756288429,0.661110058723243,1789.0,0.0,0.0528225042621708,2607.0,2672.0,0.8945369500029674,0.910522227553614,0.9283425731973284,0.9468541923052864,0.8549095342470565,0.8805600480455145,0.266270375101772,0.3081482126400071,0.1317365269461078,0.0617568085922516,empirical_mondrian,0.15,0.840013563024026,,,,,,,,,
,,,,,,,,,course_DDD,catboost,42,isotonic,conformal,5279,,,,,,0.85,0.8812275052093199,0.0312275052093199,1.6033339647660545,0.3966660352339458,0.6033339647660542,0.0,0.9382431914077484,0.8255988023952096,0.3966660352339458,0.2994269340974212,0.6033339647660542,2094.0,0.0,0.0312275052093199,2607.0,2672.0,0.8722218772910438,0.8896787080993255,0.9283425731973284,0.9468541923052864,0.8107464794649731,0.8395162609766292,0.2801917722566885,0.319396653995404,0.1744011976047904,0.0617568085922516,weighted_cap5,0.15,0.840013563024026,3.584583997540997e-06,0.5492751366116772,0.8193826570544812,5.0,8.169306194640317,1058.3512865567843,5.0,589.2842263891685,477.94521903659904
,,,,,,,,,course_DDD,catboost,42,isotonic,conformal,5279,,,,,,0.85,0.8812275052093199,0.0312275052093199,1.6033339647660545,0.3966660352339458,0.6033339647660542,0.0,0.9382431914077484,0.8255988023952096,0.3966660352339458,0.2994269340974212,0.6033339647660542,2094.0,0.0,0.0312275052093199,2607.0,2672.0,0.8722218772910438,0.8896787080993255,0.9283425731973284,0.9468541923052864,0.8107464794649731,0.8395162609766292,0.2801917722566885,0.319396653995404,0.1744011976047904,0.0617568085922516,weighted_cap10,0.15,0.840013563024026,3.584583997540997e-06,0.5492751366116772,0.8827708498019237,10.0,8.169306194640317,808.757401040387,10.0,432.7365245141178,407.459211446907
,,,,,,,,,course_DDD,catboost,42,isotonic,conformal,5279,,,,,,0.85,0.8812275052093199,0.0312275052093199,1.6033339647660545,0.3966660352339458,0.6033339647660542,0.0,0.9382431914077484,0.8255988023952096,0.3966660352339458,0.2994269340974212,0.6033339647660542,2094.0,0.0,0.0312275052093199,2607.0,2672.0,0.8722218772910438,0.8896787080993255,0.9283425731973284,0.9468541923052864,0.8107464794649731,0.8395162609766292,0.2801917722566885,0.319396653995404,0.1744011976047904,0.0617568085922516,weighted_cap20,0.15,0.840013563024026,3.584583997540997e-06,0.5492751366116772,0.914623835433124,20.0,8.169306194640317,655.0468560607485,20.0,341.1459866427824,363.9459958123901
,,,,,,,,,course_DDD,catboost,42,isotonic,conformal,5279,,,,,,0.85,0.8812275052093199,0.0312275052093199,1.6033339647660545,0.3966660352339458,0.6033339647660542,0.0,0.9382431914077484,0.8255988023952096,0.3966660352339458,0.2994269340974212,0.6033339647660542,2094.0,0.0,0.0312275052093199,2607.0,2672.0,0.8722218772910438,0.8896787080993255,0.9283425731973284,0.9468541923052864,0.8107464794649731,0.8395162609766292,0.2801917722566885,0.319396653995404,0.1744011976047904,0.0617568085922516,weighted_p99,0.15,0.840013563024026,3.584583997540997e-06,0.5492751366116772,0.8679355430087926,8.169306194640317,8.169306194640317,871.5479318063009,8.169306194640317,471.9848521230506,423.1049798191229
,,,,,,,,,course_DDD,catboost,42,isotonic,conformal,5279,,,,,,0.9,0.9022542148134116,0.0022542148134115,1.6739912862284525,0.3260087137715476,0.6739912862284524,0.0,0.9808208668968162,0.8255988023952096,0.3260087137715476,0.2998256827425915,0.6739912862284524,1721.0,0.0,0.0022542148134115,2607.0,2672.0,0.8939483038403755,0.9099751212907794,0.9748050719156371,0.9854217513294636,0.8107464794649731,0.8395162609766292,0.278644149220423,0.3218988476582107,0.1744011976047904,0.0191791331031837,split_cp,0.1,0.840013563024026,,,,,,,,,
,,,,,,,,,course_DDD,catboost,42,isotonic,conformal,5279,,,,,,0.9,0.9412767569615458,0.0412767569615457,1.7736313695775716,0.2263686304224285,0.7736313695775715,0.0,0.9719984656693518,0.9113023952095808,0.2263686304224285,0.2594142259414226,0.7736313695775715,1195.0,0.0,0.0412767569615457,2607.0,2672.0,0.9346079286347222,0.947303829709062,0.9649377789535932,0.9776702034980196,0.8999235381715929,0.921500314409236,0.2353617338810039,0.2850085404623357,0.0886976047904191,0.0280015343306482,mondrian_cp,0.1,0.840013563024026,,,,,,,,,
,,,,,,,,,course_DDD,catboost,42,isotonic,conformal,5279,,,,,,0.9,0.9412767569615458,0.0412767569615457,1.7736313695775716,0.2263686304224285,0.7736313695775715,0.0,0.9719984656693518,0.9113023952095808,0.2263686304224285,0.2594142259414226,0.7736313695775715,1195.0,0.0,0.0412767569615457,2607.0,2672.0,0.9346079286347222,0.947303829709062,0.9649377789535932,0.9776702034980196,0.8999235381715929,0.921500314409236,0.2353617338810039,0.2850085404623357,0.0886976047904191,0.0280015343306482,empirical_mondrian,0.1,0.840013563024026,,,,,,,,,
,,,,,,,,,course_DDD,catboost,42,isotonic,conformal,5279,,,,,,0.9,0.9280166698238302,0.0280166698238302,1.738207993938246,0.2617920060617541,0.7382079939382459,0.0,0.9719984656693518,0.8851047904191617,0.2617920060617541,0.2749638205499276,0.7382079939382459,1382.0,0.0,0.0280166698238302,2607.0,2672.0,0.9207288834917448,0.9346819849254177,0.9649377789535932,0.9776702034980196,0.8724565276207926,0.8966473343497924,0.2520716962349184,0.2991035150123322,0.1148952095808383,0.0280015343306482,weighted_cap5,0.1,0.840013563024026,3.584583997540997e-06,0.5492751366116772,0.8193826570544812,5.0,8.169306194640317,1058.3512865567843,5.0,589.2842263891685,477.94521903659904
,,,,,,,,,course_DDD,catboost,42,isotonic,conformal,5279,,,,,,0.9,0.9113468459935594,0.0113468459935593,1.6832733472248531,0.3167266527751468,0.6832733472248532,0.0,0.9382431914077484,0.8851047904191617,0.3167266527751468,0.2799043062200957,0.6832733472248532,1672.0,0.0,0.0113468459935593,2607.0,2672.0,0.9033770551757268,0.9187184087622544,0.9283425731973284,0.9468541923052864,0.8724565276207926,0.8966473343497924,0.2589081952936843,0.3019094488061755,0.1148952095808383,0.0617568085922516,weighted_cap10,0.1,0.840013563024026,3.584583997540997e-06,0.5492751366116772,0.8827708498019237,10.0,8.169306194640317,808.757401040387,10.0,432.7365245141178,407.459211446907
,,,,,,,,,course_DDD,catboost,42,isotonic,conformal,5279,,,,,,0.9,0.9113468459935594,0.0113468459935593,1.6832733472248531,0.3167266527751468,0.6832733472248532,0.0,0.9382431914077484,0.8851047904191617,0.3167266527751468,0.2799043062200957,0.6832733472248532,1672.0,0.0,0.0113468459935593,2607.0,2672.0,0.9033770551757268,0.9187184087622544,0.9283425731973284,0.9468541923052864,0.8724565276207926,0.8966473343497924,0.2589081952936843,0.3019094488061755,0.1148952095808383,0.0617568085922516,weighted_cap20,0.1,0.840013563024026,3.584583997540997e-06,0.5492751366116772,0.914623835433124,20.0,8.169306194640317,655.0468560607485,20.0,341.1459866427824,363.9459958123901
,,,,,,,,,course_DDD,catboost,42,isotonic,conformal,5279,,,,,,0.9,0.9113468459935594,0.0113468459935593,1.6832733472248531,0.3167266527751468,0.6832733472248532,0.0,0.9382431914077484,0.8851047904191617,0.3167266527751468,0.2799043062200957,0.6832733472248532,1672.0,0.0,0.0113468459935593,2607.0,2672.0,0.9033770551757268,0.9187184087622544,0.9283425731973284,0.9468541923052864,0.8724565276207926,0.8966473343497924,0.2589081952936843,0.3019094488061755,0.1148952095808383,0.0617568085922516,weighted_p99,0.1,0.840013563024026,3.584583997540997e-06,0.5492751366116772,0.8679355430087926,8.169306194640317,8.169306194640317,871.5479318063009,8.169306194640317,471.9848521230506,423.1049798191229
,,,,,,,,,course_DDD,catboost,42,isotonic,conformal,5279,,,,,,0.95,0.9524531161204772,0.0024531161204773,1.8297025951884829,0.1702974048115173,0.8297025951884827,0.0,0.9946298427311084,0.9113023952095808,0.1702974048115173,0.2791991101223581,0.8297025951884827,899.0,0.0,0.0024531161204773,2607.0,2672.0,0.9463762041919838,0.957872018518524,0.9910057621109066,0.9967983771587842,0.8999235381715929,0.921500314409236,0.2508613056636734,0.3094158657916918,0.0886976047904191,0.0053701572688914,split_cp,0.05,0.840013563024026,,,,,,,,,
,,,,,,,,,course_DDD,catboost,42,isotonic,conformal,5279,,,,,,0.95,0.9821935972722108,0.0321935972722107,1.8990339079371088,0.1009660920628907,0.8990339079371094,0.0,0.9865746068277714,0.9779191616766468,0.1009660920628907,0.1763602251407129,0.8990339079371094,533.0,0.0,0.0321935972722107,2607.0,2672.0,0.9782596096393876,0.9854263233351144,0.9813864622638532,0.9903309093248268,0.9716232254094516,0.9828428890088547,0.1463530876581847,0.2109990796690586,0.0220808383233532,0.0134253931722286,mondrian_cp,0.05,0.840013563024026,,,,,,,,,
,,,,,,,,,course_DDD,catboost,42,isotonic,conformal,5279,,,,,,0.95,0.9821935972722108,0.0321935972722107,1.8990339079371088,0.1009660920628907,0.8990339079371094,0.0,0.9865746068277714,0.9779191616766468,0.1009660920628907,0.1763602251407129,0.8990339079371094,533.0,0.0,0.0321935972722107,2607.0,2672.0,0.9782596096393876,0.9854263233351144,0.9813864622638532,0.9903309093248268,0.9716232254094516,0.9828428890088547,0.1463530876581847,0.2109990796690586,0.0220808383233532,0.0134253931722286,empirical_mondrian,0.05,0.840013563024026,,,,,,,,,
,,,,,,,,,course_DDD,catboost,42,isotonic,conformal,5279,,,,,,0.95,0.9749952642545936,0.0249952642545937,1.8708088653154007,0.1291911346845993,0.8708088653154007,0.0,0.9719984656693518,0.9779191616766468,0.1291911346845993,0.1935483870967742,0.8708088653154007,682.0,0.0,0.0249952642545937,2607.0,2672.0,0.970425292195452,0.9788744433903126,0.9649377789535932,0.9776702034980196,0.9716232254094516,0.9828428890088547,0.1656471918265169,0.2248825076775755,0.0220808383233532,0.0280015343306482,weighted_cap5,0.05,0.840013563024026,3.584583997540997e-06,0.5492751366116772,0.8193826570544812,5.0,8.169306194640317,1058.3512865567843,5.0,589.2842263891685,477.94521903659904
,,,,,,,,,course_DDD,catboost,42,isotonic,conformal,5279,,,,,,0.95,0.9749952642545936,0.0249952642545937,1.8708088653154007,0.1291911346845993,0.8708088653154007,0.0,0.9719984656693518,0.9779191616766468,0.1291911346845993,0.1935483870967742,0.8708088653154007,682.0,0.0,0.0249952642545937,2607.0,2672.0,0.970425292195452,0.9788744433903126,0.9649377789535932,0.9776702034980196,0.9716232254094516,0.9828428890088547,0.1656471918265169,0.2248825076775755,0.0220808383233532,0.0280015343306482,weighted_cap10,0.05,0.840013563024026,3.584583997540997e-06,0.5492751366116772,0.8827708498019237,10.0,8.169306194640317,808.757401040387,10.0,432.7365245141178,407.459211446907
,,,,,,,,,course_DDD,catboost,42,isotonic,conformal,5279,,,,,,0.95,0.9749952642545936,0.0249952642545937,1.8708088653154007,0.1291911346845993,0.8708088653154007,0.0,0.9719984656693518,0.9779191616766468,0.1291911346845993,0.1935483870967742,0.8708088653154007,682.0,0.0,0.0249952642545937,2607.0,2672.0,0.970425292195452,0.9788744433903126,0.9649377789535932,0.9776702034980196,0.9716232254094516,0.9828428890088547,0.1656471918265169,0.2248825076775755,0.0220808383233532,0.0280015343306482,weighted_cap20,0.05,0.840013563024026,3.584583997540997e-06,0.5492751366116772,0.914623835433124,20.0,8.169306194640317,655.0468560607485,20.0,341.1459866427824,363.9459958123901
,,,,,,,,,course_DDD,catboost,42,isotonic,conformal,5279,,,,,,0.95,0.9749952642545936,0.0249952642545937,1.8708088653154007,0.1291911346845993,0.8708088653154007,0.0,0.9719984656693518,0.9779191616766468,0.1291911346845993,0.1935483870967742,0.8708088653154007,682.0,0.0,0.0249952642545937,2607.0,2672.0,0.970425292195452,0.9788744433903126,0.9649377789535932,0.9776702034980196,0.9716232254094516,0.9828428890088547,0.1656471918265169,0.2248825076775755,0.0220808383233532,0.0280015343306482,weighted_p99,0.05,0.840013563024026,3.584583997540997e-06,0.5492751366116772,0.8679355430087926,8.169306194640317,8.169306194640317,871.5479318063009,8.169306194640317,471.9848521230506,423.1049798191229
0.6789433062976453,0.6676178354606417,0.6311415107776217,0.6311236510365185,0.2286993495679003,0.6514190768534207,0.0446057624350269,0.716974599417214,-0.1814606504532834,temporal_B,logistic,42,none,probability,3607,3002.0,501.0,501.0,12.0,total_clicks|active_days|active_weeks|unique_content|days_since_last_activity|days_to_first_activity|clicks_per_active_day|zero_activity|actions_week_1|actions_week_2|actions_week_3|actions_week_4,,,,,,,,,,,,,,,,,,,,,,,,,,,,,,,,,,,,,,,
,,,,,,,,,temporal_B,logistic,42,none,conformal,3607,,,,,,0.8,0.7726642639312448,0.0273357360687552,1.3160521208760745,0.6839478791239257,0.3160521208760743,0.0,0.7590102205486821,0.7871853546910755,0.6839478791239257,0.3323875152006486,0.3160521208760743,2467.0,0.0273357360687552,0.0,1859.0,1748.0,0.7587009618847885,0.7860474083863406,0.7390472371935038,0.7779049679660509,0.7673788947648186,0.8057323276832866,0.3140720725505739,0.3512241377555629,0.2128146453089245,0.2409897794513179,split_cp,0.2,0.6338843665522582,,,,,,,,,
,,,,,,,,,temporal_B,logistic,42,none,conformal,3607,,,,,,0.8,0.7665650124757416,0.0334349875242584,1.3085666759079568,0.6914333240920433,0.3085666759079568,0.0,0.7267348036578806,0.8089244851258581,0.6914333240920433,0.3376102646351243,0.3085666759079568,2494.0,0.0334349875242584,0.0,1859.0,1748.0,0.7524809782154984,0.7800818667419909,0.7060251142256811,0.7465093706647702,0.7898244684674545,0.8266696752018221,0.3193131773979649,0.3564068339183555,0.1910755148741418,0.2732651963421194,mondrian_cp,0.2,0.6338843665522582,,,,,,,,,
,,,,,,,,,temporal_B,logistic,42,none,conformal,3607,,,,,,0.85,0.7981702245633491,0.0518297754366509,1.3825894094815636,0.6174105905184364,0.3825894094815636,0.0,0.7751479289940828,0.8226544622425629,0.6174105905184364,0.3268971710821733,0.3825894094815636,2227.0,0.0518297754366509,0.0,1859.0,1748.0,0.7847578234077499,0.8109481981749644,0.7556136786662563,0.7935473866278503,0.8040466930516831,0.8398471903362278,0.3077277162689708,0.3466627842520391,0.177345537757437,0.2248520710059171,split_cp,0.15,0.6338843665522582,,,,,,,,,
,,,,,,,,,temporal_B,logistic,42,none,conformal,3607,,,,,,0.85,0.7998336567784863,0.0501663432215137,1.3897976157471583,0.6102023842528417,0.3897976157471583,0.0,0.7638515330823024,0.8381006864988558,0.6102023842528417,0.328032712403453,0.3897976157471583,2201.0,0.0501663432215137,0.0,1859.0,1748.0,0.7864599122284008,0.8125694344398515,0.744013091049607,0.7826017721503136,0.8200940770403403,0.8546245135310345,0.308732926990984,0.3479317293399536,0.1618993135011441,0.2361484669176977,mondrian_cp,0.15,0.6338843665522582,,,,,,,,,
,,,,,,,,,temporal_B,logistic,42,none,conformal,3607,,,,,,0.9,0.8441918491821458,0.0558081508178541,1.4981979484336014,0.5018020515663987,0.4981979484336013,0.0,0.8111888111888111,0.8792906178489702,0.5018020515663987,0.3104972375690608,0.4981979484336013,1810.0,0.0558081508178541,0.0,1859.0,1748.0,0.8319906948008637,0.8556606541484062,0.7927635652595271,0.8283306210017449,0.8631803645971182,0.8937374451301602,0.2896013813048276,0.3321957737530258,0.1207093821510297,0.1888111888111888,split_cp,0.1,0.6338843665522582,,,,,,,,,
,,,,,,,,,temporal_B,logistic,42,none,conformal,3607,,,,,,0.9,0.8483504297199889,0.0516495702800111,1.5051289159966732,0.4948710840033268,0.5051289159966731,0.0,0.8192576654115116,0.8792906178489702,0.4948710840033268,0.3064425770308123,0.5051289159966731,1785.0,0.0516495702800111,0.0,1859.0,1748.0,0.8362748715765502,0.859684790086565,0.8011125881281036,0.8360860282004443,0.8631803645971182,0.8937374451301602,0.2854904181943549,0.3282260480734013,0.1207093821510297,0.1807423345884884,mondrian_cp,0.1,0.6338843665522582,,,,,,,,,
,,,,,,,,,temporal_B,logistic,42,none,conformal,3607,,,,,,0.95,0.9254227890213472,0.0245772109786526,1.7108400332686442,0.2891599667313557,0.7108400332686443,0.0,0.898870360408822,0.9536613272311212,0.2891599667313557,0.2579098753595398,0.7108400332686443,1043.0,0.0245772109786526,0.0,1859.0,1748.0,0.9163895092618572,0.9335508813645258,0.8843317433230911,0.911763916335912,0.9427724419109628,0.9625606246255858,0.2322818878485039,0.2853145965619422,0.0463386727688787,0.101129639591178,split_cp,0.05,0.6338843665522582,,,,,,,,,
,,,,,,,,,temporal_B,logistic,42,none,conformal,3607,,,,,,0.95,0.9334627113945106,0.0165372886054893,1.7327418907679513,0.2672581092320488,0.7327418907679512,0.0,0.914470145239376,0.9536613272311212,0.2672581092320488,0.2489626556016597,0.7327418907679512,964.0,0.0165372886054893,0.0,1859.0,1748.0,0.9248597227489218,0.9411434057908956,0.9008867161309294,0.9263441749914736,0.9427724419109628,0.9625606246255858,0.2226985272657517,0.2772195682147316,0.0463386727688787,0.085529854760624,mondrian_cp,0.05,0.6338843665522582,,,,,,,,,
0.6789433062976453,0.6676178354606417,0.6277847358795474,0.627900417660143,0.2275223669130952,0.6468325625817806,0.0477916092881186,0.8542473998747602,-0.2006172640010464,temporal_B,logistic,42,platt,probability,3607,3002.0,501.0,501.0,12.0,total_clicks|active_days|active_weeks|unique_content|days_since_last_activity|days_to_first_activity|clicks_per_active_day|zero_activity|actions_week_1|actions_week_2|actions_week_3|actions_week_4,,,,,,,,,,,,,,,,,,,,,,,,,,,,,,,,,,,,,,,
,,,,,,,,,temporal_B,logistic,42,platt,conformal,3607,,,,,,0.8,0.7759911283615193,0.0240088716384807,1.3227058497366233,0.6772941502633768,0.3227058497366232,0.0,0.7568585260892953,0.7963386727688787,0.6772941502633768,0.3307408923454769,0.3227058497366232,2443.0,0.0240088716384807,0.0,1859.0,1748.0,0.7620954067295291,0.7892996137126764,0.736841283562742,0.7758164069122058,0.7768193074199258,0.8145584081739358,0.3123629972746616,0.349650249632398,0.2036613272311213,0.2431414739107046,split_cp,0.2,0.6338843665522582,,,,,,,,,
,,,,,,,,,temporal_B,logistic,42,platt,conformal,3607,,,,,,0.8,0.7665650124757416,0.0334349875242584,1.3085666759079568,0.6914333240920433,0.3085666759079568,0.0,0.7267348036578806,0.8089244851258581,0.6914333240920433,0.3376102646351243,0.3085666759079568,2494.0,0.0334349875242584,0.0,1859.0,1748.0,0.7524809782154984,0.7800818667419909,0.7060251142256811,0.7465093706647702,0.7898244684674545,0.8266696752018221,0.3193131773979649,0.3564068339183555,0.1910755148741418,0.2732651963421194,mondrian_cp,0.2,0.6338843665522582,,,,,,,,,
,,,,,,,,,temporal_B,logistic,42,platt,conformal,3607,,,,,,0.85,0.7992791793734405,0.0507208206265594,1.3892431383421129,0.6107568616578875,0.3892431383421125,0.0,0.7681549220010758,0.8323798627002288,0.6107568616578875,0.3286427598729006,0.3892431383421125,2203.0,0.0507208206265594,0.0,1859.0,1748.0,0.7858925103908552,0.8120290612488845,0.7484300876596868,0.7867738049094473,0.8141444377452218,0.8491575946100554,0.3093412396738425,0.3485408447041347,0.1676201372997711,0.2318450779989241,split_cp,0.15,0.6338843665522582,,,,,,,,,
,,,,,,,,,temporal_B,logistic,42,platt,conformal,3607,,,,,,0.85,0.7998336567784863,0.0501663432215137,1.3897976157471583,0.6102023842528417,0.3897976157471583,0.0,0.7638515330823024,0.8381006864988558,0.6102023842528417,0.328032712403453,0.3897976157471583,2201.0,0.0501663432215137,0.0,1859.0,1748.0,0.7864599122284008,0.8125694344398515,0.744013091049607,0.7826017721503136,0.8200940770403403,0.8546245135310345,0.308732926990984,0.3479317293399536,0.1618993135011441,0.2361484669176977,mondrian_cp,0.15,0.6338843665522582,,,,,,,,,
,,,,,,,,,temporal_B,logistic,42,platt,conformal,3607,,,,,,0.9,0.8497366232326032,0.0502633767673967,1.516495702800111,0.4835042971998891,0.5164957028001109,0.0,0.8101129639591178,0.8918764302059496,0.4835042971998891,0.3107798165137614,0.5164957028001109,1744.0,0.0502633767673967,0.0,1859.0,1748.0,0.8377036028891776,0.8610254963452195,0.7916513036632578,0.8272956252557109,0.8764501168865274,0.905584120916166,0.2894945662502082,0.3328968144615664,0.1081235697940503,0.1898870360408822,split_cp,0.1,0.6338843665522582,,,,,,,,,
,,,,,,,,,temporal_B,logistic,42,platt,conformal,3607,,,,,,0.9,0.8483504297199889,0.0516495702800111,1.5051289159966732,0.4948710840033268,0.5051289159966731,0.0,0.8192576654115116,0.8792906178489702,0.4948710840033268,0.3064425770308123,0.5051289159966731,1785.0,0.0516495702800111,0.0,1859.0,1748.0,0.8362748715765502,0.859684790086565,0.8011125881281036,0.8360860282004443,0.8631803645971182,0.8937374451301602,0.2854904181943549,0.3282260480734013,0.1207093821510297,0.1807423345884884,mondrian_cp,0.1,0.6338843665522582,,,,,,,,,
,,,,,,,,,temporal_B,logistic,42,platt,conformal,3607,,,,,,0.95,0.9232048794011644,0.0267951205988355,1.707235930135847,0.292764069864153,0.707235930135847,0.0,0.891877353415815,0.9565217391304348,0.292764069864153,0.2623106060606061,0.707235930135847,1056.0,0.0267951205988355,0.0,1859.0,1748.0,0.91405818428557,0.9314511062267624,0.8769444215282087,0.905194065405822,0.9459187678007362,0.9651225778438614,0.236674802048674,0.2896694489503527,0.0434782608695652,0.108122646584185,split_cp,0.05,0.6338843665522582,,,,,,,,,
,,,,,,,,,temporal_B,logistic,42,platt,conformal,3607,,,,,,0.95,0.9334627113945106,0.0165372886054893,1.7327418907679513,0.2672581092320488,0.7327418907679512,0.0,0.914470145239376,0.9536613272311212,0.2672581092320488,0.2489626556016597,0.7327418907679512,964.0,0.0165372886054893,0.0,1859.0,1748.0,0.9248597227489218,0.9411434057908956,0.9008867161309294,0.9263441749914736,0.9427724419109628,0.9625606246255858,0.2226985272657517,0.2772195682147316,0.0463386727688787,0.085529854760624,mondrian_cp,0.05,0.6338843665522582,,,,,,,,,
0.6759784178152424,0.6393383084473689,0.6308707532489277,0.6308546892290952,0.2327667396577126,1.4207657827732405,0.0665026513457645,0.1261337959851355,-0.216379585365922,temporal_B,logistic,42,isotonic,probability,3607,3002.0,501.0,501.0,12.0,total_clicks|active_days|active_weeks|unique_content|days_since_last_activity|days_to_first_activity|clicks_per_active_day|zero_activity|actions_week_1|actions_week_2|actions_week_3|actions_week_4,,,,,,,,,,,,,,,,,,,,,,,,,,,,,,,,,,,,,,,
,,,,,,,,,temporal_B,logistic,42,isotonic,conformal,3607,,,,,,0.8,0.804823953423898,0.0048239534238979,1.3856390352093153,0.6143609647906848,0.3856390352093152,0.0,0.8370091447014524,0.7705949656750573,0.6143609647906848,0.3176895306859206,0.3856390352093152,2216.0,0.0,0.0048239534238979,1859.0,1748.0,0.7915683012081217,0.8174310207167453,0.819526939862458,0.8531014226140968,0.7503040439815062,0.7896991596399158,0.2986346831436492,0.3373753585693045,0.2294050343249428,0.1629908552985476,split_cp,0.2,0.6338843665522582,,,,,,,,,
,,,,,,,,,temporal_B,logistic,42,isotonic,conformal,3607,,,,,,0.8,0.8757970612697532,0.0757970612697531,1.57527030773496,0.4247296922650402,0.5752703077349598,0.0,0.8370091447014524,0.9170480549199084,0.4247296922650402,0.2924281984334204,0.5752703077349598,1532.0,0.0,0.0757970612697531,1859.0,1748.0,0.8646323311262998,0.886162194448195,0.819526939862458,0.8531014226140968,0.9031857462312738,0.9290813477222496,0.2701920638685008,0.3157026934664413,0.0829519450800915,0.1629908552985476,mondrian_cp,0.2,0.6338843665522582,,,,,,,,,
,,,,,,,,,temporal_B,logistic,42,isotonic,conformal,3607,,,,,,0.8,0.8757970612697532,0.0757970612697531,1.57527030773496,0.4247296922650402,0.5752703077349598,0.0,0.8370091447014524,0.9170480549199084,0.4247296922650402,0.2924281984334204,0.5752703077349598,1532.0,0.0,0.0757970612697531,1859.0,1748.0,0.8646323311262998,0.886162194448195,0.819526939862458,0.8531014226140968,0.9031857462312738,0.9290813477222496,0.2701920638685008,0.3157026934664413,0.0829519450800915,0.1629908552985476,empirical_mondrian,0.2,0.6338843665522582,,,,,,,,,
,,,,,,,,,temporal_B,logistic,42,isotonic,conformal,3607,,,,,,0.8,0.804823953423898,0.0048239534238979,1.3856390352093153,0.6143609647906848,0.3856390352093152,0.0,0.8370091447014524,0.7705949656750573,0.6143609647906848,0.3176895306859206,0.3856390352093152,2216.0,0.0,0.0048239534238979,1859.0,1748.0,0.7915683012081217,0.8174310207167453,0.819526939862458,0.8531014226140968,0.7503040439815062,0.7896991596399158,0.2986346831436492,0.3373753585693045,0.2294050343249428,0.1629908552985476,weighted_cap5,0.2,0.6338843665522582,0.096633095099437,0.9778311450383056,0.9981232598948157,5.0,2.2001176746205995,422.1065982172858,5.0,210.7617233061172,217.6796901547536
,,,,,,,,,temporal_B,logistic,42,isotonic,conformal,3607,,,,,,0.8,0.804823953423898,0.0048239534238979,1.3856390352093153,0.6143609647906848,0.3856390352093152,0.0,0.8370091447014524,0.7705949656750573,0.6143609647906848,0.3176895306859206,0.3856390352093152,2216.0,0.0,0.0048239534238979,1859.0,1748.0,0.7915683012081217,0.8174310207167453,0.819526939862458,0.8531014226140968,0.7503040439815062,0.7896991596399158,0.2986346831436492,0.3373753585693045,0.2294050343249428,0.1629908552985476,weighted_cap10,0.2,0.6338843665522582,0.096633095099437,0.9778311450383056,1.0006463621885795,6.264074249175785,2.2001176746205995,414.285921933264,10.0,210.7617233061172,211.52794156070564
,,,,,,,,,temporal_B,logistic,42,isotonic,conformal,3607,,,,,,0.8,0.804823953423898,0.0048239534238979,1.3856390352093153,0.6143609647906848,0.3856390352093152,0.0,0.8370091447014524,0.7705949656750573,0.6143609647906848,0.3176895306859206,0.3856390352093152,2216.0,0.0,0.0048239534238979,1859.0,1748.0,0.7915683012081217,0.8174310207167453,0.819526939862458,0.8531014226140968,0.7503040439815062,0.7896991596399158,0.2986346831436492,0.3373753585693045,0.2294050343249428,0.1629908552985476,weighted_cap20,0.2,0.6338843665522582,0.096633095099437,0.9778311450383056,1.0006463621885795,6.264074249175785,2.2001176746205995,414.285921933264,20.0,210.7617233061172,211.52794156070564
,,,,,,,,,temporal_B,logistic,42,isotonic,conformal,3607,,,,,,0.8,0.804823953423898,0.0048239534238979,1.3856390352093153,0.6143609647906848,0.3856390352093152,0.0,0.8370091447014524,0.7705949656750573,0.6143609647906848,0.3176895306859206,0.3856390352093152,2216.0,0.0,0.0048239534238979,1859.0,1748.0,0.7915683012081217,0.8174310207167453,0.819526939862458,0.8531014226140968,0.7503040439815062,0.7896991596399158,0.2986346831436492,0.3373753585693045,0.2294050343249428,0.1629908552985476,weighted_p99,0.2,0.6338843665522582,0.096633095099437,0.9778311450383056,0.991810624823314,2.2001176746205995,2.2001176746205995,432.7118590829921,2.2001176746205995,210.7617233061172,226.11243576888327
,,,,,,,,,temporal_B,logistic,42,isotonic,conformal,3607,,,,,,0.85,0.8757970612697532,0.0257970612697532,1.57527030773496,0.4247296922650402,0.5752703077349598,0.0,0.8370091447014524,0.9170480549199084,0.4247296922650402,0.2924281984334204,0.5752703077349598,1532.0,0.0,0.0257970612697532,1859.0,1748.0,0.8646323311262998,0.886162194448195,0.819526939862458,0.8531014226140968,0.9031857462312738,0.9290813477222496,0.2701920638685008,0.3157026934664413,0.0829519450800915,0.1629908552985476,split_cp,0.15,0.6338843665522582,,,,,,,,,
,,,,,,,,,temporal_B,logistic,42,isotonic,conformal,3607,,,,,,0.85,0.8757970612697532,0.0257970612697532,1.57527030773496,0.4247296922650402,0.5752703077349598,0.0,0.8370091447014524,0.9170480549199084,0.4247296922650402,0.2924281984334204,0.5752703077349598,1532.0,0.0,0.0257970612697532,1859.0,1748.0,0.8646323311262998,0.886162194448195,0.819526939862458,0.8531014226140968,0.9031857462312738,0.9290813477222496,0.2701920638685008,0.3157026934664413,0.0829519450800915,0.1629908552985476,mondrian_cp,0.15,0.6338843665522582,,,,,,,,,
,,,,,,,,,temporal_B,logistic,42,isotonic,conformal,3607,,,,,,0.85,0.8757970612697532,0.0257970612697532,1.57527030773496,0.4247296922650402,0.5752703077349598,0.0,0.8370091447014524,0.9170480549199084,0.4247296922650402,0.2924281984334204,0.5752703077349598,1532.0,0.0,0.0257970612697532,1859.0,1748.0,0.8646323311262998,0.886162194448195,0.819526939862458,0.8531014226140968,0.9031857462312738,0.9290813477222496,0.2701920638685008,0.3157026934664413,0.0829519450800915,0.1629908552985476,empirical_mondrian,0.15,0.6338843665522582,,,,,,,,,
,,,,,,,,,temporal_B,logistic,42,isotonic,conformal,3607,,,,,,0.85,0.8757970612697532,0.0257970612697532,1.57527030773496,0.4247296922650402,0.5752703077349598,0.0,0.8370091447014524,0.9170480549199084,0.4247296922650402,0.2924281984334204,0.5752703077349598,1532.0,0.0,0.0257970612697532,1859.0,1748.0,0.8646323311262998,0.886162194448195,0.819526939862458,0.8531014226140968,0.9031857462312738,0.9290813477222496,0.2701920638685008,0.3157026934664413,0.0829519450800915,0.1629908552985476,weighted_cap5,0.15,0.6338843665522582,0.096633095099437,0.9778311450383056,0.9981232598948157,5.0,2.2001176746205995,422.1065982172858,5.0,210.7617233061172,217.6796901547536
,,,,,,,,,temporal_B,logistic,42,isotonic,conformal,3607,,,,,,0.85,0.8757970612697532,0.0257970612697532,1.57527030773496,0.4247296922650402,0.5752703077349598,0.0,0.8370091447014524,0.9170480549199084,0.4247296922650402,0.2924281984334204,0.5752703077349598,1532.0,0.0,0.0257970612697532,1859.0,1748.0,0.8646323311262998,0.886162194448195,0.819526939862458,0.8531014226140968,0.9031857462312738,0.9290813477222496,0.2701920638685008,0.3157026934664413,0.0829519450800915,0.1629908552985476,weighted_cap10,0.15,0.6338843665522582,0.096633095099437,0.9778311450383056,1.0006463621885795,6.264074249175785,2.2001176746205995,414.285921933264,10.0,210.7617233061172,211.52794156070564
,,,,,,,,,temporal_B,logistic,42,isotonic,conformal,3607,,,,,,0.85,0.8757970612697532,0.0257970612697532,1.57527030773496,0.4247296922650402,0.5752703077349598,0.0,0.8370091447014524,0.9170480549199084,0.4247296922650402,0.2924281984334204,0.5752703077349598,1532.0,0.0,0.0257970612697532,1859.0,1748.0,0.8646323311262998,0.886162194448195,0.819526939862458,0.8531014226140968,0.9031857462312738,0.9290813477222496,0.2701920638685008,0.3157026934664413,0.0829519450800915,0.1629908552985476,weighted_cap20,0.15,0.6338843665522582,0.096633095099437,0.9778311450383056,1.0006463621885795,6.264074249175785,2.2001176746205995,414.285921933264,20.0,210.7617233061172,211.52794156070564
,,,,,,,,,temporal_B,logistic,42,isotonic,conformal,3607,,,,,,0.85,0.8757970612697532,0.0257970612697532,1.57527030773496,0.4247296922650402,0.5752703077349598,0.0,0.8370091447014524,0.9170480549199084,0.4247296922650402,0.2924281984334204,0.5752703077349598,1532.0,0.0,0.0257970612697532,1859.0,1748.0,0.8646323311262998,0.886162194448195,0.819526939862458,0.8531014226140968,0.9031857462312738,0.9290813477222496,0.2701920638685008,0.3157026934664413,0.0829519450800915,0.1629908552985476,weighted_p99,0.15,0.6338843665522582,0.096633095099437,0.9778311450383056,0.991810624823314,2.2001176746205995,2.2001176746205995,432.7118590829921,2.2001176746205995,210.7617233061172,226.11243576888327
,,,,,,,,,temporal_B,logistic,42,isotonic,conformal,3607,,,,,,0.9,0.8757970612697532,0.0242029387302468,1.57527030773496,0.4247296922650402,0.5752703077349598,0.0,0.8370091447014524,0.9170480549199084,0.4247296922650402,0.2924281984334204,0.5752703077349598,1532.0,0.0242029387302468,0.0,1859.0,1748.0,0.8646323311262998,0.886162194448195,0.819526939862458,0.8531014226140968,0.9031857462312738,0.9290813477222496,0.2701920638685008,0.3157026934664413,0.0829519450800915,0.1629908552985476,split_cp,0.1,0.6338843665522582,,,,,,,,,
,,,,,,,,,temporal_B,logistic,42,isotonic,conformal,3607,,,,,,0.9,0.8757970612697532,0.0242029387302468,1.57527030773496,0.4247296922650402,0.5752703077349598,0.0,0.8370091447014524,0.9170480549199084,0.4247296922650402,0.2924281984334204,0.5752703077349598,1532.0,0.0242029387302468,0.0,1859.0,1748.0,0.8646323311262998,0.886162194448195,0.819526939862458,0.8531014226140968,0.9031857462312738,0.9290813477222496,0.2701920638685008,0.3157026934664413,0.0829519450800915,0.1629908552985476,mondrian_cp,0.1,0.6338843665522582,,,,,,,,,
,,,,,,,,,temporal_B,logistic,42,isotonic,conformal,3607,,,,,,0.9,0.8757970612697532,0.0242029387302468,1.57527030773496,0.4247296922650402,0.5752703077349598,0.0,0.8370091447014524,0.9170480549199084,0.4247296922650402,0.2924281984334204,0.5752703077349598,1532.0,0.0242029387302468,0.0,1859.0,1748.0,0.8646323311262998,0.886162194448195,0.819526939862458,0.8531014226140968,0.9031857462312738,0.9290813477222496,0.2701920638685008,0.3157026934664413,0.0829519450800915,0.1629908552985476,empirical_mondrian,0.1,0.6338843665522582,,,,,,,,,
,,,,,,,,,temporal_B,logistic,42,isotonic,conformal,3607,,,,,,0.9,0.8965899639589686,0.0034100360410314,1.6254505128915997,0.3745494871084003,0.6254505128915997,0.0,0.8773534158149543,0.9170480549199084,0.3745494871084003,0.2760917838638045,0.6254505128915997,1351.0,0.0034100360410314,0.0,1859.0,1748.0,0.8862274192843544,0.9061086698593672,0.8616587567385807,0.8914917560743534,0.9031857462312738,0.9290813477222496,0.252912951466103,0.300540335587413,0.0829519450800915,0.1226465841850457,weighted_cap5,0.1,0.6338843665522582,0.096633095099437,0.9778311450383056,0.9981232598948157,5.0,2.2001176746205995,422.1065982172858,5.0,210.7617233061172,217.6796901547536
,,,,,,,,,temporal_B,logistic,42,isotonic,conformal,3607,,,,,,0.9,0.8965899639589686,0.0034100360410314,1.6254505128915997,0.3745494871084003,0.6254505128915997,0.0,0.8773534158149543,0.9170480549199084,0.3745494871084003,0.2760917838638045,0.6254505128915997,1351.0,0.0034100360410314,0.0,1859.0,1748.0,0.8862274192843544,0.9061086698593672,0.8616587567385807,0.8914917560743534,0.9031857462312738,0.9290813477222496,0.252912951466103,0.300540335587413,0.0829519450800915,0.1226465841850457,weighted_cap10,0.1,0.6338843665522582,0.096633095099437,0.9778311450383056,1.0006463621885795,6.264074249175785,2.2001176746205995,414.285921933264,10.0,210.7617233061172,211.52794156070564
,,,,,,,,,temporal_B,logistic,42,isotonic,conformal,3607,,,,,,0.9,0.8965899639589686,0.0034100360410314,1.6254505128915997,0.3745494871084003,0.6254505128915997,0.0,0.8773534158149543,0.9170480549199084,0.3745494871084003,0.2760917838638045,0.6254505128915997,1351.0,0.0034100360410314,0.0,1859.0,1748.0,0.8862274192843544,0.9061086698593672,0.8616587567385807,0.8914917560743534,0.9031857462312738,0.9290813477222496,0.252912951466103,0.300540335587413,0.0829519450800915,0.1226465841850457,weighted_cap20,0.1,0.6338843665522582,0.096633095099437,0.9778311450383056,1.0006463621885795,6.264074249175785,2.2001176746205995,414.285921933264,20.0,210.7617233061172,211.52794156070564
,,,,,,,,,temporal_B,logistic,42,isotonic,conformal,3607,,,,,,0.9,0.8965899639589686,0.0034100360410314,1.6254505128915997,0.3745494871084003,0.6254505128915997,0.0,0.8773534158149543,0.9170480549199084,0.3745494871084003,0.2760917838638045,0.6254505128915997,1351.0,0.0034100360410314,0.0,1859.0,1748.0,0.8862274192843544,0.9061086698593672,0.8616587567385807,0.8914917560743534,0.9031857462312738,0.9290813477222496,0.252912951466103,0.300540335587413,0.0829519450800915,0.1226465841850457,weighted_p99,0.1,0.6338843665522582,0.096633095099437,0.9778311450383056,0.991810624823314,2.2001176746205995,2.2001176746205995,432.7118590829921,2.2001176746205995,210.7617233061172,226.11243576888327
,,,,,,,,,temporal_B,logistic,42,isotonic,conformal,3607,,,,,,0.95,0.9323537565844192,0.0176462434155807,1.7274743554200167,0.2725256445799833,0.7274743554200166,0.0,0.939214631522324,0.9250572082379864,0.2725256445799833,0.2482197355035605,0.7274743554200166,983.0,0.0176462434155807,0.0,1859.0,1748.0,0.9236895238289108,0.9400980546538816,0.9274208592649106,0.9491969507304716,0.9117603310228064,0.9364899444332536,0.2222302062636619,0.2761694651571759,0.0749427917620137,0.0607853684776761,split_cp,0.05,0.6338843665522582,,,,,,,,,
,,,,,,,,,temporal_B,logistic,42,isotonic,conformal,3607,,,,,,0.95,0.9470474078181316,0.0029525921818684,1.7704463543110618,0.2295536456889381,0.7704463543110618,0.0,0.939214631522324,0.9553775743707094,0.2295536456889381,0.2306763285024154,0.7704463543110618,828.0,0.0029525921818684,0.0,1859.0,1748.0,0.9392521291623722,0.9538914875760072,0.9274208592649106,0.9491969507304716,0.9446589623683166,0.9640990716330612,0.2032655355694205,0.2605746045550011,0.0446224256292906,0.0607853684776761,mondrian_cp,0.05,0.6338843665522582,,,,,,,,,
,,,,,,,,,temporal_B,logistic,42,isotonic,conformal,3607,,,,,,0.95,0.9323537565844192,0.0176462434155807,1.7296922650401996,0.2703077349598003,0.7296922650401996,0.0,0.9107046799354492,0.9553775743707094,0.2703077349598003,0.2502564102564102,0.7296922650401996,975.0,0.0176462434155807,0.0,1859.0,1748.0,0.9236895238289108,0.9400980546538816,0.8968802729970842,0.9228352174272568,0.9446589623683166,0.9640990716330612,0.224083141229864,0.2783899144305118,0.0446224256292906,0.0892953200645508,empirical_mondrian,0.05,0.6338843665522582,,,,,,,,,
,,,,,,,,,temporal_B,logistic,42,isotonic,conformal,3607,,,,,,0.95,0.9323537565844192,0.0176462434155807,1.7269198780149708,0.2730801219850291,0.7269198780149709,0.0,0.939214631522324,0.9250572082379864,0.2730801219850291,0.2477157360406091,0.7269198780149709,985.0,0.0176462434155807,0.0,1859.0,1748.0,0.9236895238289108,0.9400980546538816,0.9274208592649106,0.9491969507304716,0.9117603310228064,0.9364899444332536,0.2217717567979529,0.2756198669384456,0.0749427917620137,0.0607853684776761,weighted_cap5,0.05,0.6338843665522582,0.096633095099437,0.9778311450383056,0.9981232598948157,5.0,2.2001176746205995,422.1065982172858,5.0,210.7617233061172,217.6796901547536
,,,,,,,,,temporal_B,logistic,42,isotonic,conformal,3607,,,,,,0.95,0.9323537565844192,0.0176462434155807,1.7269198780149708,0.2730801219850291,0.7269198780149709,0.0,0.939214631522324,0.9250572082379864,0.2730801219850291,0.2477157360406091,0.7269198780149709,985.0,0.0176462434155807,0.0,1859.0,1748.0,0.9236895238289108,0.9400980546538816,0.9274208592649106,0.9491969507304716,0.9117603310228064,0.9364899444332536,0.2217717567979529,0.2756198669384456,0.0749427917620137,0.0607853684776761,weighted_cap10,0.05,0.6338843665522582,0.096633095099437,0.9778311450383056,1.0006463621885795,6.264074249175785,2.2001176746205995,414.285921933264,10.0,210.7617233061172,211.52794156070564
,,,,,,,,,temporal_B,logistic,42,isotonic,conformal,3607,,,,,,0.95,0.9323537565844192,0.0176462434155807,1.7269198780149708,0.2730801219850291,0.7269198780149709,0.0,0.939214631522324,0.9250572082379864,0.2730801219850291,0.2477157360406091,0.7269198780149709,985.0,0.0176462434155807,0.0,1859.0,1748.0,0.9236895238289108,0.9400980546538816,0.9274208592649106,0.9491969507304716,0.9117603310228064,0.9364899444332536,0.2217717567979529,0.2756198669384456,0.0749427917620137,0.0607853684776761,weighted_cap20,0.05,0.6338843665522582,0.096633095099437,0.9778311450383056,1.0006463621885795,6.264074249175785,2.2001176746205995,414.285921933264,20.0,210.7617233061172,211.52794156070564
,,,,,,,,,temporal_B,logistic,42,isotonic,conformal,3607,,,,,,0.95,0.9323537565844192,0.0176462434155807,1.7269198780149708,0.2730801219850291,0.7269198780149709,0.0,0.939214631522324,0.9250572082379864,0.2730801219850291,0.2477157360406091,0.7269198780149709,985.0,0.0176462434155807,0.0,1859.0,1748.0,0.9236895238289108,0.9400980546538816,0.9274208592649106,0.9491969507304716,0.9117603310228064,0.9364899444332536,0.2217717567979529,0.2756198669384456,0.0749427917620137,0.0607853684776761,weighted_p99,0.05,0.6338843665522582,0.096633095099437,0.9778311450383056,0.991810624823314,2.2001176746205995,2.2001176746205995,432.7118590829921,2.2001176746205995,210.7617233061172,226.11243576888327
0.6717002632994535,0.6575355201898379,0.618054422895515,0.6181451667501658,0.2360161367858033,0.6739882377933788,0.0804464597131804,0.5431076820830566,-0.1426110112090629,temporal_B,catboost,42,none,probability,3607,3002.0,501.0,501.0,12.0,total_clicks|active_days|active_weeks|unique_content|days_since_last_activity|days_to_first_activity|clicks_per_active_day|zero_activity|actions_week_1|actions_week_2|actions_week_3|actions_week_4,,,,,,,,,,,,,,,,,,,,,,,,,,,,,,,,,,,,,,,
,,,,,,,,,temporal_B,catboost,42,none,conformal,3607,,,,,,0.8,0.7363459939007485,0.0636540060992515,1.2448017743276962,0.7551982256723039,0.2448017743276961,0.0,0.734803657880581,0.7379862700228833,0.7551982256723039,0.3491189427312775,0.2448017743276961,2724.0,0.0636540060992515,0.0,1859.0,1748.0,0.7217208557509159,0.7504682501526302,0.7142675257595307,0.7543713891981968,0.7168663525433211,0.7580624692463439,0.331441570257793,0.3672212690571543,0.2620137299771167,0.265196342119419,split_cp,0.2,0.6338843665522582,,,,,,,,,
,,,,,,,,,temporal_B,catboost,42,none,conformal,3607,,,,,,0.8,0.7405045744385916,0.0594954255614084,1.2503465483781535,0.7496534516218464,0.2503465483781535,0.0,0.6837009144701452,0.8009153318077803,0.7496534516218464,0.3461538461538461,0.2503465483781535,2704.0,0.0594954255614084,0.0,1859.0,1748.0,0.7259485085251586,0.754548910092233,0.6622012132351046,0.704442977963209,0.781545078052866,0.8189658841138737,0.3284519730310214,0.3642922246435541,0.1990846681922196,0.3162990855298547,mondrian_cp,0.2,0.6338843665522582,,,,,,,,,
,,,,,,,,,temporal_B,catboost,42,none,conformal,3607,,,,,,0.85,0.7859717216523426,0.0640282783476573,1.347380094261159,0.6526199057388411,0.3473800942611588,0.0,0.7708445400753093,0.8020594965675057,0.6526199057388411,0.3279524214103653,0.3473800942611588,2354.0,0.0640282783476573,0.0,1859.0,1748.0,0.7722862812468773,0.7990486897085572,0.7511921230405466,0.7893799128843463,0.7827271162199818,0.8200671575899776,0.3092812197891265,0.3471842321309816,0.1979405034324942,0.2291554599246907,split_cp,0.15,0.6338843665522582,,,,,,,,,
,,,,,,,,,temporal_B,catboost,42,none,conformal,3607,,,,,,0.85,0.7848627668422512,0.0651372331577487,1.3612420293873024,0.6387579706126976,0.3612420293873025,0.0,0.7213555675094137,0.8524027459954233,0.6387579706126976,0.3368055555555556,0.3612420293873025,2304.0,0.0651372331577487,0.0,1859.0,1748.0,0.7711533921548733,0.7979660287435358,0.7005348147075092,0.7412633834714251,0.8350023092882274,0.8682576768233917,0.3177931462188506,0.3563612472184389,0.1475972540045766,0.2786444324905863,mondrian_cp,0.15,0.6338843665522582,,,,,,,,,
,,,,,,,,,temporal_B,catboost,42,none,conformal,3607,,,,,,0.9,0.8514000554477406,0.0485999445522594,1.5142777931799278,0.485722206820072,0.514277793179928,0.0,0.8310919849381387,0.8729977116704806,0.485722206820072,0.3059360730593607,0.514277793179928,1752.0,0.0485999445522594,0.0,1859.0,1748.0,0.8394185329597263,0.862633891360209,0.8133813969097768,0.847437050184109,0.8565659585999583,0.8877936370896127,0.2848028330477288,0.3279184655729793,0.1270022883295194,0.1689080150618612,split_cp,0.1,0.6338843665522582,,,,,,,,,
,,,,,,,,,temporal_B,catboost,42,none,conformal,3607,,,,,,0.9,0.8397560299417799,0.0602439700582201,1.49902966454117,0.5009703354588301,0.4990296645411699,0.0,0.7778375470683163,0.9056064073226544,0.5009703354588301,0.3198671831765357,0.4990296645411699,1807.0,0.0602439700582201,0.0,1859.0,1748.0,0.8274241547132261,0.8513649940079421,0.7583786095649757,0.7961505990848895,0.8909969240338372,0.9184370534874908,0.298763176967849,0.3417354449137362,0.0943935926773455,0.2221624529316837,mondrian_cp,0.1,0.6338843665522582,,,,,,,,,
,,,,,,,,,temporal_B,catboost,42,none,conformal,3607,,,,,,0.95,0.9098974216800664,0.0401025783199334,1.676739672858331,0.3232603271416689,0.676739672858331,0.0,0.8881118881118881,0.933066361556064,0.3232603271416689,0.2787307032590051,0.676739672858331,1166.0,0.0401025783199334,0.0,1859.0,1748.0,0.9001119903614128,0.918810699466614,0.8729743646472184,0.90164872158875,0.9203757472648824,0.9438577096937144,0.2537533784586161,0.3051612111130556,0.0669336384439359,0.1118881118881118,split_cp,0.05,0.6338843665522582,,,,,,,,,
,,,,,,,,,temporal_B,catboost,42,none,conformal,3607,,,,,,0.95,0.900194067091766,0.0498059329082339,1.6601053507069587,0.3398946492930413,0.6601053507069586,0.0,0.8526089295320065,0.9508009153318078,0.3398946492930413,0.2936378466557912,0.6601053507069586,1226.0,0.0498059329082339,0.0,1859.0,1748.0,0.8899823959723924,0.909554230856662,0.8357674298227368,0.8679961641172181,0.9396362597119398,0.95998852771656,0.2688210161169114,0.3197438380186713,0.0491990846681922,0.1473910704679935,mondrian_cp,0.05,0.6338843665522582,,,,,,,,,
0.6717002632994535,0.6575355201898379,0.6146844432294581,0.6168945251193094,0.2321457040990105,0.6580058560601213,0.0644049809412678,0.7628914561459704,-0.2403641769474742,temporal_B,catboost,42,platt,probability,3607,3002.0,501.0,501.0,12.0,total_clicks|active_days|active_weeks|unique_content|days_since_last_activity|days_to_first_activity|clicks_per_active_day|zero_activity|actions_week_1|actions_week_2|actions_week_3|actions_week_4,,,,,,,,,,,,,,,,,,,,,,,,,,,,,,,,,,,,,,,
,,,,,,,,,temporal_B,catboost,42,platt,conformal,3607,,,,,,0.8,0.7416135292486831,0.0583864707513169,1.2531189354033825,0.7468810645966177,0.2531189354033823,0.0,0.6831629908552985,0.8037757437070938,0.7468810645966177,0.3459539717891611,0.2531189354033823,2694.0,0.0583864707513169,0.0,1859.0,1748.0,0.7270761638396225,0.7556368048347945,0.6616547870156894,0.7039157755114726,0.784500626378958,0.8217186148958306,0.3282224431619389,0.364124192965887,0.1962242562929061,0.3168370091447015,split_cp,0.2,0.6338843665522582,,,,,,,,,
,,,,,,,,,temporal_B,catboost,42,platt,conformal,3607,,,,,,0.8,0.7405045744385916,0.0594954255614084,1.2503465483781535,0.7496534516218464,0.2503465483781535,0.0,0.6837009144701452,0.8009153318077803,0.7496534516218464,0.3461538461538461,0.2503465483781535,2704.0,0.0594954255614084,0.0,1859.0,1748.0,0.7259485085251586,0.754548910092233,0.6622012132351046,0.704442977963209,0.781545078052866,0.8189658841138737,0.3284519730310214,0.3642922246435541,0.1990846681922196,0.3162990855298547,mondrian_cp,0.2,0.6338843665522582,,,,,,,,,
,,,,,,,,,temporal_B,catboost,42,platt,conformal,3607,,,,,,0.85,0.7801497088993623,0.0698502911006376,1.3465483781535903,0.6534516218464098,0.3465483781535902,0.0,0.7218934911242604,0.8421052631578947,0.6534516218464098,0.3364446330080611,0.3465483781535902,2357.0,0.0698502911006376,0.0,1859.0,1748.0,0.7663402133132153,0.7933631198428355,0.701083680001433,0.741788146848653,0.8242633447678906,0.8584468365547526,0.3176494684133313,0.3557720580007565,0.1578947368421052,0.2781065088757396,split_cp,0.15,0.6338843665522582,,,,,,,,,
,,,,,,,,,temporal_B,catboost,42,platt,conformal,3607,,,,,,0.85,0.7848627668422512,0.0651372331577487,1.3612420293873024,0.6387579706126976,0.3612420293873025,0.0,0.7213555675094137,0.8524027459954233,0.6387579706126976,0.3368055555555556,0.3612420293873025,2304.0,0.0651372331577487,0.0,1859.0,1748.0,0.7711533921548733,0.7979660287435358,0.7005348147075092,0.7412633834714251,0.8350023092882274,0.8682576768233917,0.3177931462188506,0.3563612472184389,0.1475972540045766,0.2786444324905863,mondrian_cp,0.15,0.6338843665522582,,,,,,,,,
,,,,,,,,,temporal_B,catboost,42,platt,conformal,3607,,,,,,0.9,0.8347657332963682,0.0652342667036318,1.4807319101746603,0.5192680898253396,0.4807319101746604,0.0,0.7756858526089295,0.8975972540045767,0.5192680898253396,0.3182060864922584,0.4807319101746604,1873.0,0.0652342667036318,0.0,1859.0,1748.0,0.8222906682842405,0.8465285051803132,0.7561665744003363,0.794068119564922,0.8825016305207921,0.910949165497999,0.2975024383747387,0.3396539144970144,0.1024027459954233,0.2243141473910704,split_cp,0.1,0.6338843665522582,,,,,,,,,
,,,,,,,,,temporal_B,catboost,42,platt,conformal,3607,,,,,,0.9,0.8397560299417799,0.0602439700582201,1.49902966454117,0.5009703354588301,0.4990296645411699,0.0,0.7778375470683163,0.9056064073226544,0.5009703354588301,0.3198671831765357,0.4990296645411699,1807.0,0.0602439700582201,0.0,1859.0,1748.0,0.8274241547132261,0.8513649940079421,0.7583786095649757,0.7961505990848895,0.8909969240338372,0.9184370534874908,0.298763176967849,0.3417354449137362,0.0943935926773455,0.2221624529316837,mondrian_cp,0.1,0.6338843665522582,,,,,,,,,
,,,,,,,,,temporal_B,catboost,42,platt,conformal,3607,,,,,,0.95,0.8974216800665373,0.0525783199334626,1.6515109509287496,0.3484890490712503,0.6515109509287497,0.0,0.8493813878429263,0.948512585812357,0.3484890490712503,0.294351630867144,0.6515109509287497,1257.0,0.0525783199334626,0.0,1859.0,1748.0,0.8870936141952417,0.9069041374912492,0.8324025157841359,0.8649193061289084,0.93713406154697,0.9579241025950908,0.2698141749652146,0.3201422018788916,0.051487414187643,0.1506186121570737,split_cp,0.05,0.6338843665522582,,,,,,,,,
,,,,,,,,,temporal_B,catboost,42,platt,conformal,3607,,,,,,0.95,0.900194067091766,0.0498059329082339,1.6601053507069587,0.3398946492930413,0.6601053507069586,0.0,0.8526089295320065,0.9508009153318078,0.3398946492930413,0.2936378466557912,0.6601053507069586,1226.0,0.0498059329082339,0.0,1859.0,1748.0,0.8899823959723924,0.909554230856662,0.8357674298227368,0.8679961641172181,0.9396362597119398,0.95998852771656,0.2688210161169114,0.3197438380186713,0.0491990846681922,0.1473910704679935,mondrian_cp,0.05,0.6338843665522582,,,,,,,,,
0.6675749000163715,0.6279200661733798,0.6178332087750539,0.6179786812377905,0.2442768423933889,1.982341006132936,0.0836345213802039,0.1004298203615577,-0.234098686378609,temporal_B,catboost,42,isotonic,probability,3607,3002.0,501.0,501.0,12.0,total_clicks|active_days|active_weeks|unique_content|days_since_last_activity|days_to_first_activity|clicks_per_active_day|zero_activity|actions_week_1|actions_week_2|actions_week_3|actions_week_4,,,,,,,,,,,,,,,,,,,,,,,,,,,,,,,,,,,,,,,
,,,,,,,,,temporal_B,catboost,42,isotonic,conformal,3607,,,,,,0.8,0.7599112836151927,0.0400887163848073,1.3005267535347935,0.6994732464652066,0.3005267535347934,0.0,0.7019903173749328,0.8215102974828375,0.6994732464652066,0.3432421720174395,0.3005267535347934,2523.0,0.0400887163848073,0.0,1859.0,1748.0,0.7457001011850877,0.7735694434302489,0.6807993965395566,0.7223481694779156,0.8028600489829141,0.8387505227617775,0.3249665800542609,0.361994389642204,0.1784897025171624,0.2980096826250672,split_cp,0.2,0.6338843665522582,,,,,,,,,
,,,,,,,,,temporal_B,catboost,42,isotonic,conformal,3607,,,,,,0.8,0.7596340449126698,0.0403659550873302,1.2999722761297476,0.7000277238702522,0.2999722761297477,0.0,0.7014523937600861,0.8215102974828375,0.7000277238702522,0.3433663366336634,0.2999722761297477,2525.0,0.0403659550873302,0.0,1859.0,1748.0,0.7454176659341292,0.7732979911669513,0.6802518359833772,0.7218221013629432,0.8028600489829141,0.8387505227617775,0.3250960968433506,0.3621124479070677,0.1784897025171624,0.2985476062399139,mondrian_cp,0.2,0.6338843665522582,,,,,,,,,
,,,,,,,,,temporal_B,catboost,42,isotonic,conformal,3607,,,,,,0.8,0.7596340449126698,0.0403659550873302,1.2999722761297476,0.7000277238702522,0.2999722761297477,0.0,0.7014523937600861,0.8215102974828375,0.7000277238702522,0.3433663366336634,0.2999722761297477,2525.0,0.0403659550873302,0.0,1859.0,1748.0,0.7454176659341292,0.7732979911669513,0.6802518359833772,0.7218221013629432,0.8028600489829141,0.8387505227617775,0.3250960968433506,0.3621124479070677,0.1784897025171624,0.2985476062399139,empirical_mondrian,0.2,0.6338843665522582,,,,,,,,,
,,,,,,,,,temporal_B,catboost,42,isotonic,conformal,3607,,,,,,0.8,0.7260881619074022,0.0739118380925978,1.2228999168283892,0.7771000831716107,0.2228999168283892,0.0,0.7014523937600861,0.7522883295194508,0.7771000831716107,0.3524794862647163,0.2228999168283892,2803.0,0.0739118380925978,0.0,1859.0,1748.0,0.7112996328077889,0.740395635068272,0.6802518359833772,0.7218221013629432,0.7315128964629567,0.7719573208669526,0.3350063123840158,0.3703564549354224,0.2477116704805492,0.2985476062399139,weighted_cap5,0.2,0.6338843665522582,0.096633095099437,0.9778311450383056,0.9981232598948157,5.0,2.2001176746205995,422.1065982172858,5.0,210.7617233061172,217.6796901547536
,,,,,,,,,temporal_B,catboost,42,isotonic,conformal,3607,,,,,,0.8,0.7260881619074022,0.0739118380925978,1.2228999168283892,0.7771000831716107,0.2228999168283892,0.0,0.7014523937600861,0.7522883295194508,0.7771000831716107,0.3524794862647163,0.2228999168283892,2803.0,0.0739118380925978,0.0,1859.0,1748.0,0.7112996328077889,0.740395635068272,0.6802518359833772,0.7218221013629432,0.7315128964629567,0.7719573208669526,0.3350063123840158,0.3703564549354224,0.2477116704805492,0.2985476062399139,weighted_cap10,0.2,0.6338843665522582,0.096633095099437,0.9778311450383056,1.0006463621885795,6.264074249175785,2.2001176746205995,414.285921933264,10.0,210.7617233061172,211.52794156070564
,,,,,,,,,temporal_B,catboost,42,isotonic,conformal,3607,,,,,,0.8,0.7260881619074022,0.0739118380925978,1.2228999168283892,0.7771000831716107,0.2228999168283892,0.0,0.7014523937600861,0.7522883295194508,0.7771000831716107,0.3524794862647163,0.2228999168283892,2803.0,0.0739118380925978,0.0,1859.0,1748.0,0.7112996328077889,0.740395635068272,0.6802518359833772,0.7218221013629432,0.7315128964629567,0.7719573208669526,0.3350063123840158,0.3703564549354224,0.2477116704805492,0.2985476062399139,weighted_cap20,0.2,0.6338843665522582,0.096633095099437,0.9778311450383056,1.0006463621885795,6.264074249175785,2.2001176746205995,414.285921933264,20.0,210.7617233061172,211.52794156070564
,,,,,,,,,temporal_B,catboost,42,isotonic,conformal,3607,,,,,,0.8,0.7260881619074022,0.0739118380925978,1.2228999168283892,0.7771000831716107,0.2228999168283892,0.0,0.7014523937600861,0.7522883295194508,0.7771000831716107,0.3524794862647163,0.2228999168283892,2803.0,0.0739118380925978,0.0,1859.0,1748.0,0.7112996328077889,0.740395635068272,0.6802518359833772,0.7218221013629432,0.7315128964629567,0.7719573208669526,0.3350063123840158,0.3703564549354224,0.2477116704805492,0.2985476062399139,weighted_p99,0.2,0.6338843665522582,0.096633095099437,0.9778311450383056,0.991810624823314,2.2001176746205995,2.2001176746205995,432.7118590829921,2.2001176746205995,210.7617233061172,226.11243576888327
,,,,,,,,,temporal_B,catboost,42,isotonic,conformal,3607,,,,,,0.85,0.8489049071250346,0.0010950928749653,1.49708899362351,0.5029110063764901,0.4970889936235098,0.0,0.8746637977407208,0.8215102974828375,0.5029110063764901,0.3004410143329658,0.4970889936235098,1814.0,0.0010950928749653,0.0,1859.0,1748.0,0.8368463232453631,0.8602211134462647,0.858835808722819,0.8889465607343563,0.8028600489829141,0.8387505227617775,0.2797837805034258,0.3219416634361753,0.1784897025171624,0.1253362022592792,split_cp,0.15,0.6338843665522582,,,,,,,,,
,,,,,,,,,temporal_B,catboost,42,isotonic,conformal,3607,,,,,,0.85,0.8333795397837538,0.0166204602162461,1.496534516218464,0.5034654837815359,0.4965345162184641,0.0,0.7439483593329748,0.9284897025171625,0.5034654837815359,0.3309471365638766,0.4965345162184641,1816.0,0.0166204602162461,0.0,1859.0,1748.0,0.8208654079280541,0.8451843279652177,0.7236192980956934,0.7632713042716134,0.915447293807886,0.9396529165778328,0.309681780230517,0.3529261920057631,0.0715102974828375,0.2560516406670253,mondrian_cp,0.15,0.6338843665522582,,,,,,,,,
,,,,,,,,,temporal_B,catboost,42,isotonic,conformal,3607,,,,,,0.85,0.8333795397837538,0.0166204602162461,1.496534516218464,0.5034654837815359,0.4965345162184641,0.0,0.7439483593329748,0.9284897025171625,0.5034654837815359,0.3309471365638766,0.4965345162184641,1816.0,0.0166204602162461,0.0,1859.0,1748.0,0.8208654079280541,0.8451843279652177,0.7236192980956934,0.7632713042716134,0.915447293807886,0.9396529165778328,0.309681780230517,0.3529261920057631,0.0715102974828375,0.2560516406670253,empirical_mondrian,0.15,0.6338843665522582,,,,,,,,,
,,,,,,,,,temporal_B,catboost,42,isotonic,conformal,3607,,,,,,0.85,0.7815359024119767,0.0684640975880233,1.342944275020793,0.6570557249792071,0.3429442750207929,0.0,0.7439483593329748,0.8215102974828375,0.6570557249792071,0.3324894514767932,0.3429442750207929,2370.0,0.0684640975880233,0.0,1859.0,1748.0,0.7677555872551544,0.7947171834721783,0.7236192980956934,0.7632713042716134,0.8028600489829141,0.8387505227617775,0.3138072324004095,0.3517138170152272,0.1784897025171624,0.2560516406670253,weighted_cap5,0.15,0.6338843665522582,0.096633095099437,0.9778311450383056,0.9981232598948157,5.0,2.2001176746205995,422.1065982172858,5.0,210.7617233061172,217.6796901547536
,,,,,,,,,temporal_B,catboost,42,isotonic,conformal,3607,,,,,,0.85,0.7815359024119767,0.0684640975880233,1.342944275020793,0.6570557249792071,0.3429442750207929,0.0,0.7439483593329748,0.8215102974828375,0.6570557249792071,0.3324894514767932,0.3429442750207929,2370.0,0.0684640975880233,0.0,1859.0,1748.0,0.7677555872551544,0.7947171834721783,0.7236192980956934,0.7632713042716134,0.8028600489829141,0.8387505227617775,0.3138072324004095,0.3517138170152272,0.1784897025171624,0.2560516406670253,weighted_cap10,0.15,0.6338843665522582,0.096633095099437,0.9778311450383056,1.0006463621885795,6.264074249175785,2.2001176746205995,414.285921933264,10.0,210.7617233061172,211.52794156070564
,,,,,,,,,temporal_B,catboost,42,isotonic,conformal,3607,,,,,,0.85,0.7815359024119767,0.0684640975880233,1.342944275020793,0.6570557249792071,0.3429442750207929,0.0,0.7439483593329748,0.8215102974828375,0.6570557249792071,0.3324894514767932,0.3429442750207929,2370.0,0.0684640975880233,0.0,1859.0,1748.0,0.7677555872551544,0.7947171834721783,0.7236192980956934,0.7632713042716134,0.8028600489829141,0.8387505227617775,0.3138072324004095,0.3517138170152272,0.1784897025171624,0.2560516406670253,weighted_cap20,0.15,0.6338843665522582,0.096633095099437,0.9778311450383056,1.0006463621885795,6.264074249175785,2.2001176746205995,414.285921933264,20.0,210.7617233061172,211.52794156070564
,,,,,,,,,temporal_B,catboost,42,isotonic,conformal,3607,,,,,,0.85,0.7815359024119767,0.0684640975880233,1.342944275020793,0.6570557249792071,0.3429442750207929,0.0,0.7439483593329748,0.8215102974828375,0.6570557249792071,0.3324894514767932,0.3429442750207929,2370.0,0.0684640975880233,0.0,1859.0,1748.0,0.7677555872551544,0.7947171834721783,0.7236192980956934,0.7632713042716134,0.8028600489829141,0.8387505227617775,0.3138072324004095,0.3517138170152272,0.1784897025171624,0.2560516406670253,weighted_p99,0.15,0.6338843665522582,0.096633095099437,0.9778311450383056,0.991810624823314,2.2001176746205995,2.2001176746205995,432.7118590829921,2.2001176746205995,210.7617233061172,226.11243576888327
,,,,,,,,,temporal_B,catboost,42,isotonic,conformal,3607,,,,,,0.9,0.9007485444968116,0.0007485444968117,1.6501247574161353,0.3498752425838647,0.6501247574161353,0.0,0.8746637977407208,0.9284897025171625,0.3498752425838647,0.2836767036450079,0.6501247574161353,1262.0,0.0,0.0007485444968117,1859.0,1748.0,0.8905604278234921,0.910083974034075,0.858835808722819,0.8889465607343563,0.915447293807886,0.9396529165778328,0.2594917563573591,0.3091746068784647,0.0715102974828375,0.1253362022592792,split_cp,0.1,0.6338843665522582,,,,,,,,,
,,,,,,,,,temporal_B,catboost,42,isotonic,conformal,3607,,,,,,0.9,0.9007485444968116,0.0007485444968117,1.6501247574161353,0.3498752425838647,0.6501247574161353,0.0,0.8746637977407208,0.9284897025171625,0.3498752425838647,0.2836767036450079,0.6501247574161353,1262.0,0.0,0.0007485444968117,1859.0,1748.0,0.8905604278234921,0.910083974034075,0.858835808722819,0.8889465607343563,0.915447293807886,0.9396529165778328,0.2594917563573591,0.3091746068784647,0.0715102974828375,0.1253362022592792,mondrian_cp,0.1,0.6338843665522582,,,,,,,,,
,,,,,,,,,temporal_B,catboost,42,isotonic,conformal,3607,,,,,,0.9,0.9007485444968116,0.0007485444968117,1.6501247574161353,0.3498752425838647,0.6501247574161353,0.0,0.8746637977407208,0.9284897025171625,0.3498752425838647,0.2836767036450079,0.6501247574161353,1262.0,0.0,0.0007485444968117,1859.0,1748.0,0.8905604278234921,0.910083974034075,0.858835808722819,0.8889465607343563,0.915447293807886,0.9396529165778328,0.2594917563573591,0.3091746068784647,0.0715102974828375,0.1253362022592792,empirical_mondrian,0.1,0.6338843665522582,,,,,,,,,
,,,,,,,,,temporal_B,catboost,42,isotonic,conformal,3607,,,,,,0.9,0.9007485444968116,0.0007485444968117,1.6501247574161353,0.3498752425838647,0.6501247574161353,0.0,0.8746637977407208,0.9284897025171625,0.3498752425838647,0.2836767036450079,0.6501247574161353,1262.0,0.0,0.0007485444968117,1859.0,1748.0,0.8905604278234921,0.910083974034075,0.858835808722819,0.8889465607343563,0.915447293807886,0.9396529165778328,0.2594917563573591,0.3091746068784647,0.0715102974828375,0.1253362022592792,weighted_cap5,0.1,0.6338843665522582,0.096633095099437,0.9778311450383056,0.9981232598948157,5.0,2.2001176746205995,422.1065982172858,5.0,210.7617233061172,217.6796901547536
,,,,,,,,,temporal_B,catboost,42,isotonic,conformal,3607,,,,,,0.9,0.9007485444968116,0.0007485444968117,1.6501247574161353,0.3498752425838647,0.6501247574161353,0.0,0.8746637977407208,0.9284897025171625,0.3498752425838647,0.2836767036450079,0.6501247574161353,1262.0,0.0,0.0007485444968117,1859.0,1748.0,0.8905604278234921,0.910083974034075,0.858835808722819,0.8889465607343563,0.915447293807886,0.9396529165778328,0.2594917563573591,0.3091746068784647,0.0715102974828375,0.1253362022592792,weighted_cap10,0.1,0.6338843665522582,0.096633095099437,0.9778311450383056,1.0006463621885795,6.264074249175785,2.2001176746205995,414.285921933264,10.0,210.7617233061172,211.52794156070564
,,,,,,,,,temporal_B,catboost,42,isotonic,conformal,3607,,,,,,0.9,0.9007485444968116,0.0007485444968117,1.6501247574161353,0.3498752425838647,0.6501247574161353,0.0,0.8746637977407208,0.9284897025171625,0.3498752425838647,0.2836767036450079,0.6501247574161353,1262.0,0.0,0.0007485444968117,1859.0,1748.0,0.8905604278234921,0.910083974034075,0.858835808722819,0.8889465607343563,0.915447293807886,0.9396529165778328,0.2594917563573591,0.3091746068784647,0.0715102974828375,0.1253362022592792,weighted_cap20,0.1,0.6338843665522582,0.096633095099437,0.9778311450383056,1.0006463621885795,6.264074249175785,2.2001176746205995,414.285921933264,20.0,210.7617233061172,211.52794156070564
,,,,,,,,,temporal_B,catboost,42,isotonic,conformal,3607,,,,,,0.9,0.9007485444968116,0.0007485444968117,1.6501247574161353,0.3498752425838647,0.6501247574161353,0.0,0.8746637977407208,0.9284897025171625,0.3498752425838647,0.2836767036450079,0.6501247574161353,1262.0,0.0,0.0007485444968117,1859.0,1748.0,0.8905604278234921,0.910083974034075,0.858835808722819,0.8889465607343563,0.915447293807886,0.9396529165778328,0.2594917563573591,0.3091746068784647,0.0715102974828375,0.1253362022592792,weighted_p99,0.1,0.6338843665522582,0.096633095099437,0.9778311450383056,0.991810624823314,2.2001176746205995,2.2001176746205995,432.7118590829921,2.2001176746205995,210.7617233061172,226.11243576888327
,,,,,,,,,temporal_B,catboost,42,isotonic,conformal,3607,,,,,,0.95,0.9270862212364848,0.0229137787635153,1.752703077349598,0.2472969226504019,0.752703077349598,0.0,0.8752017213555675,0.9822654462242564,0.2472969226504019,0.2948430493273543,0.752703077349598,892.0,0.0229137787635153,0.0,1859.0,1748.0,0.9181394426229776,0.935124273088944,0.8594002164028216,0.8894557817255055,0.9749375848818348,0.9874782727352024,0.2658511287781356,0.3255944374029489,0.0177345537757437,0.1247982786444324,split_cp,0.05,0.6338843665522582,,,,,,,,,
,,,,,,,,,temporal_B,catboost,42,isotonic,conformal,3607,,,,,,0.95,0.9268089825339616,0.0231910174660382,1.7518713612420294,0.2481286387579706,0.7518713612420294,0.0,0.8746637977407208,0.9822654462242564,0.2481286387579706,0.2949720670391061,0.7518713612420294,895.0,0.0231910174660382,0.0,1859.0,1748.0,0.9178476994542188,0.934862128743446,0.858835808722819,0.8889465607343563,0.9749375848818348,0.9874782727352024,0.2660228183093355,0.3256738080551019,0.0177345537757437,0.1253362022592792,mondrian_cp,0.05,0.6338843665522582,,,,,,,,,
,,,,,,,,,temporal_B,catboost,42,isotonic,conformal,3607,,,,,,0.95,0.9268089825339616,0.0231910174660382,1.7518713612420294,0.2481286387579706,0.7518713612420294,0.0,0.8746637977407208,0.9822654462242564,0.2481286387579706,0.2949720670391061,0.7518713612420294,895.0,0.0231910174660382,0.0,1859.0,1748.0,0.9178476994542188,0.934862128743446,0.858835808722819,0.8889465607343563,0.9749375848818348,0.9874782727352024,0.2660228183093355,0.3256738080551019,0.0177345537757437,0.1253362022592792,empirical_mondrian,0.05,0.6338843665522582,,,,,,,,,
,,,,,,,,,temporal_B,catboost,42,isotonic,conformal,3607,,,,,,0.95,0.952314943166066,0.002314943166066,1.8203493207651789,0.1796506792348211,0.8203493207651789,0.0,0.9241527703066164,0.9822654462242564,0.1796506792348211,0.2654320987654321,0.8203493207651789,648.0,0.0,0.002314943166066,1859.0,1748.0,0.9448664538634052,0.958801025645845,0.9112236323596802,0.935332574843454,0.9749375848818348,0.9874782727352024,0.2328886229182581,0.3007403049655341,0.0177345537757437,0.0758472296933835,weighted_cap5,0.05,0.6338843665522582,0.096633095099437,0.9778311450383056,0.9981232598948157,5.0,2.2001176746205995,422.1065982172858,5.0,210.7617233061172,217.6796901547536
,,,,,,,,,temporal_B,catboost,42,isotonic,conformal,3607,,,,,,0.95,0.952314943166066,0.002314943166066,1.8203493207651789,0.1796506792348211,0.8203493207651789,0.0,0.9241527703066164,0.9822654462242564,0.1796506792348211,0.2654320987654321,0.8203493207651789,648.0,0.0,0.002314943166066,1859.0,1748.0,0.9448664538634052,0.958801025645845,0.9112236323596802,0.935332574843454,0.9749375848818348,0.9874782727352024,0.2328886229182581,0.3007403049655341,0.0177345537757437,0.0758472296933835,weighted_cap10,0.05,0.6338843665522582,0.096633095099437,0.9778311450383056,1.0006463621885795,6.264074249175785,2.2001176746205995,414.285921933264,10.0,210.7617233061172,211.52794156070564
,,,,,,,,,temporal_B,catboost,42,isotonic,conformal,3607,,,,,,0.95,0.952314943166066,0.002314943166066,1.8203493207651789,0.1796506792348211,0.8203493207651789,0.0,0.9241527703066164,0.9822654462242564,0.1796506792348211,0.2654320987654321,0.8203493207651789,648.0,0.0,0.002314943166066,1859.0,1748.0,0.9448664538634052,0.958801025645845,0.9112236323596802,0.935332574843454,0.9749375848818348,0.9874782727352024,0.2328886229182581,0.3007403049655341,0.0177345537757437,0.0758472296933835,weighted_cap20,0.05,0.6338843665522582,0.096633095099437,0.9778311450383056,1.0006463621885795,6.264074249175785,2.2001176746205995,414.285921933264,20.0,210.7617233061172,211.52794156070564
,,,,,,,,,temporal_B,catboost,42,isotonic,conformal,3607,,,,,,0.95,0.952314943166066,0.002314943166066,1.8203493207651789,0.1796506792348211,0.8203493207651789,0.0,0.9241527703066164,0.9822654462242564,0.1796506792348211,0.2654320987654321,0.8203493207651789,648.0,0.0,0.002314943166066,1859.0,1748.0,0.9448664538634052,0.958801025645845,0.9112236323596802,0.935332574843454,0.9749375848818348,0.9874782727352024,0.2328886229182581,0.3007403049655341,0.0177345537757437,0.0758472296933835,weighted_p99,0.05,0.6338843665522582,0.096633095099437,0.9778311450383056,0.991810624823314,2.2001176746205995,2.2001176746205995,432.7118590829921,2.2001176746205995,210.7617233061172,226.11243576888327
0.6701985872263213,0.5604345865972473,0.6063976618886198,0.6141028874048899,0.2264490555371449,0.6433921430083763,0.1037199728009178,1.016062993811809,-0.4650826543313127,temporal_J,logistic,42,none,probability,7193,5513.0,920.0,919.0,12.0,total_clicks|active_days|active_weeks|unique_content|days_since_last_activity|days_to_first_activity|clicks_per_active_day|zero_activity|actions_week_1|actions_week_2|actions_week_3|actions_week_4,,,,,,,,,,,,,,,,,,,,,,,,,,,,,,,,,,,,,,,
,,,,,,,,,temporal_J,logistic,42,none,conformal,7193,,,,,,0.8,0.8027248714027527,0.0027248714027526,1.3937161128875295,0.6062838871124705,0.3937161128875295,0.0,0.802521954514749,0.8030523255813954,0.6062838871124705,0.3253840862187571,0.3937161128875295,4361.0,0.0,0.0027248714027526,4441.0,2752.0,0.7933680322211205,0.8117585396116331,0.7905542933022327,0.8139667059040956,0.7877758702685986,0.8174839115164487,0.3116376987579158,0.3394378295588701,0.1969476744186046,0.197478045485251,split_cp,0.2,0.548790753016463,,,,,,,,,
,,,,,,,,,temporal_J,logistic,42,none,conformal,7193,,,,,,0.8,0.8011956068399834,0.0011956068399833,1.38398442930627,0.61601557069373,0.3839844293062699,0.0,0.8077009682503941,0.7906976744186046,0.61601557069373,0.322726246896863,0.3839844293062699,4431.0,0.0,0.0011956068399833,4441.0,2752.0,0.7918128317192824,0.8102568435393448,0.7958459783811903,0.8190240963604901,0.7750986146580264,0.8054863079175584,0.3091192654207167,0.3366403373548562,0.2093023255813953,0.1922990317496059,mondrian_cp,0.2,0.548790753016463,,,,,,,,,
,,,,,,,,,temporal_J,logistic,42,none,conformal,7193,,,,,,0.85,0.8609759488391492,0.0109759488391492,1.5362157653274016,0.4637842346725984,0.5362157653274017,0.0,0.8621931997297906,0.8590116279069767,0.4637842346725984,0.2997601918465228,0.5362157653274017,3336.0,0.0,0.0109759488391492,4441.0,2752.0,0.8527878053391253,0.8687787359989894,0.8517418845666456,0.8720184631991743,0.8455084748925259,0.8715139044883216,0.2844507840077958,0.3155302281233175,0.1409883720930232,0.1378068002702094,split_cp,0.15,0.548790753016463,,,,,,,,,
,,,,,,,,,temporal_J,logistic,42,none,conformal,7193,,,,,,0.85,0.8637564298623662,0.0137564298623662,1.541081607118031,0.4589183928819685,0.5410816071180314,0.0,0.8666966899346994,0.8590116279069767,0.4589183928819685,0.2968797334141169,0.5410816071180314,3301.0,0.0,0.0137564298623662,4441.0,2752.0,0.8556343146436264,0.8714902204656273,0.8563822514400825,0.876377292443435,0.8455084748925259,0.8715139044883216,0.2815372595002948,0.312694410396958,0.1409883720930232,0.1333033100653006,mondrian_cp,0.15,0.548790753016463,,,,,,,,,
,,,,,,,,,temporal_J,logistic,42,none,conformal,7193,,,,,,0.9,0.9046295009036563,0.0046295009036563,1.6403447796468789,0.3596552203531211,0.6403447796468789,0.0,0.9126322900247692,0.8917151162790697,0.3596552203531211,0.2651720139157325,0.6403447796468789,2587.0,0.0,0.0046295009036563,4441.0,2752.0,0.8976239971077404,0.9112030464372558,0.9039667684327838,0.920584575851248,0.8795546476014698,0.9027835355691308,0.2485191562889641,0.2825212337497815,0.1082848837209302,0.0873677099752308,split_cp,0.1,0.548790753016463,,,,,,,,,
,,,,,,,,,temporal_J,logistic,42,none,conformal,7193,,,,,,0.9,0.9082441262338384,0.0082441262338384,1.6472959822049211,0.3527040177950785,0.6472959822049215,0.0,0.918712001801396,0.8913517441860465,0.3527040177950785,0.260149783208514,0.6472959822049215,2537.0,0.0,0.0082441262338384,4441.0,2752.0,0.9013531269069964,0.9146993085404804,0.9103081494805456,0.9263921095623776,0.8791747431975068,0.9024377088198744,0.2434499725170003,0.2775748455506101,0.1086482558139534,0.0812879981986039,mondrian_cp,0.1,0.548790753016463,,,,,,,,,
,,,,,,,,,temporal_J,logistic,42,none,conformal,7193,,,,,,0.95,0.9566244960378144,0.0066244960378145,1.787432225775059,0.2125677742249409,0.7874322257750591,0.0,0.9657734744426932,0.9418604651162792,0.2125677742249409,0.2040549378678875,0.7874322257750591,1529.0,0.0,0.0066244960378145,4441.0,2752.0,0.9516682589513789,0.9610932681139158,0.9600108992494416,0.9707309592234206,0.9324861047733258,0.9500029775415634,0.1846079310138488,0.2249852824315453,0.0581395348837209,0.0342265255573069,split_cp,0.05,0.548790753016463,,,,,,,,,
,,,,,,,,,temporal_J,logistic,42,none,conformal,7193,,,,,,0.95,0.9574586403447796,0.0074586403447797,1.7942444042819408,0.2057555957180592,0.7942444042819408,0.0,0.9657734744426932,0.9440406976744186,0.2057555957180592,0.2067567567567567,0.7942444042819408,1480.0,0.0,0.0074586403447797,4441.0,2752.0,0.9525453160909184,0.961883609105718,0.9600108992494416,0.9707309592234206,0.934818152807201,0.9520253164270048,0.1868962419419681,0.2281356033807414,0.0559593023255814,0.0342265255573069,mondrian_cp,0.05,0.548790753016463,,,,,,,,,
0.6701985872263213,0.5604345865972473,0.5840147662223483,0.5910619792839451,0.2152392665919791,0.619567542270036,0.0117962451946513,1.0380535383612013,0.0292851551991122,temporal_J,logistic,42,platt,probability,7193,5513.0,920.0,919.0,12.0,total_clicks|active_days|active_weeks|unique_content|days_since_last_activity|days_to_first_activity|clicks_per_active_day|zero_activity|actions_week_1|actions_week_2|actions_week_3|actions_week_4,,,,,,,,,,,,,,,,,,,,,,,,,,,,,,,,,,,,,,,
,,,,,,,,,temporal_J,logistic,42,platt,conformal,7193,,,,,,0.8,0.800500486584179,0.000500486584179,1.3183650771583484,0.6816349228416516,0.3183650771583484,0.0,0.9732042332807926,0.5218023255813954,0.6816349228416516,0.2926779522741179,0.3183650771583484,4903.0,0.0,0.000500486584179,4441.0,2752.0,0.7911059926862679,0.8095741841295744,0.9680302917742696,0.9775602402927934,0.5031219581364168,0.5404219110567521,0.2801085725792961,0.3055719477592172,0.4781976744186046,0.0267957667192073,split_cp,0.2,0.548790753016463,,,,,,,,,
,,,,,,,,,temporal_J,logistic,42,platt,conformal,7193,,,,,,0.8,0.8011956068399834,0.0011956068399833,1.38398442930627,0.61601557069373,0.3839844293062699,0.0,0.8077009682503941,0.7906976744186046,0.61601557069373,0.322726246896863,0.3839844293062699,4431.0,0.0,0.0011956068399833,4441.0,2752.0,0.7918128317192824,0.8102568435393448,0.7958459783811903,0.8190240963604901,0.7750986146580264,0.8054863079175584,0.3091192654207167,0.3366403373548562,0.2093023255813953,0.1922990317496059,mondrian_cp,0.2,0.548790753016463,,,,,,,,,
,,,,,,,,,temporal_J,logistic,42,platt,conformal,7193,,,,,,0.85,0.8438759905463645,0.0061240094536354,1.4348672320311413,0.5651327679688586,0.4348672320311413,0.0,0.985588831344292,0.6151889534883721,0.5651327679688586,0.276260762607626,0.4348672320311413,4065.0,0.0061240094536354,0.0,4441.0,2752.0,0.8353045002532199,0.8520803793923902,0.9816404921573472,0.988697829233384,0.5968621091752081,0.6331946663953675,0.2627311138279445,0.2902128830297713,0.3848110465116279,0.0144111686557081,split_cp,0.15,0.548790753016463,,,,,,,,,
,,,,,,,,,temporal_J,logistic,42,platt,conformal,7193,,,,,,0.85,0.8637564298623662,0.0137564298623662,1.541081607118031,0.4589183928819685,0.5410816071180314,0.0,0.8666966899346994,0.8590116279069767,0.4589183928819685,0.2968797334141169,0.5410816071180314,3301.0,0.0,0.0137564298623662,4441.0,2752.0,0.8556343146436264,0.8714902204656273,0.8563822514400825,0.876377292443435,0.8455084748925259,0.8715139044883216,0.2815372595002948,0.312694410396958,0.1409883720930232,0.1333033100653006,mondrian_cp,0.15,0.548790753016463,,,,,,,,,
,,,,,,,,,temporal_J,logistic,42,platt,conformal,7193,,,,,,0.9,0.9072709578757124,0.0072709578757125,1.60294730988461,0.3970526901153899,0.60294730988461,0.0,0.9869398784057644,0.7787063953488372,0.3970526901153899,0.2335434173669467,0.60294730988461,2856.0,0.0,0.0072709578757125,4441.0,2752.0,0.9003488292396209,0.9137583083879576,0.9831549776982476,0.9898831025277924,0.7628144356709703,0.7938213588483718,0.2183910269110961,0.2494116391053537,0.2212936046511628,0.0130601215942355,split_cp,0.1,0.548790753016463,,,,,,,,,
,,,,,,,,,temporal_J,logistic,42,platt,conformal,7193,,,,,,0.9,0.9082441262338384,0.0082441262338384,1.6472959822049211,0.3527040177950785,0.6472959822049215,0.0,0.918712001801396,0.8913517441860465,0.3527040177950785,0.260149783208514,0.6472959822049215,2537.0,0.0,0.0082441262338384,4441.0,2752.0,0.9013531269069964,0.9146993085404804,0.9103081494805456,0.9263921095623776,0.8791747431975068,0.9024377088198744,0.2434499725170003,0.2775748455506101,0.1086482558139534,0.0812879981986039,mondrian_cp,0.1,0.548790753016463,,,,,,,,,
,,,,,,,,,temporal_J,logistic,42,platt,conformal,7193,,,,,,0.95,0.9514806061448632,0.0014806061448631,1.766995690254414,0.2330043097455859,0.766995690254414,0.0,1.0,0.8731831395348837,0.2330043097455859,0.2082338902147971,0.766995690254414,1676.0,0.0,0.0014806061448631,4441.0,2752.0,0.9462697388580398,0.956209499730648,0.999135748967363,1.0000000000000002,0.8602280416394203,0.8850978527169868,0.189472373578615,0.2283298274180258,0.1268168604651162,0.0,split_cp,0.05,0.548790753016463,,,,,,,,,
,,,,,,,,,temporal_J,logistic,42,platt,conformal,7193,,,,,,0.95,0.9574586403447796,0.0074586403447797,1.7942444042819408,0.2057555957180592,0.7942444042819408,0.0,0.9657734744426932,0.9440406976744186,0.2057555957180592,0.2067567567567567,0.7942444042819408,1480.0,0.0,0.0074586403447797,4441.0,2752.0,0.9525453160909184,0.961883609105718,0.9600108992494416,0.9707309592234206,0.934818152807201,0.9520253164270048,0.1868962419419681,0.2281356033807414,0.0559593023255814,0.0342265255573069,mondrian_cp,0.05,0.548790753016463,,,,,,,,,
0.6663141223692548,0.5370739216480924,0.6035812741308353,0.603336444756314,0.2164760494972513,0.627050049773211,0.0305274402068815,0.8540582426075416,-0.0551710980481151,temporal_J,logistic,42,isotonic,probability,7193,5513.0,920.0,919.0,12.0,total_clicks|active_days|active_weeks|unique_content|days_since_last_activity|days_to_first_activity|clicks_per_active_day|zero_activity|actions_week_1|actions_week_2|actions_week_3|actions_week_4,,,,,,,,,,,,,,,,,,,,,,,,,,,,,,,,,,,,,,,
,,,,,,,,,temporal_J,logistic,42,isotonic,conformal,7193,,,,,,0.8,0.8451272070068122,0.0451272070068121,1.4286111497289031,0.5713888502710969,0.4286111497289031,0.0,0.9682503940553928,0.6464389534883721,0.5713888502710969,0.2710462287104623,0.4286111497289031,4110.0,0.0,0.0451272070068121,4441.0,2752.0,0.836582508959642,0.8533034678829806,0.9626753887435328,0.9730160275940628,0.6283845347889913,0.6640851199584598,0.2576753315559053,0.2848447147709387,0.3535610465116279,0.031749605944607,split_cp,0.2,0.548790753016463,,,,,,,,,
,,,,,,,,,temporal_J,logistic,42,isotonic,conformal,7193,,,,,,0.8,0.8320589461976922,0.0320589461976921,1.4822744334769915,0.5177255665230085,0.4822744334769915,0.0,0.8128799819860392,0.8630087209302325,0.5177255665230085,0.3243823845327604,0.4822744334769915,3724.0,0.0,0.0320589461976921,4441.0,2752.0,0.8232434872969289,0.8405199188213407,0.80114087911671,0.8240782711603226,0.8496554026383933,0.8753500194278683,0.3095343584248497,0.3395923508387499,0.1369912790697674,0.1871200180139608,mondrian_cp,0.2,0.548790753016463,,,,,,,,,
,,,,,,,,,temporal_J,logistic,42,isotonic,conformal,7193,,,,,,0.8,0.8320589461976922,0.0320589461976921,1.4822744334769915,0.5177255665230085,0.4822744334769915,0.0,0.8128799819860392,0.8630087209302325,0.5177255665230085,0.3243823845327604,0.4822744334769915,3724.0,0.0,0.0320589461976921,4441.0,2752.0,0.8232434872969289,0.8405199188213407,0.80114087911671,0.8240782711603226,0.8496554026383933,0.8753500194278683,0.3095343584248497,0.3395923508387499,0.1369912790697674,0.1871200180139608,empirical_mondrian,0.2,0.548790753016463,,,,,,,,,
,,,,,,,,,temporal_J,logistic,42,isotonic,conformal,7193,,,,,,0.8,0.8320589461976922,0.0320589461976921,1.4822744334769915,0.5177255665230085,0.4822744334769915,0.0,0.8128799819860392,0.8630087209302325,0.5177255665230085,0.3243823845327604,0.4822744334769915,3724.0,0.0,0.0320589461976921,4441.0,2752.0,0.8232434872969289,0.8405199188213407,0.80114087911671,0.8240782711603226,0.8496554026383933,0.8753500194278683,0.3095343584248497,0.3395923508387499,0.1369912790697674,0.1871200180139608,weighted_cap5,0.2,0.548790753016463,0.3892259707523404,1.0052138954558736,0.9950554379361112,2.1402496820349843,1.4699782647355188,880.288084916071,5.0,524.9623600900213,355.36933790734724
,,,,,,,,,temporal_J,logistic,42,isotonic,conformal,7193,,,,,,0.8,0.8320589461976922,0.0320589461976921,1.4822744334769915,0.5177255665230085,0.4822744334769915,0.0,0.8128799819860392,0.8630087209302325,0.5177255665230085,0.3243823845327604,0.4822744334769915,3724.0,0.0,0.0320589461976921,4441.0,2752.0,0.8232434872969289,0.8405199188213407,0.80114087911671,0.8240782711603226,0.8496554026383933,0.8753500194278683,0.3095343584248497,0.3395923508387499,0.1369912790697674,0.1871200180139608,weighted_cap10,0.2,0.548790753016463,0.3892259707523404,1.0052138954558736,0.9950554379361112,2.1402496820349843,1.4699782647355188,880.288084916071,10.0,524.9623600900213,355.36933790734724
,,,,,,,,,temporal_J,logistic,42,isotonic,conformal,7193,,,,,,0.8,0.8320589461976922,0.0320589461976921,1.4822744334769915,0.5177255665230085,0.4822744334769915,0.0,0.8128799819860392,0.8630087209302325,0.5177255665230085,0.3243823845327604,0.4822744334769915,3724.0,0.0,0.0320589461976921,4441.0,2752.0,0.8232434872969289,0.8405199188213407,0.80114087911671,0.8240782711603226,0.8496554026383933,0.8753500194278683,0.3095343584248497,0.3395923508387499,0.1369912790697674,0.1871200180139608,weighted_cap20,0.2,0.548790753016463,0.3892259707523404,1.0052138954558736,0.9950554379361112,2.1402496820349843,1.4699782647355188,880.288084916071,20.0,524.9623600900213,355.36933790734724
,,,,,,,,,temporal_J,logistic,42,isotonic,conformal,7193,,,,,,0.8,0.8320589461976922,0.0320589461976921,1.4822744334769915,0.5177255665230085,0.4822744334769915,0.0,0.8128799819860392,0.8630087209302325,0.5177255665230085,0.3243823845327604,0.4822744334769915,3724.0,0.0,0.0320589461976921,4441.0,2752.0,0.8232434872969289,0.8405199188213407,0.80114087911671,0.8240782711603226,0.8496554026383933,0.8753500194278683,0.3095343584248497,0.3395923508387499,0.1369912790697674,0.1871200180139608,weighted_p99,0.2,0.548790753016463,0.3892259707523404,1.0052138954558736,0.991551192288501,1.4699782647355188,1.4699782647355188,884.2577401093829,1.4699782647355188,527.4901073054687,356.80166628979566
,,,,,,,,,temporal_J,logistic,42,isotonic,conformal,7193,,,,,,0.85,0.9279855414986792,0.0779855414986793,1.6744056721812874,0.3255943278187126,0.6744056721812873,0.0,0.9682503940553928,0.8630087209302325,0.3255943278187126,0.2211784799316823,0.6744056721812873,2342.0,0.0,0.0779855414986793,4441.0,2752.0,0.9217802087178484,0.933733982504715,0.9626753887435328,0.9730160275940628,0.8496554026383933,0.8753500194278683,0.2048335078781973,0.2384366265593809,0.1369912790697674,0.031749605944607,split_cp,0.15,0.548790753016463,,,,,,,,,
,,,,,,,,,temporal_J,logistic,42,isotonic,conformal,7193,,,,,,0.85,0.8843319894341721,0.0343319894341721,1.5794522452384263,0.4205477547615737,0.5794522452384262,0.0,0.8975455978383247,0.8630087209302325,0.4205477547615737,0.2750413223140496,0.5794522452384262,3025.0,0.0,0.0343319894341721,4441.0,2752.0,0.8767348993635625,0.8915187896521194,0.8882805608628885,0.9061234764268566,0.8496554026383933,0.8753500194278683,0.2594215760095439,0.2912316957104235,0.1369912790697674,0.1024544021616753,mondrian_cp,0.15,0.548790753016463,,,,,,,,,
,,,,,,,,,temporal_J,logistic,42,isotonic,conformal,7193,,,,,,0.85,0.8843319894341721,0.0343319894341721,1.5794522452384263,0.4205477547615737,0.5794522452384262,0.0,0.8975455978383247,0.8630087209302325,0.4205477547615737,0.2750413223140496,0.5794522452384262,3025.0,0.0,0.0343319894341721,4441.0,2752.0,0.8767348993635625,0.8915187896521194,0.8882805608628885,0.9061234764268566,0.8496554026383933,0.8753500194278683,0.2594215760095439,0.2912316957104235,0.1369912790697674,0.1024544021616753,empirical_mondrian,0.15,0.548790753016463,,,,,,,,,
,,,,,,,,,temporal_J,logistic,42,isotonic,conformal,7193,,,,,,0.85,0.8843319894341721,0.0343319894341721,1.5794522452384263,0.4205477547615737,0.5794522452384262,0.0,0.8975455978383247,0.8630087209302325,0.4205477547615737,0.2750413223140496,0.5794522452384262,3025.0,0.0,0.0343319894341721,4441.0,2752.0,0.8767348993635625,0.8915187896521194,0.8882805608628885,0.9061234764268566,0.8496554026383933,0.8753500194278683,0.2594215760095439,0.2912316957104235,0.1369912790697674,0.1024544021616753,weighted_cap5,0.15,0.548790753016463,0.3892259707523404,1.0052138954558736,0.9950554379361112,2.1402496820349843,1.4699782647355188,880.288084916071,5.0,524.9623600900213,355.36933790734724
,,,,,,,,,temporal_J,logistic,42,isotonic,conformal,7193,,,,,,0.85,0.8843319894341721,0.0343319894341721,1.5794522452384263,0.4205477547615737,0.5794522452384262,0.0,0.8975455978383247,0.8630087209302325,0.4205477547615737,0.2750413223140496,0.5794522452384262,3025.0,0.0,0.0343319894341721,4441.0,2752.0,0.8767348993635625,0.8915187896521194,0.8882805608628885,0.9061234764268566,0.8496554026383933,0.8753500194278683,0.2594215760095439,0.2912316957104235,0.1369912790697674,0.1024544021616753,weighted_cap10,0.15,0.548790753016463,0.3892259707523404,1.0052138954558736,0.9950554379361112,2.1402496820349843,1.4699782647355188,880.288084916071,10.0,524.9623600900213,355.36933790734724
,,,,,,,,,temporal_J,logistic,42,isotonic,conformal,7193,,,,,,0.85,0.8843319894341721,0.0343319894341721,1.5794522452384263,0.4205477547615737,0.5794522452384262,0.0,0.8975455978383247,0.8630087209302325,0.4205477547615737,0.2750413223140496,0.5794522452384262,3025.0,0.0,0.0343319894341721,4441.0,2752.0,0.8767348993635625,0.8915187896521194,0.8882805608628885,0.9061234764268566,0.8496554026383933,0.8753500194278683,0.2594215760095439,0.2912316957104235,0.1369912790697674,0.1024544021616753,weighted_cap20,0.15,0.548790753016463,0.3892259707523404,1.0052138954558736,0.9950554379361112,2.1402496820349843,1.4699782647355188,880.288084916071,20.0,524.9623600900213,355.36933790734724
,,,,,,,,,temporal_J,logistic,42,isotonic,conformal,7193,,,,,,0.85,0.8843319894341721,0.0343319894341721,1.5794522452384263,0.4205477547615737,0.5794522452384262,0.0,0.8975455978383247,0.8630087209302325,0.4205477547615737,0.2750413223140496,0.5794522452384262,3025.0,0.0,0.0343319894341721,4441.0,2752.0,0.8767348993635625,0.8915187896521194,0.8882805608628885,0.9061234764268566,0.8496554026383933,0.8753500194278683,0.2594215760095439,0.2912316957104235,0.1369912790697674,0.1024544021616753,weighted_p99,0.15,0.548790753016463,0.3892259707523404,1.0052138954558736,0.991551192288501,1.4699782647355188,1.4699782647355188,884.2577401093829,1.4699782647355188,527.4901073054687,356.80166628979566
,,,,,,,,,temporal_J,logistic,42,isotonic,conformal,7193,,,,,,0.9,0.9279855414986792,0.0279855414986792,1.6744056721812874,0.3255943278187126,0.6744056721812873,0.0,0.9682503940553928,0.8630087209302325,0.3255943278187126,0.2211784799316823,0.6744056721812873,2342.0,0.0,0.0279855414986792,4441.0,2752.0,0.9217802087178484,0.933733982504715,0.9626753887435328,0.9730160275940628,0.8496554026383933,0.8753500194278683,0.2048335078781973,0.2384366265593809,0.1369912790697674,0.031749605944607,split_cp,0.1,0.548790753016463,,,,,,,,,
,,,,,,,,,temporal_J,logistic,42,isotonic,conformal,7193,,,,,,0.9,0.9535659669122758,0.0535659669122757,1.80884192965383,0.1911580703461698,0.8088419296538301,0.0,0.9466336410718308,0.9647529069767442,0.1911580703461698,0.2429090909090909,0.8088419296538301,1375.0,0.0,0.0535659669122757,4441.0,2752.0,0.9484563379131268,0.958191396003915,0.939628757666776,0.9528665173058718,0.9571898705186166,0.9710202744491,0.2209786881888353,0.2662720066048298,0.0352470930232558,0.0533663589281693,mondrian_cp,0.1,0.548790753016463,,,,,,,,,
,,,,,,,,,temporal_J,logistic,42,isotonic,conformal,7193,,,,,,0.9,0.9535659669122758,0.0535659669122757,1.80884192965383,0.1911580703461698,0.8088419296538301,0.0,0.9466336410718308,0.9647529069767442,0.1911580703461698,0.2429090909090909,0.8088419296538301,1375.0,0.0,0.0535659669122757,4441.0,2752.0,0.9484563379131268,0.958191396003915,0.939628757666776,0.9528665173058718,0.9571898705186166,0.9710202744491,0.2209786881888353,0.2662720066048298,0.0352470930232558,0.0533663589281693,empirical_mondrian,0.1,0.548790753016463,,,,,,,,,
,,,,,,,,,temporal_J,logistic,42,isotonic,conformal,7193,,,,,,0.9,0.9535659669122758,0.0535659669122757,1.80884192965383,0.1911580703461698,0.8088419296538301,0.0,0.9466336410718308,0.9647529069767442,0.1911580703461698,0.2429090909090909,0.8088419296538301,1375.0,0.0,0.0535659669122757,4441.0,2752.0,0.9484563379131268,0.958191396003915,0.939628757666776,0.9528665173058718,0.9571898705186166,0.9710202744491,0.2209786881888353,0.2662720066048298,0.0352470930232558,0.0533663589281693,weighted_cap5,0.1,0.548790753016463,0.3892259707523404,1.0052138954558736,0.9950554379361112,2.1402496820349843,1.4699782647355188,880.288084916071,5.0,524.9623600900213,355.36933790734724
,,,,,,,,,temporal_J,logistic,42,isotonic,conformal,7193,,,,,,0.9,0.9535659669122758,0.0535659669122757,1.80884192965383,0.1911580703461698,0.8088419296538301,0.0,0.9466336410718308,0.9647529069767442,0.1911580703461698,0.2429090909090909,0.8088419296538301,1375.0,0.0,0.0535659669122757,4441.0,2752.0,0.9484563379131268,0.958191396003915,0.939628757666776,0.9528665173058718,0.9571898705186166,0.9710202744491,0.2209786881888353,0.2662720066048298,0.0352470930232558,0.0533663589281693,weighted_cap10,0.1,0.548790753016463,0.3892259707523404,1.0052138954558736,0.9950554379361112,2.1402496820349843,1.4699782647355188,880.288084916071,10.0,524.9623600900213,355.36933790734724
,,,,,,,,,temporal_J,logistic,42,isotonic,conformal,7193,,,,,,0.9,0.9535659669122758,0.0535659669122757,1.80884192965383,0.1911580703461698,0.8088419296538301,0.0,0.9466336410718308,0.9647529069767442,0.1911580703461698,0.2429090909090909,0.8088419296538301,1375.0,0.0,0.0535659669122757,4441.0,2752.0,0.9484563379131268,0.958191396003915,0.939628757666776,0.9528665173058718,0.9571898705186166,0.9710202744491,0.2209786881888353,0.2662720066048298,0.0352470930232558,0.0533663589281693,weighted_cap20,0.1,0.548790753016463,0.3892259707523404,1.0052138954558736,0.9950554379361112,2.1402496820349843,1.4699782647355188,880.288084916071,20.0,524.9623600900213,355.36933790734724
,,,,,,,,,temporal_J,logistic,42,isotonic,conformal,7193,,,,,,0.9,0.9535659669122758,0.0535659669122757,1.80884192965383,0.1911580703461698,0.8088419296538301,0.0,0.9466336410718308,0.9647529069767442,0.1911580703461698,0.2429090909090909,0.8088419296538301,1375.0,0.0,0.0535659669122757,4441.0,2752.0,0.9484563379131268,0.958191396003915,0.939628757666776,0.9528665173058718,0.9571898705186166,0.9710202744491,0.2209786881888353,0.2662720066048298,0.0352470930232558,0.0533663589281693,weighted_p99,0.1,0.548790753016463,0.3892259707523404,1.0052138954558736,0.991551192288501,1.4699782647355188,1.4699782647355188,884.2577401093829,1.4699782647355188,527.4901073054687,356.80166628979566
,,,,,,,,,temporal_J,logistic,42,isotonic,conformal,7193,,,,,,0.95,0.9865146670373974,0.0365146670373974,1.9131099680244683,0.0868900319755317,0.9131099680244682,0.0,1.0,0.9647529069767442,0.0868900319755317,0.1552,0.9131099680244682,625.0,0.0,0.0365146670373974,4441.0,2752.0,0.9835775864351114,0.988932373669927,0.999135748967363,1.0000000000000002,0.9571898705186166,0.9710202744491,0.1289271318477061,0.185685487987695,0.0352470930232558,0.0,split_cp,0.05,0.548790753016463,,,,,,,,,
,,,,,,,,,temporal_J,logistic,42,isotonic,conformal,7193,,,,,,0.95,0.9666342277213958,0.0166342277213958,1.838732100653413,0.1612678993465869,0.8387321006534131,0.0,0.967800045034902,0.9647529069767442,0.1612678993465869,0.2068965517241379,0.8387321006534131,1160.0,0.0,0.0166342277213958,4441.0,2752.0,0.9622285362041464,0.9705417684372488,0.9621903461119532,0.9726011506138728,0.9571898705186166,0.9710202744491,0.1845714073487465,0.2311565727413978,0.0352470930232558,0.0321999549650979,mondrian_cp,0.05,0.548790753016463,,,,,,,,,
,,,,,,,,,temporal_J,logistic,42,isotonic,conformal,7193,,,,,,0.95,0.9666342277213958,0.0166342277213958,1.838732100653413,0.1612678993465869,0.8387321006534131,0.0,0.967800045034902,0.9647529069767442,0.1612678993465869,0.2068965517241379,0.8387321006534131,1160.0,0.0,0.0166342277213958,4441.0,2752.0,0.9622285362041464,0.9705417684372488,0.9621903461119532,0.9726011506138728,0.9571898705186166,0.9710202744491,0.1845714073487465,0.2311565727413978,0.0352470930232558,0.0321999549650979,empirical_mondrian,0.05,0.548790753016463,,,,,,,,,
,,,,,,,,,temporal_J,logistic,42,isotonic,conformal,7193,,,,,,0.95,0.9666342277213958,0.0166342277213958,1.838732100653413,0.1612678993465869,0.8387321006534131,0.0,0.967800045034902,0.9647529069767442,0.1612678993465869,0.2068965517241379,0.8387321006534131,1160.0,0.0,0.0166342277213958,4441.0,2752.0,0.9622285362041464,0.9705417684372488,0.9621903461119532,0.9726011506138728,0.9571898705186166,0.9710202744491,0.1845714073487465,0.2311565727413978,0.0352470930232558,0.0321999549650979,weighted_cap5,0.05,0.548790753016463,0.3892259707523404,1.0052138954558736,0.9950554379361112,2.1402496820349843,1.4699782647355188,880.288084916071,5.0,524.9623600900213,355.36933790734724
,,,,,,,,,temporal_J,logistic,42,isotonic,conformal,7193,,,,,,0.95,0.9666342277213958,0.0166342277213958,1.838732100653413,0.1612678993465869,0.8387321006534131,0.0,0.967800045034902,0.9647529069767442,0.1612678993465869,0.2068965517241379,0.8387321006534131,1160.0,0.0,0.0166342277213958,4441.0,2752.0,0.9622285362041464,0.9705417684372488,0.9621903461119532,0.9726011506138728,0.9571898705186166,0.9710202744491,0.1845714073487465,0.2311565727413978,0.0352470930232558,0.0321999549650979,weighted_cap10,0.05,0.548790753016463,0.3892259707523404,1.0052138954558736,0.9950554379361112,2.1402496820349843,1.4699782647355188,880.288084916071,10.0,524.9623600900213,355.36933790734724
,,,,,,,,,temporal_J,logistic,42,isotonic,conformal,7193,,,,,,0.95,0.9666342277213958,0.0166342277213958,1.838732100653413,0.1612678993465869,0.8387321006534131,0.0,0.967800045034902,0.9647529069767442,0.1612678993465869,0.2068965517241379,0.8387321006534131,1160.0,0.0,0.0166342277213958,4441.0,2752.0,0.9622285362041464,0.9705417684372488,0.9621903461119532,0.9726011506138728,0.9571898705186166,0.9710202744491,0.1845714073487465,0.2311565727413978,0.0352470930232558,0.0321999549650979,weighted_cap20,0.05,0.548790753016463,0.3892259707523404,1.0052138954558736,0.9950554379361112,2.1402496820349843,1.4699782647355188,880.288084916071,20.0,524.9623600900213,355.36933790734724
,,,,,,,,,temporal_J,logistic,42,isotonic,conformal,7193,,,,,,0.95,0.9666342277213958,0.0166342277213958,1.838732100653413,0.1612678993465869,0.8387321006534131,0.0,0.967800045034902,0.9647529069767442,0.1612678993465869,0.2068965517241379,0.8387321006534131,1160.0,0.0,0.0166342277213958,4441.0,2752.0,0.9622285362041464,0.9705417684372488,0.9621903461119532,0.9726011506138728,0.9571898705186166,0.9710202744491,0.1845714073487465,0.2311565727413978,0.0352470930232558,0.0321999549650979,weighted_p99,0.05,0.548790753016463,0.3892259707523404,1.0052138954558736,0.991551192288501,1.4699782647355188,1.4699782647355188,884.2577401093829,1.4699782647355188,527.4901073054687,356.80166628979566
0.6635422748778559,0.5401514044317401,0.5975187131650527,0.5970189987720135,0.218664045168228,0.6269866528303203,0.0260131615246452,0.8099230489212842,-0.1456679332777413,temporal_J,catboost,42,none,probability,7193,5513.0,920.0,919.0,12.0,total_clicks|active_days|active_weeks|unique_content|days_since_last_activity|days_to_first_activity|clicks_per_active_day|zero_activity|actions_week_1|actions_week_2|actions_week_3|actions_week_4,,,,,,,,,,,,,,,,,,,,,,,,,,,,,,,,,,,,,,,
,,,,,,,,,temporal_J,catboost,42,none,conformal,7193,,,,,,0.8,0.8152370360072293,0.0152370360072292,1.368274711525094,0.6317252884749062,0.3682747115250938,0.0,0.9288448547624408,0.6319040697674418,0.6317252884749062,0.2924735915492957,0.3682747115250938,4544.0,0.0,0.0152370360072292,4441.0,2752.0,0.8061006193008133,0.8240369245020656,0.9209073550077436,0.936041095299999,0.6137128586750875,0.6497275499435842,0.2794268507235026,0.3058709181021808,0.3680959302325581,0.0711551452375591,split_cp,0.2,0.548790753016463,,,,,,,,,
,,,,,,,,,temporal_J,catboost,42,none,conformal,7193,,,,,,0.8,0.801473654942305,0.001473654942305,1.3983039065758376,0.6016960934241624,0.3983039065758376,0.0,0.8022967800045034,0.8001453488372093,0.6016960934241624,0.3299445471349353,0.3983039065758376,4328.0,0.0,0.001473654942305,4441.0,2752.0,0.7920955796034034,0.8105298950323377,0.790324291482033,0.8137467479184104,0.7847910110783337,0.8146629214809579,0.3160926171686835,0.3440980860246094,0.1998546511627907,0.1977032199954965,mondrian_cp,0.2,0.548790753016463,,,,,,,,,
,,,,,,,,,temporal_J,catboost,42,none,conformal,7193,,,,,,0.85,0.8718198248296956,0.0218198248296955,1.5095231475045183,0.4904768524954817,0.5095231475045183,0.0,0.9614951587480296,0.7271075581395349,0.4904768524954817,0.2613378684807256,0.5095231475045183,3528.0,0.0,0.0218198248296955,4441.0,2752.0,0.8638955441555531,0.8793471728900035,0.9554257229285208,0.9667668992325286,0.7101570608692526,0.7434249098929232,0.2471050212323326,0.2760898844183023,0.2728924418604651,0.0385048412519702,split_cp,0.15,0.548790753016463,,,,,,,,,
,,,,,,,,,temporal_J,catboost,42,none,conformal,7193,,,,,,0.85,0.8587515640205755,0.0087515640205755,1.5348255248157932,0.4651744751842068,0.5348255248157932,0.0,0.8725512272010808,0.8364825581395349,0.4651744751842068,0.3036461446503287,0.5348255248157932,3346.0,0.0,0.0087515640205755,4441.0,2752.0,0.8505113745407866,0.8666087717804167,0.8624204161680076,0.8820380826685166,0.8221975383271238,0.8498295095541157,0.2882980296744038,0.3194446004909677,0.1635174418604651,0.1274487727989191,mondrian_cp,0.15,0.548790753016463,,,,,,,,,
,,,,,,,,,temporal_J,catboost,42,none,conformal,7193,,,,,,0.9,0.904907549005978,0.004907549005978,1.6075351035729182,0.3924648964270819,0.6075351035729181,0.0,0.9714028371988292,0.7976017441860465,0.3924648964270819,0.2422954303931987,0.6075351035729181,2823.0,0.0,0.004907549005978,4441.0,2752.0,0.897910745767391,0.9114720971547192,0.9660786872213928,0.9759121663985912,0.78218026922894,0.812193545257815,0.2268467382876396,0.2584445236400813,0.2023982558139535,0.0285971628011709,split_cp,0.1,0.548790753016463,,,,,,,,,
,,,,,,,,,temporal_J,catboost,42,none,conformal,7193,,,,,,0.9,0.9136660642291116,0.0136660642291116,1.685944668427638,0.314055331572362,0.685944668427638,0.0,0.9175861292501688,0.9073401162790696,0.314055331572362,0.2749003984063745,0.685944668427638,2259.0,0.0,0.0136660642291116,4441.0,2752.0,0.9069527470077128,0.9199377762934852,0.9091328577764104,0.9253176022370884,0.8959318325572687,0.9176127902017696,0.2568832362696706,0.2936818304805111,0.0926598837209302,0.0824138707498311,mondrian_cp,0.1,0.548790753016463,,,,,,,,,
,,,,,,,,,temporal_J,catboost,42,none,conformal,7193,,,,,,0.95,0.9512025580425414,0.0012025580425414,1.7779785902961212,0.2220214097038787,0.7779785902961213,0.0,0.9932447646926368,0.8833575581395349,0.2220214097038787,0.2197871008140263,0.7779785902961213,1597.0,0.0,0.0012025580425414,4441.0,2752.0,0.9459783863188764,0.9559450528926976,0.9903729710253196,0.995263983765497,0.8708268412036732,0.8948195254428796,0.2001630648246909,0.2407559624353055,0.1166424418604651,0.0067552353073632,split_cp,0.05,0.548790753016463,,,,,,,,,
,,,,,,,,,temporal_J,catboost,42,none,conformal,7193,,,,,,0.95,0.95912692895871,0.0091269289587099,1.822049214514111,0.177950785485889,0.822049214514111,0.0,0.9603692861968024,0.9571220930232558,0.177950785485889,0.2296875,0.822049214514111,1280.0,0.0,0.0091269289587099,4441.0,2752.0,0.9543009043576532,0.9634628171016666,0.9542223418570176,0.9657204812746076,0.9488946258985674,0.96407516485154,0.2074732760294076,0.2535193603700628,0.0428779069767441,0.0396307138031974,mondrian_cp,0.05,0.548790753016463,,,,,,,,,
0.6635422748778559,0.5401514044317401,0.5748063876963722,0.584011979742149,0.217556625516579,0.6244511975073427,0.0074371849620686,1.024646298416071,0.0089613851376649,temporal_J,catboost,42,platt,probability,7193,5513.0,920.0,919.0,12.0,total_clicks|active_days|active_weeks|unique_content|days_since_last_activity|days_to_first_activity|clicks_per_active_day|zero_activity|actions_week_1|actions_week_2|actions_week_3|actions_week_4,,,,,,,,,,,,,,,,,,,,,,,,,,,,,,,,,,,,,,,
,,,,,,,,,temporal_J,catboost,42,platt,conformal,7193,,,,,,0.8,0.8046712081190046,0.0046712081190045,1.3388016126789934,0.6611983873210066,0.3388016126789934,0.0,0.9635217293402388,0.548328488372093,0.6611983873210066,0.2954163162321278,0.3388016126789934,4756.0,0.0,0.0046712081190045,4441.0,2752.0,0.7953476882686606,0.8136694792038902,0.9575951158370553,0.968647144576958,0.5296806991747256,0.5668415442034653,0.2826194685996261,0.3085433848618537,0.451671511627907,0.0364782706597613,split_cp,0.2,0.548790753016463,,,,,,,,,
,,,,,,,,,temporal_J,catboost,42,platt,conformal,7193,,,,,,0.8,0.801473654942305,0.001473654942305,1.3983039065758376,0.6016960934241624,0.3983039065758376,0.0,0.8022967800045034,0.8001453488372093,0.6016960934241624,0.3299445471349353,0.3983039065758376,4328.0,0.0,0.001473654942305,4441.0,2752.0,0.7920955796034034,0.8105298950323377,0.790324291482033,0.8137467479184104,0.7847910110783337,0.8146629214809579,0.3160926171686835,0.3440980860246094,0.1998546511627907,0.1977032199954965,mondrian_cp,0.2,0.548790753016463,,,,,,,,,
,,,,,,,,,temporal_J,catboost,42,platt,conformal,7193,,,,,,0.85,0.8663978868344223,0.0163978868344223,1.494786598081468,0.5052134019185319,0.4947865980814681,0.0,0.975906327403738,0.6896802325581395,0.5052134019185319,0.2644468904788112,0.4947865980814681,3634.0,0.0,0.0163978868344223,4441.0,2752.0,0.8583395212104001,0.8740651079814354,0.970968387143143,0.9800216625945384,0.6721415307205757,0.7066901312599935,0.2503616129433752,0.2790296430034983,0.3103197674418604,0.0240936725962621,split_cp,0.15,0.548790753016463,,,,,,,,,
,,,,,,,,,temporal_J,catboost,42,platt,conformal,7193,,,,,,0.85,0.8587515640205755,0.0087515640205755,1.5348255248157932,0.4651744751842068,0.5348255248157932,0.0,0.8725512272010808,0.8364825581395349,0.4651744751842068,0.3036461446503287,0.5348255248157932,3346.0,0.0,0.0087515640205755,4441.0,2752.0,0.8505113745407866,0.8666087717804167,0.8624204161680076,0.8820380826685166,0.8221975383271238,0.8498295095541157,0.2882980296744038,0.3194446004909677,0.1635174418604651,0.1274487727989191,mondrian_cp,0.15,0.548790753016463,,,,,,,,,
,,,,,,,,,temporal_J,catboost,42,platt,conformal,7193,,,,,,0.9,0.911441679410538,0.0114416794105379,1.6375642986236618,0.3624357013763381,0.6375642986236619,0.0,0.9939202882233732,0.778343023255814,0.3624357013763381,0.2443421557345608,0.6375642986236619,2607.0,0.0,0.0114416794105379,4441.0,2752.0,0.9046545773893576,0.9177895508949292,0.991168622293286,0.9958182119151854,0.7624424857088757,0.793467577657247,0.2282316565602619,0.2612049787067028,0.221656976744186,0.0060797117766268,split_cp,0.1,0.548790753016463,,,,,,,,,
,,,,,,,,,temporal_J,catboost,42,platt,conformal,7193,,,,,,0.9,0.9136660642291116,0.0136660642291116,1.685944668427638,0.314055331572362,0.685944668427638,0.0,0.9175861292501688,0.9073401162790696,0.314055331572362,0.2749003984063745,0.685944668427638,2259.0,0.0,0.0136660642291116,4441.0,2752.0,0.9069527470077128,0.9199377762934852,0.9091328577764104,0.9253176022370884,0.8959318325572687,0.9176127902017696,0.2568832362696706,0.2936818304805111,0.0926598837209302,0.0824138707498311,mondrian_cp,0.1,0.548790753016463,,,,,,,,,
,,,,,,,,,temporal_J,catboost,42,platt,conformal,7193,,,,,,0.95,0.9503684137355762,0.0003684137355762,1.7692200750729876,0.2307799249270123,0.7692200750729876,0.0,0.9981986039180364,0.8731831395348837,0.2307799249270123,0.2150602409638554,0.7692200750729876,1660.0,0.0,0.0003684137355762,4441.0,2752.0,0.9451045941187798,0.9551514469614524,0.9964491557074454,0.9990869148128386,0.8602280416394203,0.8850978527169868,0.1959651850208199,0.2354710284568087,0.1268168604651162,0.0018013960819635,split_cp,0.05,0.548790753016463,,,,,,,,,
,,,,,,,,,temporal_J,catboost,42,platt,conformal,7193,,,,,,0.95,0.95912692895871,0.0091269289587099,1.822049214514111,0.177950785485889,0.822049214514111,0.0,0.9603692861968024,0.9571220930232558,0.177950785485889,0.2296875,0.822049214514111,1280.0,0.0,0.0091269289587099,4441.0,2752.0,0.9543009043576532,0.9634628171016666,0.9542223418570176,0.9657204812746076,0.9488946258985674,0.96407516485154,0.2074732760294076,0.2535193603700628,0.0428779069767441,0.0396307138031974,mondrian_cp,0.05,0.548790753016463,,,,,,,,,
0.6622355754125143,0.5226129069848316,0.5994714281289468,0.5987310041735834,0.2185542315779782,0.6266995842054107,0.0233720052531268,0.8763490312694228,-0.06582692364515,temporal_J,catboost,42,isotonic,probability,7193,5513.0,920.0,919.0,12.0,total_clicks|active_days|active_weeks|unique_content|days_since_last_activity|days_to_first_activity|clicks_per_active_day|zero_activity|actions_week_1|actions_week_2|actions_week_3|actions_week_4,,,,,,,,,,,,,,,,,,,,,,,,,,,,,,,,,,,,,,,
,,,,,,,,,temporal_J,catboost,42,isotonic,conformal,7193,,,,,,0.8,0.8360906436813569,0.0360906436813568,1.4134575281523705,0.5865424718476296,0.4134575281523703,0.0,0.9691510920963748,0.6213662790697675,0.5865424718476296,0.279450106660346,0.4134575281523703,4219.0,0.0,0.0360906436813568,4441.0,2752.0,0.8273566193053603,0.8444658777810607,0.9636463010697506,0.9738449544913846,0.6030868957130691,0.6393073094622377,0.2661151354671009,0.2931863400565103,0.3786337209302325,0.0308489079036253,split_cp,0.2,0.548790753016463,,,,,,,,,
,,,,,,,,,temporal_J,catboost,42,isotonic,conformal,7193,,,,,,0.8,0.8199638537466982,0.0199638537466981,1.4496037814541916,0.5503962185458084,0.4496037814541915,0.0,0.815356901598739,0.8273982558139535,0.5503962185458084,0.3271028037383177,0.4496037814541915,3959.0,0.0,0.0199638537466981,4441.0,2752.0,0.8109146668038046,0.8286714664100107,0.8036743892860481,0.8264943188557179,0.8128253550875951,0.8410584139631575,0.3126624366459123,0.3418783734708259,0.1726017441860465,0.1846430984012609,mondrian_cp,0.2,0.548790753016463,,,,,,,,,
,,,,,,,,,temporal_J,catboost,42,isotonic,conformal,7193,,,,,,0.8,0.8199638537466982,0.0199638537466981,1.4496037814541916,0.5503962185458084,0.4496037814541915,0.0,0.815356901598739,0.8273982558139535,0.5503962185458084,0.3271028037383177,0.4496037814541915,3959.0,0.0,0.0199638537466981,4441.0,2752.0,0.8109146668038046,0.8286714664100107,0.8036743892860481,0.8264943188557179,0.8128253550875951,0.8410584139631575,0.3126624366459123,0.3418783734708259,0.1726017441860465,0.1846430984012609,empirical_mondrian,0.2,0.548790753016463,,,,,,,,,
,,,,,,,,,temporal_J,catboost,42,isotonic,conformal,7193,,,,,,0.8,0.8199638537466982,0.0199638537466981,1.4496037814541916,0.5503962185458084,0.4496037814541915,0.0,0.815356901598739,0.8273982558139535,0.5503962185458084,0.3271028037383177,0.4496037814541915,3959.0,0.0,0.0199638537466981,4441.0,2752.0,0.8109146668038046,0.8286714664100107,0.8036743892860481,0.8264943188557179,0.8128253550875951,0.8410584139631575,0.3126624366459123,0.3418783734708259,0.1726017441860465,0.1846430984012609,weighted_cap5,0.2,0.548790753016463,0.3892259707523404,1.0052138954558736,0.9950554379361112,2.1402496820349843,1.4699782647355188,880.288084916071,5.0,524.9623600900213,355.36933790734724
,,,,,,,,,temporal_J,catboost,42,isotonic,conformal,7193,,,,,,0.8,0.8199638537466982,0.0199638537466981,1.4496037814541916,0.5503962185458084,0.4496037814541915,0.0,0.815356901598739,0.8273982558139535,0.5503962185458084,0.3271028037383177,0.4496037814541915,3959.0,0.0,0.0199638537466981,4441.0,2752.0,0.8109146668038046,0.8286714664100107,0.8036743892860481,0.8264943188557179,0.8128253550875951,0.8410584139631575,0.3126624366459123,0.3418783734708259,0.1726017441860465,0.1846430984012609,weighted_cap10,0.2,0.548790753016463,0.3892259707523404,1.0052138954558736,0.9950554379361112,2.1402496820349843,1.4699782647355188,880.288084916071,10.0,524.9623600900213,355.36933790734724
,,,,,,,,,temporal_J,catboost,42,isotonic,conformal,7193,,,,,,0.8,0.8199638537466982,0.0199638537466981,1.4496037814541916,0.5503962185458084,0.4496037814541915,0.0,0.815356901598739,0.8273982558139535,0.5503962185458084,0.3271028037383177,0.4496037814541915,3959.0,0.0,0.0199638537466981,4441.0,2752.0,0.8109146668038046,0.8286714664100107,0.8036743892860481,0.8264943188557179,0.8128253550875951,0.8410584139631575,0.3126624366459123,0.3418783734708259,0.1726017441860465,0.1846430984012609,weighted_cap20,0.2,0.548790753016463,0.3892259707523404,1.0052138954558736,0.9950554379361112,2.1402496820349843,1.4699782647355188,880.288084916071,20.0,524.9623600900213,355.36933790734724
,,,,,,,,,temporal_J,catboost,42,isotonic,conformal,7193,,,,,,0.8,0.8199638537466982,0.0199638537466981,1.4496037814541916,0.5503962185458084,0.4496037814541915,0.0,0.815356901598739,0.8273982558139535,0.5503962185458084,0.3271028037383177,0.4496037814541915,3959.0,0.0,0.0199638537466981,4441.0,2752.0,0.8109146668038046,0.8286714664100107,0.8036743892860481,0.8264943188557179,0.8128253550875951,0.8410584139631575,0.3126624366459123,0.3418783734708259,0.1726017441860465,0.1846430984012609,weighted_p99,0.2,0.548790753016463,0.3892259707523404,1.0052138954558736,0.991551192288501,1.4699782647355188,1.4699782647355188,884.2577401093829,1.4699782647355188,527.4901073054687,356.80166628979566
,,,,,,,,,temporal_J,catboost,42,isotonic,conformal,7193,,,,,,0.85,0.8775198109272904,0.0275198109272903,1.5231475045182816,0.4768524954817183,0.5231475045182816,0.0,0.9738797568115288,0.7220203488372093,0.4768524954817183,0.2568513119533527,0.5231475045182816,3430.0,0.0,0.0275198109272903,4441.0,2752.0,0.8697413916815997,0.8848952125947915,0.9687635584029816,0.978176853081736,0.7049816152522357,0.7384401193648673,0.2425078819175644,0.2717387657500737,0.2779796511627907,0.026120243188471,split_cp,0.15,0.548790753016463,,,,,,,,,
,,,,,,,,,temporal_J,catboost,42,isotonic,conformal,7193,,,,,,0.85,0.9619074099819268,0.1119074099819269,1.814402891700264,0.1855971082997358,0.8144028917002641,0.0,0.9691510920963748,0.950218023255814,0.1855971082997358,0.2052434456928838,0.8144028917002641,1335.0,0.0,0.1119074099819269,4441.0,2752.0,0.957231529316518,0.9660901859139406,0.9636463010697506,0.9738449544913846,0.9414459979724984,0.9577349008664388,0.1844387285698895,0.2277396180035565,0.049781976744186,0.0308489079036253,mondrian_cp,0.15,0.548790753016463,,,,,,,,,
,,,,,,,,,temporal_J,catboost,42,isotonic,conformal,7193,,,,,,0.85,0.9619074099819268,0.1119074099819269,1.814402891700264,0.1855971082997358,0.8144028917002641,0.0,0.9691510920963748,0.950218023255814,0.1855971082997358,0.2052434456928838,0.8144028917002641,1335.0,0.0,0.1119074099819269,4441.0,2752.0,0.957231529316518,0.9660901859139406,0.9636463010697506,0.9738449544913846,0.9414459979724984,0.9577349008664388,0.1844387285698895,0.2277396180035565,0.049781976744186,0.0308489079036253,empirical_mondrian,0.15,0.548790753016463,,,,,,,,,
,,,,,,,,,temporal_J,catboost,42,isotonic,conformal,7193,,,,,,0.85,0.9619074099819268,0.1119074099819269,1.814402891700264,0.1855971082997358,0.8144028917002641,0.0,0.9691510920963748,0.950218023255814,0.1855971082997358,0.2052434456928838,0.8144028917002641,1335.0,0.0,0.1119074099819269,4441.0,2752.0,0.957231529316518,0.9660901859139406,0.9636463010697506,0.9738449544913846,0.9414459979724984,0.9577349008664388,0.1844387285698895,0.2277396180035565,0.049781976744186,0.0308489079036253,weighted_cap5,0.15,0.548790753016463,0.3892259707523404,1.0052138954558736,0.9950554379361112,2.1402496820349843,1.4699782647355188,880.288084916071,5.0,524.9623600900213,355.36933790734724
,,,,,,,,,temporal_J,catboost,42,isotonic,conformal,7193,,,,,,0.85,0.9619074099819268,0.1119074099819269,1.814402891700264,0.1855971082997358,0.8144028917002641,0.0,0.9691510920963748,0.950218023255814,0.1855971082997358,0.2052434456928838,0.8144028917002641,1335.0,0.0,0.1119074099819269,4441.0,2752.0,0.957231529316518,0.9660901859139406,0.9636463010697506,0.9738449544913846,0.9414459979724984,0.9577349008664388,0.1844387285698895,0.2277396180035565,0.049781976744186,0.0308489079036253,weighted_cap10,0.15,0.548790753016463,0.3892259707523404,1.0052138954558736,0.9950554379361112,2.1402496820349843,1.4699782647355188,880.288084916071,10.0,524.9623600900213,355.36933790734724
,,,,,,,,,temporal_J,catboost,42,isotonic,conformal,7193,,,,,,0.85,0.9619074099819268,0.1119074099819269,1.814402891700264,0.1855971082997358,0.8144028917002641,0.0,0.9691510920963748,0.950218023255814,0.1855971082997358,0.2052434456928838,0.8144028917002641,1335.0,0.0,0.1119074099819269,4441.0,2752.0,0.957231529316518,0.9660901859139406,0.9636463010697506,0.9738449544913846,0.9414459979724984,0.9577349008664388,0.1844387285698895,0.2277396180035565,0.049781976744186,0.0308489079036253,weighted_cap20,0.15,0.548790753016463,0.3892259707523404,1.0052138954558736,0.9950554379361112,2.1402496820349843,1.4699782647355188,880.288084916071,20.0,524.9623600900213,355.36933790734724
,,,,,,,,,temporal_J,catboost,42,isotonic,conformal,7193,,,,,,0.85,0.9619074099819268,0.1119074099819269,1.814402891700264,0.1855971082997358,0.8144028917002641,0.0,0.9691510920963748,0.950218023255814,0.1855971082997358,0.2052434456928838,0.8144028917002641,1335.0,0.0,0.1119074099819269,4441.0,2752.0,0.957231529316518,0.9660901859139406,0.9636463010697506,0.9738449544913846,0.9414459979724984,0.9577349008664388,0.1844387285698895,0.2277396180035565,0.049781976744186,0.0308489079036253,weighted_p99,0.15,0.548790753016463,0.3892259707523404,1.0052138954558736,0.991551192288501,1.4699782647355188,1.4699782647355188,884.2577401093829,1.4699782647355188,527.4901073054687,356.80166628979566
,,,,,,,,,temporal_J,catboost,42,isotonic,conformal,7193,,,,,,0.9,0.933963575698596,0.0339635756985958,1.707354372306409,0.292645627693591,0.707354372306409,0.0,1.0,0.8273982558139535,0.292645627693591,0.2256532066508313,0.707354372306409,2105.0,0.0,0.0339635756985958,4441.0,2752.0,0.9279896175142578,0.9394742603162546,0.999135748967363,1.0000000000000002,0.8128253550875951,0.8410584139631575,0.2083051452400117,0.2440007665349308,0.1726017441860465,0.0,split_cp,0.1,0.548790753016463,,,,,,,,,
,,,,,,,,,temporal_J,catboost,42,isotonic,conformal,7193,,,,,,0.9,0.9619074099819268,0.0619074099819269,1.814402891700264,0.1855971082997358,0.8144028917002641,0.0,0.9691510920963748,0.950218023255814,0.1855971082997358,0.2052434456928838,0.8144028917002641,1335.0,0.0,0.0619074099819269,4441.0,2752.0,0.957231529316518,0.9660901859139406,0.9636463010697506,0.9738449544913846,0.9414459979724984,0.9577349008664388,0.1844387285698895,0.2277396180035565,0.049781976744186,0.0308489079036253,mondrian_cp,0.1,0.548790753016463,,,,,,,,,
,,,,,,,,,temporal_J,catboost,42,isotonic,conformal,7193,,,,,,0.9,0.9619074099819268,0.0619074099819269,1.814402891700264,0.1855971082997358,0.8144028917002641,0.0,0.9691510920963748,0.950218023255814,0.1855971082997358,0.2052434456928838,0.8144028917002641,1335.0,0.0,0.0619074099819269,4441.0,2752.0,0.957231529316518,0.9660901859139406,0.9636463010697506,0.9738449544913846,0.9414459979724984,0.9577349008664388,0.1844387285698895,0.2277396180035565,0.049781976744186,0.0308489079036253,empirical_mondrian,0.1,0.548790753016463,,,,,,,,,
,,,,,,,,,temporal_J,catboost,42,isotonic,conformal,7193,,,,,,0.9,0.9619074099819268,0.0619074099819269,1.814402891700264,0.1855971082997358,0.8144028917002641,0.0,0.9691510920963748,0.950218023255814,0.1855971082997358,0.2052434456928838,0.8144028917002641,1335.0,0.0,0.0619074099819269,4441.0,2752.0,0.957231529316518,0.9660901859139406,0.9636463010697506,0.9738449544913846,0.9414459979724984,0.9577349008664388,0.1844387285698895,0.2277396180035565,0.049781976744186,0.0308489079036253,weighted_cap5,0.1,0.548790753016463,0.3892259707523404,1.0052138954558736,0.9950554379361112,2.1402496820349843,1.4699782647355188,880.288084916071,5.0,524.9623600900213,355.36933790734724
,,,,,,,,,temporal_J,catboost,42,isotonic,conformal,7193,,,,,,0.9,0.9619074099819268,0.0619074099819269,1.814402891700264,0.1855971082997358,0.8144028917002641,0.0,0.9691510920963748,0.950218023255814,0.1855971082997358,0.2052434456928838,0.8144028917002641,1335.0,0.0,0.0619074099819269,4441.0,2752.0,0.957231529316518,0.9660901859139406,0.9636463010697506,0.9738449544913846,0.9414459979724984,0.9577349008664388,0.1844387285698895,0.2277396180035565,0.049781976744186,0.0308489079036253,weighted_cap10,0.1,0.548790753016463,0.3892259707523404,1.0052138954558736,0.9950554379361112,2.1402496820349843,1.4699782647355188,880.288084916071,10.0,524.9623600900213,355.36933790734724
,,,,,,,,,temporal_J,catboost,42,isotonic,conformal,7193,,,,,,0.9,0.9619074099819268,0.0619074099819269,1.814402891700264,0.1855971082997358,0.8144028917002641,0.0,0.9691510920963748,0.950218023255814,0.1855971082997358,0.2052434456928838,0.8144028917002641,1335.0,0.0,0.0619074099819269,4441.0,2752.0,0.957231529316518,0.9660901859139406,0.9636463010697506,0.9738449544913846,0.9414459979724984,0.9577349008664388,0.1844387285698895,0.2277396180035565,0.049781976744186,0.0308489079036253,weighted_cap20,0.1,0.548790753016463,0.3892259707523404,1.0052138954558736,0.9950554379361112,2.1402496820349843,1.4699782647355188,880.288084916071,20.0,524.9623600900213,355.36933790734724
,,,,,,,,,temporal_J,catboost,42,isotonic,conformal,7193,,,,,,0.9,0.9619074099819268,0.0619074099819269,1.814402891700264,0.1855971082997358,0.8144028917002641,0.0,0.9691510920963748,0.950218023255814,0.1855971082997358,0.2052434456928838,0.8144028917002641,1335.0,0.0,0.0619074099819269,4441.0,2752.0,0.957231529316518,0.9660901859139406,0.9636463010697506,0.9738449544913846,0.9414459979724984,0.9577349008664388,0.1844387285698895,0.2277396180035565,0.049781976744186,0.0308489079036253,weighted_p99,0.1,0.548790753016463,0.3892259707523404,1.0052138954558736,0.991551192288501,1.4699782647355188,1.4699782647355188,884.2577401093829,1.4699782647355188,527.4901073054687,356.80166628979566
,,,,,,,,,temporal_J,catboost,42,isotonic,conformal,7193,,,,,,0.95,0.9809537049909636,0.0309537049909635,1.877241762824969,0.1227582371750312,0.8772417628249687,0.0,1.0,0.950218023255814,0.1227582371750312,0.1551528878822197,0.8772417628249687,883.0,0.0,0.0309537049909635,4441.0,2752.0,0.9775286087445748,0.9838653638181856,0.999135748967363,1.0000000000000002,0.9414459979724984,0.9577349008664388,0.132771503504646,0.1805217644828054,0.049781976744186,0.0,split_cp,0.05,0.548790753016463,,,,,,,,,
,,,,,,,,,temporal_J,catboost,42,isotonic,conformal,7193,,,,,,0.95,0.9727512859724732,0.0227512859724733,1.8775198109272904,0.1224801890727095,0.8775198109272904,0.0,0.9691510920963748,0.978561046511628,0.1224801890727095,0.2224744608399546,0.8775198109272904,881.0,0.0,0.0227512859724733,4441.0,2752.0,0.9687290775109548,0.9762688134269456,0.9636463010697506,0.9738449544913846,0.9724452236946752,0.9833427050953816,0.1962489139063327,0.2511097116131663,0.021438953488372,0.0308489079036253,mondrian_cp,0.05,0.548790753016463,,,,,,,,,
,,,,,,,,,temporal_J,catboost,42,isotonic,conformal,7193,,,,,,0.95,0.9727512859724732,0.0227512859724733,1.8775198109272904,0.1224801890727095,0.8775198109272904,0.0,0.9691510920963748,0.978561046511628,0.1224801890727095,0.2224744608399546,0.8775198109272904,881.0,0.0,0.0227512859724733,4441.0,2752.0,0.9687290775109548,0.9762688134269456,0.9636463010697506,0.9738449544913846,0.9724452236946752,0.9833427050953816,0.1962489139063327,0.2511097116131663,0.021438953488372,0.0308489079036253,empirical_mondrian,0.05,0.548790753016463,,,,,,,,,
,,,,,,,,,temporal_J,catboost,42,isotonic,conformal,7193,,,,,,0.95,0.9727512859724732,0.0227512859724733,1.8775198109272904,0.1224801890727095,0.8775198109272904,0.0,0.9691510920963748,0.978561046511628,0.1224801890727095,0.2224744608399546,0.8775198109272904,881.0,0.0,0.0227512859724733,4441.0,2752.0,0.9687290775109548,0.9762688134269456,0.9636463010697506,0.9738449544913846,0.9724452236946752,0.9833427050953816,0.1962489139063327,0.2511097116131663,0.021438953488372,0.0308489079036253,weighted_cap5,0.05,0.548790753016463,0.3892259707523404,1.0052138954558736,0.9950554379361112,2.1402496820349843,1.4699782647355188,880.288084916071,5.0,524.9623600900213,355.36933790734724
,,,,,,,,,temporal_J,catboost,42,isotonic,conformal,7193,,,,,,0.95,0.9727512859724732,0.0227512859724733,1.8775198109272904,0.1224801890727095,0.8775198109272904,0.0,0.9691510920963748,0.978561046511628,0.1224801890727095,0.2224744608399546,0.8775198109272904,881.0,0.0,0.0227512859724733,4441.0,2752.0,0.9687290775109548,0.9762688134269456,0.9636463010697506,0.9738449544913846,0.9724452236946752,0.9833427050953816,0.1962489139063327,0.2511097116131663,0.021438953488372,0.0308489079036253,weighted_cap10,0.05,0.548790753016463,0.3892259707523404,1.0052138954558736,0.9950554379361112,2.1402496820349843,1.4699782647355188,880.288084916071,10.0,524.9623600900213,355.36933790734724
,,,,,,,,,temporal_J,catboost,42,isotonic,conformal,7193,,,,,,0.95,0.9727512859724732,0.0227512859724733,1.8775198109272904,0.1224801890727095,0.8775198109272904,0.0,0.9691510920963748,0.978561046511628,0.1224801890727095,0.2224744608399546,0.8775198109272904,881.0,0.0,0.0227512859724733,4441.0,2752.0,0.9687290775109548,0.9762688134269456,0.9636463010697506,0.9738449544913846,0.9724452236946752,0.9833427050953816,0.1962489139063327,0.2511097116131663,0.021438953488372,0.0308489079036253,weighted_cap20,0.05,0.548790753016463,0.3892259707523404,1.0052138954558736,0.9950554379361112,2.1402496820349843,1.4699782647355188,880.288084916071,20.0,524.9623600900213,355.36933790734724
,,,,,,,,,temporal_J,catboost,42,isotonic,conformal,7193,,,,,,0.95,0.9727512859724732,0.0227512859724733,1.8775198109272904,0.1224801890727095,0.8775198109272904,0.0,0.9691510920963748,0.978561046511628,0.1224801890727095,0.2224744608399546,0.8775198109272904,881.0,0.0,0.0227512859724733,4441.0,2752.0,0.9687290775109548,0.9762688134269456,0.9636463010697506,0.9738449544913846,0.9724452236946752,0.9833427050953816,0.1962489139063327,0.2511097116131663,0.021438953488372,0.0308489079036253,weighted_p99,0.05,0.548790753016463,0.3892259707523404,1.0052138954558736,0.991551192288501,1.4699782647355188,1.4699782647355188,884.2577401093829,1.4699782647355188,527.4901073054687,356.80166628979566
