roc_auc,pr_auc,macro_f1,balanced_accuracy,brier,nll,ece,calibration_slope,calibration_intercept,setting,model,seed,calibration,kind,n_test,n_train,n_calibrator_fit,n_conformal_score,n_features,features,nominal_coverage,observed_coverage,coverage_gap,average_set_size,singleton_rate,ambiguity_rate,empty_set_rate,pass_coverage,fail_coverage,automatic_coverage,automatic_error_rate,deferral_rate,n_automatic,undercoverage,overcoverage,n_pass,n_fail,coverage_ci_lower,coverage_ci_upper,pass_ci_lower,pass_ci_upper,fail_ci_lower,fail_ci_upper,automatic_error_ci_lower,automatic_error_ci_upper,automatic_false_negative_fraction,automatic_false_positive_fraction,method,alpha,domain_auc,weight_min,weight_median,weight_mean,weight_max,raw_weight_p99,effective_sample_size,weight_cap,ess_class_0,ess_class_1
0.6414351087418031,0.6239375577299129,0.5934346404920313,0.601528336738508,0.2440180760025719,0.7052720891333961,0.0861861848994064,0.503638751159237,-0.1477381649205681,course_1,logistic,42,none,probability,2100,1635.0,272.0,273.0,25.0,total_clicks|active_days|active_weeks|num_sessions|night_activity_ratio|weekend_activity_ratio|material_clicks|assessment_clicks|forum_accesses|grade_page_accesses|main_page_accesses|unique_content|total_session_minutes|median_session_minutes|clicks_per_session|sessions_per_active_day|active_day_fraction|zero_activity|days_since_last_activity|days_to_first_activity|actions_week_1|actions_week_2|actions_week_3|actions_week_4|forum_posts,,,,,,,,,,,,,,,,,,,,,,,,,,,,,,,,,,,,,,,
,,,,,,,,,course_1,logistic,42,none,conformal,2100,,,,,,0.8,0.7490476190476191,0.0509523809523809,1.316190476190476,0.6838095238095238,0.3161904761904762,0.0,0.6594746716697936,0.8413926499032882,0.6838095238095238,0.366991643454039,0.3161904761904762,1436.0,0.0509523809523809,0.0,1066.0,1034.0,0.7300608569836204,0.7671248960656298,0.6304999503512196,0.687304147813744,0.8178680348362194,0.8623900084320003,0.3424483218914259,0.3922446905511536,0.1586073500967117,0.3405253283302064,split_cp,0.2,0.8973525007487272,,,,,,,,,
,,,,,,,,,course_1,logistic,42,none,conformal,2100,,,,,,0.8,0.7504761904761905,0.0495238095238095,1.315238095238095,0.6847619047619048,0.3152380952380952,0.0,0.6641651031894934,0.839458413926499,0.6847619047619048,0.364394993045897,0.3152380952380952,1438.0,0.0495238095238095,0.0,1066.0,1034.0,0.731521944161459,0.768515734813504,0.6352693127111986,0.6918819648115582,0.8158321449909959,0.8605717450575737,0.3399126479121783,0.3895999156126717,0.1605415860735009,0.3358348968105065,mondrian_cp,0.2,0.8973525007487272,,,,,,,,,
,,,,,,,,,course_1,logistic,42,none,conformal,2100,,,,,,0.85,0.7752380952380953,0.0747619047619047,1.39,0.61,0.39,0.0,0.6960600375234521,0.8568665377176016,0.61,0.3684621389539422,0.39,1281.0,0.0747619047619047,0.0,1066.0,1034.0,0.7568915065092049,0.792579555178112,0.6677853827142325,0.7229267144415171,0.8341983440053043,0.8768929250201151,0.3424758445195213,0.3952349853370129,0.1431334622823984,0.3039399624765478,split_cp,0.15,0.8973525007487272,,,,,,,,,
,,,,,,,,,course_1,logistic,42,none,conformal,2100,,,,,,0.85,0.7923809523809524,0.0576190476190475,1.433809523809524,0.5661904761904762,0.4338095238095238,0.0,0.7298311444652908,0.8568665377176016,0.5661904761904762,0.3666947014297729,0.4338095238095238,1189.0,0.0576190476190475,0.0,1066.0,1034.0,0.7745071247928268,0.8091870480030425,0.7023847944592482,0.7556269940726116,0.8341983440053043,0.8768929250201151,0.3397732595154307,0.3944747433051597,0.1431334622823984,0.2701688555347092,mondrian_cp,0.15,0.8973525007487272,,,,,,,,,
,,,,,,,,,course_1,logistic,42,none,conformal,2100,,,,,,0.9,0.8304761904761905,0.0695238095238095,1.5223809523809524,0.4776190476190476,0.5223809523809524,0.0,0.7711069418386491,0.8916827852998066,0.4776190476190476,0.3549351944167497,0.5223809523809524,1003.0,0.0695238095238095,0.0,1066.0,1034.0,0.8138282023410401,0.8459173284738348,0.7449401032251092,0.7953268636553293,0.8712699083183133,0.9091961186608056,0.3259276161942602,0.3850497204552992,0.1083172147001934,0.2288930581613508,split_cp,0.1,0.8973525007487272,,,,,,,,,
,,,,,,,,,course_1,logistic,42,none,conformal,2100,,,,,,0.9,0.8580952380952381,0.0419047619047618,1.576190476190476,0.4238095238095238,0.5761904761904761,0.0,0.8292682926829268,0.8878143133462283,0.4238095238095238,0.3348314606741573,0.5761904761904761,890.0,0.0419047619047618,0.0,1066.0,1034.0,0.8425160177098835,0.8723667476687708,0.8055077990508723,0.8506641918661999,0.8671247839087408,0.9056329366310782,0.3045948358374964,0.366487773837049,0.1121856866537717,0.1707317073170731,mondrian_cp,0.1,0.8973525007487272,,,,,,,,,
,,,,,,,,,course_1,logistic,42,none,conformal,2100,,,,,,0.95,0.9052380952380952,0.0447619047619046,1.7085714285714286,0.2914285714285714,0.7085714285714285,0.0,0.8836772983114447,0.9274661508704062,0.2914285714285714,0.3251633986928104,0.7085714285714285,612.0,0.0447619047619046,0.0,1066.0,1034.0,0.8919610457641968,0.9170352751629772,0.8630385295040031,0.9015607419634688,0.9100249880267,0.9417428735159434,0.2892411466059,0.3632668212568037,0.0725338491295938,0.1163227016885553,split_cp,0.05,0.8973525007487272,,,,,,,,,
,,,,,,,,,course_1,logistic,42,none,conformal,2100,,,,,,0.95,0.9071428571428573,0.0428571428571428,1.7104761904761905,0.2895238095238095,0.7104761904761905,0.0,0.899624765478424,0.9148936170212766,0.2895238095238095,0.3207236842105263,0.7104761904761905,608.0,0.0428571428571428,0.0,1066.0,1034.0,0.8939753154633203,0.9188235733648038,0.8801261305341498,0.9162535507498184,0.8963120849830735,0.930403780631845,0.284847850779343,0.3588506975011406,0.0851063829787234,0.1003752345215759,mondrian_cp,0.05,0.8973525007487272,,,,,,,,,
0.6414351087418031,0.6239375577299129,0.6085625524388307,0.6086401921897511,0.2369234973434578,0.6731076305561728,0.0303388752248189,0.6543563455142561,0.0037425860606076,course_1,logistic,42,platt,probability,2100,1635.0,272.0,273.0,25.0,total_clicks|active_days|active_weeks|num_sessions|night_activity_ratio|weekend_activity_ratio|material_clicks|assessment_clicks|forum_accesses|grade_page_accesses|main_page_accesses|unique_content|total_session_minutes|median_session_minutes|clicks_per_session|sessions_per_active_day|active_day_fraction|zero_activity|days_since_last_activity|days_to_first_activity|actions_week_1|actions_week_2|actions_week_3|actions_week_4|forum_posts,,,,,,,,,,,,,,,,,,,,,,,,,,,,,,,,,,,,,,,
,,,,,,,,,course_1,logistic,42,platt,conformal,2100,,,,,,0.8,0.7952380952380952,0.0047619047619048,1.4114285714285717,0.5885714285714285,0.4114285714285714,0.0,0.8086303939962477,0.781431334622824,0.5885714285714285,0.3478964401294498,0.4114285714285714,1236.0,0.0047619047619048,0.0,1066.0,1034.0,0.7774475110066903,0.8119505136406042,0.7839239779283648,0.8311204238144182,0.7552247966461543,0.8055544968129165,0.3218511674122254,0.374884252003704,0.218568665377176,0.1913696060037523,split_cp,0.2,0.8973525007487272,,,,,,,,,
,,,,,,,,,course_1,logistic,42,platt,conformal,2100,,,,,,0.8,0.7504761904761905,0.0495238095238095,1.315238095238095,0.6847619047619048,0.3152380952380952,0.0,0.6641651031894934,0.839458413926499,0.6847619047619048,0.364394993045897,0.3152380952380952,1438.0,0.0495238095238095,0.0,1066.0,1034.0,0.731521944161459,0.768515734813504,0.6352693127111986,0.6918819648115582,0.8158321449909959,0.8605717450575737,0.3399126479121783,0.3895999156126717,0.1605415860735009,0.3358348968105065,mondrian_cp,0.2,0.8973525007487272,,,,,,,,,
,,,,,,,,,course_1,logistic,42,platt,conformal,2100,,,,,,0.85,0.8366666666666667,0.0133333333333333,1.511904761904762,0.4880952380952381,0.5119047619047619,0.0,0.8545966228893058,0.8181818181818182,0.4880952380952381,0.3346341463414634,0.5119047619047619,1025.0,0.0133333333333333,0.0,1066.0,1034.0,0.820243686507628,0.8518601899853354,0.8321620107555797,0.8744847486935753,0.7935092641733325,0.8404989404590878,0.3064120133722819,0.364091155902625,0.1818181818181818,0.1454033771106941,split_cp,0.15,0.8973525007487272,,,,,,,,,
,,,,,,,,,course_1,logistic,42,platt,conformal,2100,,,,,,0.85,0.7923809523809524,0.0576190476190475,1.433809523809524,0.5661904761904762,0.4338095238095238,0.0,0.7298311444652908,0.8568665377176016,0.5661904761904762,0.3666947014297729,0.4338095238095238,1189.0,0.0576190476190475,0.0,1066.0,1034.0,0.7745071247928268,0.8091870480030425,0.7023847944592482,0.7556269940726116,0.8341983440053043,0.8768929250201151,0.3397732595154307,0.3944747433051597,0.1431334622823984,0.2701688555347092,mondrian_cp,0.15,0.8973525007487272,,,,,,,,,
,,,,,,,,,course_1,logistic,42,platt,conformal,2100,,,,,,0.9,0.8738095238095238,0.0261904761904762,1.6014285714285714,0.3985714285714286,0.6014285714285714,0.0,0.899624765478424,0.8471953578336557,0.3985714285714286,0.3166069295101553,0.6014285714285714,837.0,0.0261904761904762,0.0,1066.0,1034.0,0.858921193636905,0.887332756924589,0.8801261305341498,0.9162535507498184,0.8239827182577724,0.8678377846693974,0.285993326429308,0.3488962276245835,0.1528046421663443,0.1003752345215759,split_cp,0.1,0.8973525007487272,,,,,,,,,
,,,,,,,,,course_1,logistic,42,platt,conformal,2100,,,,,,0.9,0.8580952380952381,0.0419047619047618,1.576190476190476,0.4238095238095238,0.5761904761904761,0.0,0.8292682926829268,0.8878143133462283,0.4238095238095238,0.3348314606741573,0.5761904761904761,890.0,0.0419047619047618,0.0,1066.0,1034.0,0.8425160177098835,0.8723667476687708,0.8055077990508723,0.8506641918661999,0.8671247839087408,0.9056329366310782,0.3045948358374964,0.366487773837049,0.1121856866537717,0.1707317073170731,mondrian_cp,0.1,0.8973525007487272,,,,,,,,,
,,,,,,,,,course_1,logistic,42,platt,conformal,2100,,,,,,0.95,0.9123809523809524,0.0376190476190475,1.7119047619047618,0.288095238095238,0.7119047619047619,0.0,0.9362101313320824,0.8878143133462283,0.288095238095238,0.3041322314049586,0.7119047619047619,605.0,0.0376190476190475,0.0,1066.0,1034.0,0.899522808622081,0.9237331419336564,0.9199166104190988,0.9493710698556552,0.8671247839087408,0.9056329366310782,0.2688053062685133,0.341930794950577,0.1121856866537717,0.0637898686679174,split_cp,0.05,0.8973525007487272,,,,,,,,,
,,,,,,,,,course_1,logistic,42,platt,conformal,2100,,,,,,0.95,0.9071428571428573,0.0428571428571428,1.7104761904761905,0.2895238095238095,0.7104761904761905,0.0,0.899624765478424,0.9148936170212766,0.2895238095238095,0.3207236842105263,0.7104761904761905,608.0,0.0428571428571428,0.0,1066.0,1034.0,0.8939753154633203,0.9188235733648038,0.8801261305341498,0.9162535507498184,0.8963120849830735,0.930403780631845,0.284847850779343,0.3588506975011406,0.0851063829787234,0.1003752345215759,mondrian_cp,0.05,0.8973525007487272,,,,,,,,,
0.640492486237167,0.6117059343126845,0.6114282189825115,0.6115560619971622,0.2424255121785337,0.829128836018747,0.0624098613044985,0.2711460234504911,-0.0395690407347236,course_1,logistic,42,isotonic,probability,2100,1635.0,272.0,273.0,25.0,total_clicks|active_days|active_weeks|num_sessions|night_activity_ratio|weekend_activity_ratio|material_clicks|assessment_clicks|forum_accesses|grade_page_accesses|main_page_accesses|unique_content|total_session_minutes|median_session_minutes|clicks_per_session|sessions_per_active_day|active_day_fraction|zero_activity|days_since_last_activity|days_to_first_activity|actions_week_1|actions_week_2|actions_week_3|actions_week_4|forum_posts,,,,,,,,,,,,,,,,,,,,,,,,,,,,,,,,,,,,,,,
,,,,,,,,,course_1,logistic,42,isotonic,conformal,2100,,,,,,0.8,0.8014285714285714,0.0014285714285713,1.4228571428571428,0.5771428571428572,0.4228571428571429,0.0,0.8161350844277674,0.7862669245647969,0.5771428571428572,0.344059405940594,0.4228571428571429,1212.0,0.0,0.0014285714285713,1066.0,1034.0,0.7838229138567019,0.8179334564686811,0.7917598700057129,0.8382400187095389,0.7602444380060153,0.8101702385021802,0.3178446464584621,0.3712595560198433,0.2137330754352031,0.1838649155722326,split_cp,0.2,0.8973525007487272,,,,,,,,,
,,,,,,,,,course_1,logistic,42,isotonic,conformal,2100,,,,,,0.8,0.809047619047619,0.0090476190476189,1.4847619047619047,0.5152380952380953,0.4847619047619048,0.0,0.7091932457786116,0.9119922630560928,0.5152380952380953,0.3706099815157117,0.4847619047619048,1082.0,0.0,0.0090476190476189,1066.0,1034.0,0.7916784123521889,0.8252882295769952,0.6812189542947239,0.7356652450628464,0.8931639069868252,0.9277707287986184,0.3423375441263613,0.3997979235098615,0.0880077369439071,0.2908067542213883,mondrian_cp,0.2,0.8973525007487272,,,,,,,,,
,,,,,,,,,course_1,logistic,42,isotonic,conformal,2100,,,,,,0.8,0.809047619047619,0.0090476190476189,1.4847619047619047,0.5152380952380953,0.4847619047619048,0.0,0.7091932457786116,0.9119922630560928,0.5152380952380953,0.3706099815157117,0.4847619047619048,1082.0,0.0,0.0090476190476189,1066.0,1034.0,0.7916784123521889,0.8252882295769952,0.6812189542947239,0.7356652450628464,0.8931639069868252,0.9277707287986184,0.3423375441263613,0.3997979235098615,0.0880077369439071,0.2908067542213883,empirical_mondrian,0.2,0.8973525007487272,,,,,,,,,
,,,,,,,,,course_1,logistic,42,isotonic,conformal,2100,,,,,,0.8,0.8366666666666667,0.0366666666666666,1.506190476190476,0.4938095238095238,0.5061904761904762,0.0,0.8855534709193246,0.7862669245647969,0.4938095238095238,0.33076181292189,0.5061904761904762,1037.0,0.0,0.0366666666666666,1066.0,1034.0,0.820243686507628,0.8518601899853354,0.8650424745317644,0.9032956686788248,0.7602444380060153,0.8101702385021802,0.3027968618146673,0.359975986993936,0.2137330754352031,0.1144465290806754,weighted_cap5,0.2,0.8973525007487272,1.8507265690337675e-05,0.3054860474768305,0.7893991152887718,5.0,6.857392950508902,83.99144413336303,5.0,40.31617641309272,43.945122595920665
,,,,,,,,,course_1,logistic,42,isotonic,conformal,2100,,,,,,0.8,0.8366666666666667,0.0366666666666666,1.506190476190476,0.4938095238095238,0.5061904761904762,0.0,0.8855534709193246,0.7862669245647969,0.4938095238095238,0.33076181292189,0.5061904761904762,1037.0,0.0,0.0366666666666666,1066.0,1034.0,0.820243686507628,0.8518601899853354,0.8650424745317644,0.9032956686788248,0.7602444380060153,0.8101702385021802,0.3027968618146673,0.359975986993936,0.2137330754352031,0.1144465290806754,weighted_cap10,0.2,0.8973525007487272,1.8507265690337675e-05,0.3054860474768305,0.8473807691495828,10.0,6.857392950508902,69.39048553457953,10.0,37.17872223035105,34.375556365267336
,,,,,,,,,course_1,logistic,42,isotonic,conformal,2100,,,,,,0.8,0.8366666666666667,0.0366666666666666,1.506190476190476,0.4938095238095238,0.5061904761904762,0.0,0.8855534709193246,0.7862669245647969,0.4938095238095238,0.33076181292189,0.5061904761904762,1037.0,0.0,0.0366666666666666,1066.0,1034.0,0.820243686507628,0.8518601899853354,0.8650424745317644,0.9032956686788248,0.7602444380060153,0.8101702385021802,0.3027968618146673,0.359975986993936,0.2137330754352031,0.1144465290806754,weighted_cap20,0.2,0.8973525007487272,1.8507265690337675e-05,0.3054860474768305,0.8910150919470987,19.289704205330867,6.857392950508902,53.6610210161609,20.0,37.17872223035105,24.65257565870946
,,,,,,,,,course_1,logistic,42,isotonic,conformal,2100,,,,,,0.8,0.8366666666666667,0.0366666666666666,1.506190476190476,0.4938095238095238,0.5061904761904762,0.0,0.8855534709193246,0.7862669245647969,0.4938095238095238,0.33076181292189,0.5061904761904762,1037.0,0.0,0.0366666666666666,1066.0,1034.0,0.820243686507628,0.8518601899853354,0.8650424745317644,0.9032956686788248,0.7602444380060153,0.8101702385021802,0.3027968618146673,0.359975986993936,0.2137330754352031,0.1144465290806754,weighted_p99,0.2,0.8973525007487272,1.8507265690337675e-05,0.3054860474768305,0.821756258463369,6.857392950508902,6.857392950508902,76.83347469987802,6.857392950508902,38.10916268745891,39.47846563284736
,,,,,,,,,course_1,logistic,42,isotonic,conformal,2100,,,,,,0.85,0.8985714285714286,0.0485714285714286,1.681904761904762,0.3180952380952381,0.6819047619047619,0.0,0.8855534709193246,0.9119922630560928,0.3180952380952381,0.3188622754491018,0.6819047619047619,668.0,0.0,0.0485714285714286,1066.0,1034.0,0.884922907229087,0.9107644260447608,0.8650424745317644,0.9032956686788248,0.8931639069868252,0.9277707287986184,0.2846429452696369,0.3551530262013842,0.0880077369439071,0.1144465290806754,split_cp,0.15,0.8973525007487272,,,,,,,,,
,,,,,,,,,course_1,logistic,42,isotonic,conformal,2100,,,,,,0.85,0.8633333333333333,0.0133333333333333,1.5985714285714283,0.4014285714285714,0.5985714285714285,0.0,0.8161350844277674,0.9119922630560928,0.4014285714285714,0.3404507710557533,0.5985714285714285,843.0,0.0,0.0133333333333333,1066.0,1034.0,0.847977088576197,0.8773627385300704,0.7917598700057129,0.8382400187095389,0.8931639069868252,0.9277707287986184,0.3092510988781877,0.3730979439112292,0.0880077369439071,0.1838649155722326,mondrian_cp,0.15,0.8973525007487272,,,,,,,,,
,,,,,,,,,course_1,logistic,42,isotonic,conformal,2100,,,,,,0.85,0.8633333333333333,0.0133333333333333,1.5985714285714283,0.4014285714285714,0.5985714285714285,0.0,0.8161350844277674,0.9119922630560928,0.4014285714285714,0.3404507710557533,0.5985714285714285,843.0,0.0,0.0133333333333333,1066.0,1034.0,0.847977088576197,0.8773627385300704,0.7917598700057129,0.8382400187095389,0.8931639069868252,0.9277707287986184,0.3092510988781877,0.3730979439112292,0.0880077369439071,0.1838649155722326,empirical_mondrian,0.15,0.8973525007487272,,,,,,,,,
,,,,,,,,,course_1,logistic,42,isotonic,conformal,2100,,,,,,0.85,0.9138095238095238,0.0638095238095238,1.7166666666666666,0.2833333333333333,0.7166666666666667,0.0,0.9155722326454032,0.9119922630560928,0.2833333333333333,0.3042016806722689,0.7166666666666667,595.0,0.0,0.0638095238095238,1066.0,1034.0,0.9010379528351438,0.9250699236463064,0.8973532641958534,0.9308068269046113,0.8931639069868252,0.9277707287986184,0.2685882289280832,0.3423271534857365,0.0880077369439071,0.0844277673545966,weighted_cap5,0.15,0.8973525007487272,1.8507265690337675e-05,0.3054860474768305,0.7893991152887718,5.0,6.857392950508902,83.99144413336303,5.0,40.31617641309272,43.945122595920665
,,,,,,,,,course_1,logistic,42,isotonic,conformal,2100,,,,,,0.85,0.9138095238095238,0.0638095238095238,1.7166666666666666,0.2833333333333333,0.7166666666666667,0.0,0.9155722326454032,0.9119922630560928,0.2833333333333333,0.3042016806722689,0.7166666666666667,595.0,0.0,0.0638095238095238,1066.0,1034.0,0.9010379528351438,0.9250699236463064,0.8973532641958534,0.9308068269046113,0.8931639069868252,0.9277707287986184,0.2685882289280832,0.3423271534857365,0.0880077369439071,0.0844277673545966,weighted_cap10,0.15,0.8973525007487272,1.8507265690337675e-05,0.3054860474768305,0.8473807691495828,10.0,6.857392950508902,69.39048553457953,10.0,37.17872223035105,34.375556365267336
,,,,,,,,,course_1,logistic,42,isotonic,conformal,2100,,,,,,0.85,0.9138095238095238,0.0638095238095238,1.7166666666666666,0.2833333333333333,0.7166666666666667,0.0,0.9155722326454032,0.9119922630560928,0.2833333333333333,0.3042016806722689,0.7166666666666667,595.0,0.0,0.0638095238095238,1066.0,1034.0,0.9010379528351438,0.9250699236463064,0.8973532641958534,0.9308068269046113,0.8931639069868252,0.9277707287986184,0.2685882289280832,0.3423271534857365,0.0880077369439071,0.0844277673545966,weighted_cap20,0.15,0.8973525007487272,1.8507265690337675e-05,0.3054860474768305,0.8910150919470987,19.289704205330867,6.857392950508902,53.6610210161609,20.0,37.17872223035105,24.65257565870946
,,,,,,,,,course_1,logistic,42,isotonic,conformal,2100,,,,,,0.85,0.9138095238095238,0.0638095238095238,1.7166666666666666,0.2833333333333333,0.7166666666666667,0.0,0.9155722326454032,0.9119922630560928,0.2833333333333333,0.3042016806722689,0.7166666666666667,595.0,0.0,0.0638095238095238,1066.0,1034.0,0.9010379528351438,0.9250699236463064,0.8973532641958534,0.9308068269046113,0.8931639069868252,0.9277707287986184,0.2685882289280832,0.3423271534857365,0.0880077369439071,0.0844277673545966,weighted_p99,0.15,0.8973525007487272,1.8507265690337675e-05,0.3054860474768305,0.821756258463369,6.857392950508902,6.857392950508902,76.83347469987802,6.857392950508902,38.10916268745891,39.47846563284736
,,,,,,,,,course_1,logistic,42,isotonic,conformal,2100,,,,,,0.9,0.8985714285714286,0.0014285714285714,1.681904761904762,0.3180952380952381,0.6819047619047619,0.0,0.8855534709193246,0.9119922630560928,0.3180952380952381,0.3188622754491018,0.6819047619047619,668.0,0.0014285714285714,0.0,1066.0,1034.0,0.884922907229087,0.9107644260447608,0.8650424745317644,0.9032956686788248,0.8931639069868252,0.9277707287986184,0.2846429452696369,0.3551530262013842,0.0880077369439071,0.1144465290806754,split_cp,0.1,0.8973525007487272,,,,,,,,,
,,,,,,,,,course_1,logistic,42,isotonic,conformal,2100,,,,,,0.9,0.87,0.03,1.6142857142857143,0.3857142857142857,0.6142857142857143,0.0,0.8292682926829268,0.9119922630560928,0.3857142857142857,0.337037037037037,0.6142857142857143,810.0,0.03,0.0,1066.0,1034.0,0.8549380021286372,0.8837108126309563,0.8055077990508723,0.8506641918661999,0.8931639069868252,0.9277707287986184,0.3053212066060738,0.3702912887532164,0.0880077369439071,0.1707317073170731,mondrian_cp,0.1,0.8973525007487272,,,,,,,,,
,,,,,,,,,course_1,logistic,42,isotonic,conformal,2100,,,,,,0.9,0.8638095238095238,0.0361904761904762,1.599047619047619,0.4009523809523809,0.599047619047619,0.0,0.8170731707317073,0.9119922630560928,0.4009523809523809,0.339667458432304,0.599047619047619,842.0,0.0361904761904762,0.0,1066.0,1034.0,0.8484739013420801,0.877816567739425,0.7927403561851823,0.839128968401628,0.8931639069868252,0.9277707287986184,0.3084710614213397,0.3723201823934944,0.0880077369439071,0.1829268292682926,empirical_mondrian,0.1,0.8973525007487272,,,,,,,,,
,,,,,,,,,course_1,logistic,42,isotonic,conformal,2100,,,,,,0.9,0.9138095238095238,0.0138095238095238,1.7166666666666666,0.2833333333333333,0.7166666666666667,0.0,0.9155722326454032,0.9119922630560928,0.2833333333333333,0.3042016806722689,0.7166666666666667,595.0,0.0,0.0138095238095238,1066.0,1034.0,0.9010379528351438,0.9250699236463064,0.8973532641958534,0.9308068269046113,0.8931639069868252,0.9277707287986184,0.2685882289280832,0.3423271534857365,0.0880077369439071,0.0844277673545966,weighted_cap5,0.1,0.8973525007487272,1.8507265690337675e-05,0.3054860474768305,0.7893991152887718,5.0,6.857392950508902,83.99144413336303,5.0,40.31617641309272,43.945122595920665
,,,,,,,,,course_1,logistic,42,isotonic,conformal,2100,,,,,,0.9,0.9138095238095238,0.0138095238095238,1.7166666666666666,0.2833333333333333,0.7166666666666667,0.0,0.9155722326454032,0.9119922630560928,0.2833333333333333,0.3042016806722689,0.7166666666666667,595.0,0.0,0.0138095238095238,1066.0,1034.0,0.9010379528351438,0.9250699236463064,0.8973532641958534,0.9308068269046113,0.8931639069868252,0.9277707287986184,0.2685882289280832,0.3423271534857365,0.0880077369439071,0.0844277673545966,weighted_cap10,0.1,0.8973525007487272,1.8507265690337675e-05,0.3054860474768305,0.8473807691495828,10.0,6.857392950508902,69.39048553457953,10.0,37.17872223035105,34.375556365267336
,,,,,,,,,course_1,logistic,42,isotonic,conformal,2100,,,,,,0.9,0.9138095238095238,0.0138095238095238,1.7166666666666666,0.2833333333333333,0.7166666666666667,0.0,0.9155722326454032,0.9119922630560928,0.2833333333333333,0.3042016806722689,0.7166666666666667,595.0,0.0,0.0138095238095238,1066.0,1034.0,0.9010379528351438,0.9250699236463064,0.8973532641958534,0.9308068269046113,0.8931639069868252,0.9277707287986184,0.2685882289280832,0.3423271534857365,0.0880077369439071,0.0844277673545966,weighted_cap20,0.1,0.8973525007487272,1.8507265690337675e-05,0.3054860474768305,0.8910150919470987,19.289704205330867,6.857392950508902,53.6610210161609,20.0,37.17872223035105,24.65257565870946
,,,,,,,,,course_1,logistic,42,isotonic,conformal,2100,,,,,,0.9,0.9138095238095238,0.0138095238095238,1.7166666666666666,0.2833333333333333,0.7166666666666667,0.0,0.9155722326454032,0.9119922630560928,0.2833333333333333,0.3042016806722689,0.7166666666666667,595.0,0.0,0.0138095238095238,1066.0,1034.0,0.9010379528351438,0.9250699236463064,0.8973532641958534,0.9308068269046113,0.8931639069868252,0.9277707287986184,0.2685882289280832,0.3423271534857365,0.0880077369439071,0.0844277673545966,weighted_p99,0.1,0.8973525007487272,1.8507265690337675e-05,0.3054860474768305,0.821756258463369,6.857392950508902,6.857392950508902,76.83347469987802,6.857392950508902,38.10916268745891,39.47846563284736
,,,,,,,,,course_1,logistic,42,isotonic,conformal,2100,,,,,,0.95,0.9195238095238096,0.0304761904761904,1.7580952380952382,0.2419047619047619,0.758095238095238,0.0,0.8855534709193246,0.9545454545454546,0.2419047619047619,0.3326771653543307,0.758095238095238,508.0,0.0304761904761904,0.0,1066.0,1034.0,0.9071085456630836,0.9304070345212174,0.8650424745317644,0.9032956686788248,0.940079097012244,0.9656469096054991,0.2930948756974552,0.3747710287337963,0.0454545454545454,0.1144465290806754,split_cp,0.05,0.8973525007487272,,,,,,,,,
,,,,,,,,,course_1,logistic,42,isotonic,conformal,2100,,,,,,0.95,0.9347619047619048,0.0152380952380951,1.792857142857143,0.2071428571428571,0.7928571428571428,0.0,0.9155722326454032,0.9545454545454546,0.2071428571428571,0.3149425287356321,0.7928571428571428,435.0,0.0152380952380951,0.0,1066.0,1034.0,0.9233860503788682,0.9445500730130352,0.8973532641958534,0.9308068269046113,0.940079097012244,0.9656469096054991,0.2730739043369223,0.3600510049807663,0.0454545454545454,0.0844277673545966,mondrian_cp,0.05,0.8973525007487272,,,,,,,,,
,,,,,,,,,course_1,logistic,42,isotonic,conformal,2100,,,,,,0.95,0.9347619047619048,0.0152380952380951,1.792857142857143,0.2071428571428571,0.7928571428571428,0.0,0.9155722326454032,0.9545454545454546,0.2071428571428571,0.3149425287356321,0.7928571428571428,435.0,0.0152380952380951,0.0,1066.0,1034.0,0.9233860503788682,0.9445500730130352,0.8973532641958534,0.9308068269046113,0.940079097012244,0.9656469096054991,0.2730739043369223,0.3600510049807663,0.0454545454545454,0.0844277673545966,empirical_mondrian,0.05,0.8973525007487272,,,,,,,,,
,,,,,,,,,course_1,logistic,42,isotonic,conformal,2100,,,,,,0.95,0.9776190476190476,0.0276190476190476,1.9404761904761905,0.0595238095238095,0.9404761904761904,0.0,1.0,0.9545454545454546,0.0595238095238095,0.376,0.9404761904761904,125.0,0.0,0.0276190476190476,1066.0,1034.0,0.970366363073967,0.983127538089318,0.9964093195407394,1.0,0.940079097012244,0.9656469096054991,0.2959768869672354,0.4634173306724296,0.0454545454545454,0.0,weighted_cap5,0.05,0.8973525007487272,1.8507265690337675e-05,0.3054860474768305,0.7893991152887718,5.0,6.857392950508902,83.99144413336303,5.0,40.31617641309272,43.945122595920665
,,,,,,,,,course_1,logistic,42,isotonic,conformal,2100,,,,,,0.95,0.9776190476190476,0.0276190476190476,1.9404761904761905,0.0595238095238095,0.9404761904761904,0.0,1.0,0.9545454545454546,0.0595238095238095,0.376,0.9404761904761904,125.0,0.0,0.0276190476190476,1066.0,1034.0,0.970366363073967,0.983127538089318,0.9964093195407394,1.0,0.940079097012244,0.9656469096054991,0.2959768869672354,0.4634173306724296,0.0454545454545454,0.0,weighted_cap10,0.05,0.8973525007487272,1.8507265690337675e-05,0.3054860474768305,0.8473807691495828,10.0,6.857392950508902,69.39048553457953,10.0,37.17872223035105,34.375556365267336
,,,,,,,,,course_1,logistic,42,isotonic,conformal,2100,,,,,,0.95,0.9776190476190476,0.0276190476190476,1.9404761904761905,0.0595238095238095,0.9404761904761904,0.0,1.0,0.9545454545454546,0.0595238095238095,0.376,0.9404761904761904,125.0,0.0,0.0276190476190476,1066.0,1034.0,0.970366363073967,0.983127538089318,0.9964093195407394,1.0,0.940079097012244,0.9656469096054991,0.2959768869672354,0.4634173306724296,0.0454545454545454,0.0,weighted_cap20,0.05,0.8973525007487272,1.8507265690337675e-05,0.3054860474768305,0.8910150919470987,19.289704205330867,6.857392950508902,53.6610210161609,20.0,37.17872223035105,24.65257565870946
,,,,,,,,,course_1,logistic,42,isotonic,conformal,2100,,,,,,0.95,0.9776190476190476,0.0276190476190476,1.9404761904761905,0.0595238095238095,0.9404761904761904,0.0,1.0,0.9545454545454546,0.0595238095238095,0.376,0.9404761904761904,125.0,0.0,0.0276190476190476,1066.0,1034.0,0.970366363073967,0.983127538089318,0.9964093195407394,1.0,0.940079097012244,0.9656469096054991,0.2959768869672354,0.4634173306724296,0.0454545454545454,0.0,weighted_p99,0.05,0.8973525007487272,1.8507265690337675e-05,0.3054860474768305,0.821756258463369,6.857392950508902,6.857392950508902,76.83347469987802,6.857392950508902,38.10916268745891,39.47846563284736
0.6125558406305682,0.5812799206457275,0.5888342444607783,0.5902849096933165,0.251884739584929,0.7063946114162695,0.0858057777733001,0.422274215228446,-0.0793963117792343,course_1,catboost,42,none,probability,2100,1635.0,272.0,273.0,25.0,total_clicks|active_days|active_weeks|num_sessions|night_activity_ratio|weekend_activity_ratio|material_clicks|assessment_clicks|forum_accesses|grade_page_accesses|main_page_accesses|unique_content|total_session_minutes|median_session_minutes|clicks_per_session|sessions_per_active_day|active_day_fraction|zero_activity|days_since_last_activity|days_to_first_activity|actions_week_1|actions_week_2|actions_week_3|actions_week_4|forum_posts,,,,,,,,,,,,,,,,,,,,,,,,,,,,,,,,,,,,,,,
,,,,,,,,,course_1,catboost,42,none,conformal,2100,,,,,,0.8,0.7595238095238095,0.0404761904761905,1.3923809523809525,0.6076190476190476,0.3923809523809524,0.0,0.7213883677298312,0.7988394584139265,0.6076190476190476,0.3957680250783699,0.3923809523809524,1276.0,0.0404761904761905,0.0,1066.0,1034.0,0.7407817917535565,0.7773180847509201,0.693717557054582,0.7474693086332501,0.7733198414158861,0.8221468310200343,0.369287849409437,0.4228739076842073,0.2011605415860735,0.2786116322701688,split_cp,0.2,0.8973525007487272,,,,,,,,,
,,,,,,,,,course_1,catboost,42,none,conformal,2100,,,,,,0.8,0.7480952380952381,0.0519047619047619,1.3585714285714283,0.6414285714285715,0.3585714285714286,0.0,0.6181988742964353,0.8820116054158608,0.6414285714285715,0.392724573125464,0.3585714285714286,1347.0,0.0519047619047619,0.0,1066.0,1034.0,0.7290869471685875,0.7661975219301878,0.5886594304652648,0.6468894893511201,0.8609204188754946,0.9002748420053746,0.3669853439923046,0.4190739317925077,0.1179883945841392,0.3818011257035647,mondrian_cp,0.2,0.8973525007487272,,,,,,,,,
,,,,,,,,,course_1,catboost,42,none,conformal,2100,,,,,,0.85,0.8042857142857143,0.0457142857142857,1.4857142857142858,0.5142857142857142,0.4857142857142857,0.0,0.7636022514071295,0.8462282398452611,0.5142857142857142,0.3805555555555555,0.4857142857142857,1080.0,0.0457142857142857,0.0,1066.0,1034.0,0.7867675617724178,0.8206926604043908,0.737179016288755,0.7881324636192146,0.8229628608630268,0.8669305654543178,0.352070639243502,0.409887165654712,0.1537717601547388,0.2363977485928705,split_cp,0.15,0.8973525007487272,,,,,,,,,
,,,,,,,,,course_1,catboost,42,none,conformal,2100,,,,,,0.85,0.7919047619047619,0.058095238095238,1.4657142857142855,0.5342857142857143,0.4657142857142857,0.0,0.6679174484052532,0.9197292069632496,0.5342857142857143,0.3894830659536542,0.4657142857142857,1122.0,0.058095238095238,0.0,1066.0,1034.0,0.7740171876109841,0.8087263432096475,0.639087044180271,0.6955419768287203,0.9015720767184656,0.934779171945578,0.3613735546229287,0.4183467620726589,0.0802707930367504,0.3320825515947467,mondrian_cp,0.15,0.8973525007487272,,,,,,,,,
,,,,,,,,,course_1,catboost,42,none,conformal,2100,,,,,,0.9,0.8704761904761905,0.0295238095238095,1.6514285714285717,0.3485714285714286,0.6514285714285715,0.0,0.8320825515947468,0.9100580270793036,0.3485714285714286,0.3715846994535519,0.6514285714285715,732.0,0.0295238095238095,0.0,1066.0,1034.0,0.8554356761515017,0.8841637805833295,0.8084599033860476,0.8533203951457007,0.8910682177984554,0.9260122647673384,0.3373339609230719,0.4071762216082297,0.0899419729206963,0.1679174484052532,split_cp,0.1,0.8973525007487272,,,,,,,,,
,,,,,,,,,course_1,catboost,42,none,conformal,2100,,,,,,0.9,0.8519047619047619,0.048095238095238,1.6204761904761904,0.3795238095238095,0.6204761904761905,0.0,0.7560975609756098,0.9506769825918762,0.3795238095238095,0.3902132998745294,0.6204761904761905,797.0,0.048095238095238,0.0,1066.0,1034.0,0.8360708555480102,0.8664535641525556,0.7294288705393486,0.7809271223961523,0.9357294704611197,0.9622882297173232,0.3569515259225375,0.4245283187177459,0.0493230174081237,0.2439024390243902,mondrian_cp,0.1,0.8973525007487272,,,,,,,,,
,,,,,,,,,course_1,catboost,42,none,conformal,2100,,,,,,0.95,0.9466666666666668,0.0033333333333332,1.8414285714285716,0.1585714285714285,0.8414285714285714,0.0,0.9277673545966229,0.9661508704061896,0.1585714285714285,0.3363363363363363,0.8414285714285714,333.0,0.0033333333333332,0.0,1066.0,1034.0,0.936215000762342,0.9554871720105008,0.9106432743638946,0.9418194830668318,0.9532888103401944,0.9755621155954484,0.2877142288711387,0.3886914001104696,0.0338491295938104,0.0722326454033771,split_cp,0.05,0.8973525007487272,,,,,,,,,
,,,,,,,,,course_1,catboost,42,none,conformal,2100,,,,,,0.95,0.941904761904762,0.008095238095238,1.8371428571428567,0.1628571428571428,0.8371428571428572,0.0,0.9071294559099438,0.9777562862669246,0.1628571428571428,0.3567251461988304,0.8371428571428572,342.0,0.008095238095238,0.0,1066.0,1034.0,0.9310696131499252,0.9511261398705416,0.8882137558714308,0.9231214123850064,0.9668430637106687,0.9851327815428738,0.30780506949767,0.4088280943393777,0.0222437137330754,0.0928705440900562,mondrian_cp,0.05,0.8973525007487272,,,,,,,,,
0.6125558406305682,0.5812799206457275,0.5920886951205311,0.5943130559113953,0.2461144294888405,0.6887499603907119,0.0657979224308932,0.5431131289350947,-0.0988779874489812,course_1,catboost,42,platt,probability,2100,1635.0,272.0,273.0,25.0,total_clicks|active_days|active_weeks|num_sessions|night_activity_ratio|weekend_activity_ratio|material_clicks|assessment_clicks|forum_accesses|grade_page_accesses|main_page_accesses|unique_content|total_session_minutes|median_session_minutes|clicks_per_session|sessions_per_active_day|active_day_fraction|zero_activity|days_since_last_activity|days_to_first_activity|actions_week_1|actions_week_2|actions_week_3|actions_week_4|forum_posts,,,,,,,,,,,,,,,,,,,,,,,,,,,,,,,,,,,,,,,
,,,,,,,,,course_1,catboost,42,platt,conformal,2100,,,,,,0.8,0.7542857142857143,0.0457142857142857,1.3785714285714286,0.6214285714285714,0.3785714285714285,0.0,0.7045028142589118,0.8056092843326886,0.6214285714285714,0.3954022988505747,0.3785714285714285,1305.0,0.0457142857142857,0.0,1066.0,1034.0,0.7354194925421746,0.772223322234689,0.6764181529625962,0.731118867037181,0.7803756429837416,0.8285805657209537,0.3692190121809531,0.4221995754866615,0.1943907156673114,0.2954971857410882,split_cp,0.2,0.8973525007487272,,,,,,,,,
,,,,,,,,,course_1,catboost,42,platt,conformal,2100,,,,,,0.8,0.7480952380952381,0.0519047619047619,1.3585714285714283,0.6414285714285715,0.3585714285714286,0.0,0.6181988742964353,0.8820116054158608,0.6414285714285715,0.392724573125464,0.3585714285714286,1347.0,0.0519047619047619,0.0,1066.0,1034.0,0.7290869471685875,0.7661975219301878,0.5886594304652648,0.6468894893511201,0.8609204188754946,0.9002748420053746,0.3669853439923046,0.4190739317925077,0.1179883945841392,0.3818011257035647,mondrian_cp,0.2,0.8973525007487272,,,,,,,,,
,,,,,,,,,course_1,catboost,42,platt,conformal,2100,,,,,,0.85,0.7971428571428572,0.0528571428571428,1.4723809523809523,0.5276190476190477,0.4723809523809524,0.0,0.7401500938086304,0.8558994197292069,0.5276190476190477,0.3844765342960289,0.4723809523809524,1108.0,0.0528571428571428,0.0,1066.0,1034.0,0.7794085021349446,0.8137920904133005,0.7129946039633885,0.7655809791556158,0.8331753485679666,0.8759888438476279,0.3562782963908718,0.4134730490288847,0.144100580270793,0.2598499061913696,split_cp,0.15,0.8973525007487272,,,,,,,,,
,,,,,,,,,course_1,catboost,42,platt,conformal,2100,,,,,,0.85,0.7919047619047619,0.058095238095238,1.4657142857142855,0.5342857142857143,0.4657142857142857,0.0,0.6679174484052532,0.9197292069632496,0.5342857142857143,0.3894830659536542,0.4657142857142857,1122.0,0.058095238095238,0.0,1066.0,1034.0,0.7740171876109841,0.8087263432096475,0.639087044180271,0.6955419768287203,0.9015720767184656,0.934779171945578,0.3613735546229287,0.4183467620726589,0.0802707930367504,0.3320825515947467,mondrian_cp,0.15,0.8973525007487272,,,,,,,,,
,,,,,,,,,course_1,catboost,42,platt,conformal,2100,,,,,,0.9,0.8742857142857143,0.0257142857142856,1.663333333333333,0.3366666666666666,0.6633333333333333,0.0,0.8302063789868668,0.9197292069632496,0.3366666666666666,0.3734087694483734,0.6633333333333333,707.0,0.0257142857142856,0.0,1066.0,1034.0,0.8594193854407268,0.8877852070960051,0.8064915861207883,0.8515498406678427,0.9015720767184656,0.934779171945578,0.3385275802339266,0.4096581821764906,0.0802707930367504,0.1697936210131332,split_cp,0.1,0.8973525007487272,,,,,,,,,
,,,,,,,,,course_1,catboost,42,platt,conformal,2100,,,,,,0.9,0.8519047619047619,0.048095238095238,1.6204761904761904,0.3795238095238095,0.6204761904761905,0.0,0.7560975609756098,0.9506769825918762,0.3795238095238095,0.3902132998745294,0.6204761904761905,797.0,0.048095238095238,0.0,1066.0,1034.0,0.8360708555480102,0.8664535641525556,0.7294288705393486,0.7809271223961523,0.9357294704611197,0.9622882297173232,0.3569515259225375,0.4245283187177459,0.0493230174081237,0.2439024390243902,mondrian_cp,0.1,0.8973525007487272,,,,,,,,,
,,,,,,,,,course_1,catboost,42,platt,conformal,2100,,,,,,0.95,0.9404761904761904,0.0095238095238094,1.8242857142857145,0.1757142857142857,0.8242857142857143,0.0,0.9146341463414634,0.9671179883945842,0.1757142857142857,0.3387533875338753,0.8242857142857143,369.0,0.0095238095238094,0.0,1066.0,1034.0,0.9295297479096084,0.9498140791851456,0.8963354610449096,0.9299551941839964,0.9544028012804991,0.9763752012649688,0.2923453008051923,0.3884841853351108,0.0328820116054158,0.0853658536585365,split_cp,0.05,0.8973525007487272,,,,,,,,,
,,,,,,,,,course_1,catboost,42,platt,conformal,2100,,,,,,0.95,0.941904761904762,0.008095238095238,1.8371428571428567,0.1628571428571428,0.8371428571428572,0.0,0.9071294559099438,0.9777562862669246,0.1628571428571428,0.3567251461988304,0.8371428571428572,342.0,0.008095238095238,0.0,1066.0,1034.0,0.9310696131499252,0.9511261398705416,0.8882137558714308,0.9231214123850064,0.9668430637106687,0.9851327815428738,0.30780506949767,0.4088280943393777,0.0222437137330754,0.0928705440900562,mondrian_cp,0.05,0.8973525007487272,,,,,,,,,
0.6080958481062269,0.5686300051041039,0.5787436076630392,0.5888932033197731,0.2592879968134915,2.163937415647772,0.0863095407717528,0.0581823052556486,-0.1187699621466385,course_1,catboost,42,isotonic,probability,2100,1635.0,272.0,273.0,25.0,total_clicks|active_days|active_weeks|num_sessions|night_activity_ratio|weekend_activity_ratio|material_clicks|assessment_clicks|forum_accesses|grade_page_accesses|main_page_accesses|unique_content|total_session_minutes|median_session_minutes|clicks_per_session|sessions_per_active_day|active_day_fraction|zero_activity|days_since_last_activity|days_to_first_activity|actions_week_1|actions_week_2|actions_week_3|actions_week_4|forum_posts,,,,,,,,,,,,,,,,,,,,,,,,,,,,,,,,,,,,,,,
,,,,,,,,,course_1,catboost,42,isotonic,conformal,2100,,,,,,0.8,0.7895238095238095,0.0104761904761905,1.457142857142857,0.5428571428571428,0.4571428571428571,0.0,0.775797373358349,0.8036750483558994,0.5428571428571428,0.387719298245614,0.4571428571428571,1140.0,0.0104761904761905,0.0,1066.0,1034.0,0.7715680413000735,0.8064222796443704,0.7497965032623077,0.7998176429759238,0.7783585787482649,0.8267434767367804,0.3598581224931307,0.4163346374161514,0.1963249516441005,0.224202626641651,split_cp,0.2,0.8973525007487272,,,,,,,,,
,,,,,,,,,course_1,catboost,42,isotonic,conformal,2100,,,,,,0.8,0.8757142857142857,0.0757142857142856,1.6857142857142855,0.3142857142857143,0.6857142857142857,0.0,0.775797373358349,0.9787234042553192,0.3142857142857143,0.3954545454545454,0.6857142857142857,660.0,0.0,0.0757142857142856,1066.0,1034.0,0.8609143589053914,0.889142159557053,0.7497965032623077,0.7998176429759238,0.9679950541061392,0.9859078677572282,0.3588601047470829,0.4332589348724744,0.0212765957446808,0.224202626641651,mondrian_cp,0.2,0.8973525007487272,,,,,,,,,
,,,,,,,,,course_1,catboost,42,isotonic,conformal,2100,,,,,,0.8,0.8757142857142857,0.0757142857142856,1.6857142857142855,0.3142857142857143,0.6857142857142857,0.0,0.775797373358349,0.9787234042553192,0.3142857142857143,0.3954545454545454,0.6857142857142857,660.0,0.0,0.0757142857142856,1066.0,1034.0,0.8609143589053914,0.889142159557053,0.7497965032623077,0.7998176429759238,0.9679950541061392,0.9859078677572282,0.3588601047470829,0.4332589348724744,0.0212765957446808,0.224202626641651,empirical_mondrian,0.2,0.8973525007487272,,,,,,,,,
,,,,,,,,,course_1,catboost,42,isotonic,conformal,2100,,,,,,0.8,0.7895238095238095,0.0104761904761905,1.457142857142857,0.5428571428571428,0.4571428571428571,0.0,0.775797373358349,0.8036750483558994,0.5428571428571428,0.387719298245614,0.4571428571428571,1140.0,0.0104761904761905,0.0,1066.0,1034.0,0.7715680413000735,0.8064222796443704,0.7497965032623077,0.7998176429759238,0.7783585787482649,0.8267434767367804,0.3598581224931307,0.4163346374161514,0.1963249516441005,0.224202626641651,weighted_cap5,0.2,0.8973525007487272,1.8507265690337675e-05,0.3054860474768305,0.7893991152887718,5.0,6.857392950508902,83.99144413336303,5.0,40.31617641309272,43.945122595920665
,,,,,,,,,course_1,catboost,42,isotonic,conformal,2100,,,,,,0.8,0.7895238095238095,0.0104761904761905,1.457142857142857,0.5428571428571428,0.4571428571428571,0.0,0.775797373358349,0.8036750483558994,0.5428571428571428,0.387719298245614,0.4571428571428571,1140.0,0.0104761904761905,0.0,1066.0,1034.0,0.7715680413000735,0.8064222796443704,0.7497965032623077,0.7998176429759238,0.7783585787482649,0.8267434767367804,0.3598581224931307,0.4163346374161514,0.1963249516441005,0.224202626641651,weighted_cap10,0.2,0.8973525007487272,1.8507265690337675e-05,0.3054860474768305,0.8473807691495828,10.0,6.857392950508902,69.39048553457953,10.0,37.17872223035105,34.375556365267336
,,,,,,,,,course_1,catboost,42,isotonic,conformal,2100,,,,,,0.8,0.7557142857142857,0.0442857142857143,1.3657142857142857,0.6342857142857142,0.3657142857142857,0.0,0.775797373358349,0.7350096711798839,0.6342857142857142,0.3851351351351351,0.3657142857142857,1332.0,0.0442857142857143,0.0,1066.0,1034.0,0.7368815711158735,0.7736131695867027,0.7497965032623077,0.7998176429759238,0.7072757316334866,0.7610038845539848,0.3593677745944192,0.4115631259406318,0.264990328820116,0.224202626641651,weighted_cap20,0.2,0.8973525007487272,1.8507265690337675e-05,0.3054860474768305,0.8910150919470987,19.289704205330867,6.857392950508902,53.6610210161609,20.0,37.17872223035105,24.65257565870946
,,,,,,,,,course_1,catboost,42,isotonic,conformal,2100,,,,,,0.8,0.7895238095238095,0.0104761904761905,1.457142857142857,0.5428571428571428,0.4571428571428571,0.0,0.775797373358349,0.8036750483558994,0.5428571428571428,0.387719298245614,0.4571428571428571,1140.0,0.0104761904761905,0.0,1066.0,1034.0,0.7715680413000735,0.8064222796443704,0.7497965032623077,0.7998176429759238,0.7783585787482649,0.8267434767367804,0.3598581224931307,0.4163346374161514,0.1963249516441005,0.224202626641651,weighted_p99,0.2,0.8973525007487272,1.8507265690337675e-05,0.3054860474768305,0.821756258463369,6.857392950508902,6.857392950508902,76.83347469987802,6.857392950508902,38.10916268745891,39.47846563284736
,,,,,,,,,course_1,catboost,42,isotonic,conformal,2100,,,,,,0.85,0.8276190476190476,0.0223809523809523,1.5366666666666666,0.4633333333333333,0.5366666666666666,0.0,0.800187617260788,0.8558994197292069,0.4633333333333333,0.3720452209660843,0.5366666666666666,973.0,0.0223809523809523,0.0,1066.0,1034.0,0.8108698341605317,0.8431718448029178,0.7751250284132633,0.8230944504854923,0.8331753485679666,0.8759888438476279,0.3422333817789915,0.4028634322929574,0.144100580270793,0.199812382739212,split_cp,0.15,0.8973525007487272,,,,,,,,,
,,,,,,,,,course_1,catboost,42,isotonic,conformal,2100,,,,,,0.85,0.8757142857142857,0.0257142857142856,1.6857142857142855,0.3142857142857143,0.6857142857142857,0.0,0.775797373358349,0.9787234042553192,0.3142857142857143,0.3954545454545454,0.6857142857142857,660.0,0.0,0.0257142857142856,1066.0,1034.0,0.8609143589053914,0.889142159557053,0.7497965032623077,0.7998176429759238,0.9679950541061392,0.9859078677572282,0.3588601047470829,0.4332589348724744,0.0212765957446808,0.224202626641651,mondrian_cp,0.15,0.8973525007487272,,,,,,,,,
,,,,,,,,,course_1,catboost,42,isotonic,conformal,2100,,,,,,0.85,0.8757142857142857,0.0257142857142856,1.6857142857142855,0.3142857142857143,0.6857142857142857,0.0,0.775797373358349,0.9787234042553192,0.3142857142857143,0.3954545454545454,0.6857142857142857,660.0,0.0,0.0257142857142856,1066.0,1034.0,0.8609143589053914,0.889142159557053,0.7497965032623077,0.7998176429759238,0.9679950541061392,0.9859078677572282,0.3588601047470829,0.4332589348724744,0.0212765957446808,0.224202626641651,empirical_mondrian,0.15,0.8973525007487272,,,,,,,,,
,,,,,,,,,course_1,catboost,42,isotonic,conformal,2100,,,,,,0.85,0.8980952380952381,0.048095238095238,1.739047619047619,0.2609523809523809,0.7390476190476191,0.0,0.8198874296435272,0.9787234042553192,0.2609523809523809,0.3905109489051095,0.7390476190476191,548.0,0.0,0.048095238095238,1066.0,1034.0,0.8844208574206192,0.9103158338779912,0.7956831791754523,0.8417944530260341,0.9679950541061392,0.9859078677572282,0.3505616663838574,0.4319845738778936,0.0212765957446808,0.1801125703564728,weighted_cap5,0.15,0.8973525007487272,1.8507265690337675e-05,0.3054860474768305,0.7893991152887718,5.0,6.857392950508902,83.99144413336303,5.0,40.31617641309272,43.945122595920665
,,,,,,,,,course_1,catboost,42,isotonic,conformal,2100,,,,,,0.85,0.8376190476190476,0.0123809523809523,1.5609523809523809,0.439047619047619,0.560952380952381,0.0,0.8198874296435272,0.8558994197292069,0.439047619047619,0.3698481561822125,0.560952380952381,922.0,0.0123809523809523,0.0,1066.0,1034.0,0.8212313914074572,0.8527737690359813,0.7956831791754523,0.8417944530260341,0.8331753485679666,0.8759888438476279,0.3392868012684904,0.4014895511907049,0.144100580270793,0.1801125703564728,weighted_cap10,0.15,0.8973525007487272,1.8507265690337675e-05,0.3054860474768305,0.8473807691495828,10.0,6.857392950508902,69.39048553457953,10.0,37.17872223035105,34.375556365267336
,,,,,,,,,course_1,catboost,42,isotonic,conformal,2100,,,,,,0.85,0.8376190476190476,0.0123809523809523,1.5609523809523809,0.439047619047619,0.560952380952381,0.0,0.8198874296435272,0.8558994197292069,0.439047619047619,0.3698481561822125,0.560952380952381,922.0,0.0123809523809523,0.0,1066.0,1034.0,0.8212313914074572,0.8527737690359813,0.7956831791754523,0.8417944530260341,0.8331753485679666,0.8759888438476279,0.3392868012684904,0.4014895511907049,0.144100580270793,0.1801125703564728,weighted_cap20,0.15,0.8973525007487272,1.8507265690337675e-05,0.3054860474768305,0.8910150919470987,19.289704205330867,6.857392950508902,53.6610210161609,20.0,37.17872223035105,24.65257565870946
,,,,,,,,,course_1,catboost,42,isotonic,conformal,2100,,,,,,0.85,0.8980952380952381,0.048095238095238,1.739047619047619,0.2609523809523809,0.7390476190476191,0.0,0.8198874296435272,0.9787234042553192,0.2609523809523809,0.3905109489051095,0.7390476190476191,548.0,0.0,0.048095238095238,1066.0,1034.0,0.8844208574206192,0.9103158338779912,0.7956831791754523,0.8417944530260341,0.9679950541061392,0.9859078677572282,0.3505616663838574,0.4319845738778936,0.0212765957446808,0.1801125703564728,weighted_p99,0.15,0.8973525007487272,1.8507265690337675e-05,0.3054860474768305,0.821756258463369,6.857392950508902,6.857392950508902,76.83347469987802,6.857392950508902,38.10916268745891,39.47846563284736
,,,,,,,,,course_1,catboost,42,isotonic,conformal,2100,,,,,,0.9,0.9457142857142856,0.0457142857142857,1.8428571428571427,0.1571428571428571,0.8428571428571429,0.0,0.9136960600375236,0.9787234042553192,0.1571428571428571,0.3454545454545454,0.8428571428571429,330.0,0.0,0.0457142857142857,1066.0,1034.0,0.9351843164423336,0.9546165723800342,0.8953182529234356,0.929102966433912,0.9679950541061392,0.9859078677572282,0.2961932949189916,0.3982724543012569,0.0212765957446808,0.0863039399624765,split_cp,0.1,0.8973525007487272,,,,,,,,,
,,,,,,,,,course_1,catboost,42,isotonic,conformal,2100,,,,,,0.9,0.8757142857142857,0.0242857142857143,1.6857142857142855,0.3142857142857143,0.6857142857142857,0.0,0.775797373358349,0.9787234042553192,0.3142857142857143,0.3954545454545454,0.6857142857142857,660.0,0.0242857142857143,0.0,1066.0,1034.0,0.8609143589053914,0.889142159557053,0.7497965032623077,0.7998176429759238,0.9679950541061392,0.9859078677572282,0.3588601047470829,0.4332589348724744,0.0212765957446808,0.224202626641651,mondrian_cp,0.1,0.8973525007487272,,,,,,,,,
,,,,,,,,,course_1,catboost,42,isotonic,conformal,2100,,,,,,0.9,0.8757142857142857,0.0242857142857143,1.6857142857142855,0.3142857142857143,0.6857142857142857,0.0,0.775797373358349,0.9787234042553192,0.3142857142857143,0.3954545454545454,0.6857142857142857,660.0,0.0242857142857143,0.0,1066.0,1034.0,0.8609143589053914,0.889142159557053,0.7497965032623077,0.7998176429759238,0.9679950541061392,0.9859078677572282,0.3588601047470829,0.4332589348724744,0.0212765957446808,0.224202626641651,empirical_mondrian,0.1,0.8973525007487272,,,,,,,,,
,,,,,,,,,course_1,catboost,42,isotonic,conformal,2100,,,,,,0.9,0.9457142857142856,0.0457142857142857,1.8428571428571427,0.1571428571428571,0.8428571428571429,0.0,0.9136960600375236,0.9787234042553192,0.1571428571428571,0.3454545454545454,0.8428571428571429,330.0,0.0,0.0457142857142857,1066.0,1034.0,0.9351843164423336,0.9546165723800342,0.8953182529234356,0.929102966433912,0.9679950541061392,0.9859078677572282,0.2961932949189916,0.3982724543012569,0.0212765957446808,0.0863039399624765,weighted_cap5,0.1,0.8973525007487272,1.8507265690337675e-05,0.3054860474768305,0.7893991152887718,5.0,6.857392950508902,83.99144413336303,5.0,40.31617641309272,43.945122595920665
,,,,,,,,,course_1,catboost,42,isotonic,conformal,2100,,,,,,0.9,0.9457142857142856,0.0457142857142857,1.8428571428571427,0.1571428571428571,0.8428571428571429,0.0,0.9136960600375236,0.9787234042553192,0.1571428571428571,0.3454545454545454,0.8428571428571429,330.0,0.0,0.0457142857142857,1066.0,1034.0,0.9351843164423336,0.9546165723800342,0.8953182529234356,0.929102966433912,0.9679950541061392,0.9859078677572282,0.2961932949189916,0.3982724543012569,0.0212765957446808,0.0863039399624765,weighted_cap10,0.1,0.8973525007487272,1.8507265690337675e-05,0.3054860474768305,0.8473807691495828,10.0,6.857392950508902,69.39048553457953,10.0,37.17872223035105,34.375556365267336
,,,,,,,,,course_1,catboost,42,isotonic,conformal,2100,,,,,,0.9,0.9457142857142856,0.0457142857142857,1.8428571428571427,0.1571428571428571,0.8428571428571429,0.0,0.9136960600375236,0.9787234042553192,0.1571428571428571,0.3454545454545454,0.8428571428571429,330.0,0.0,0.0457142857142857,1066.0,1034.0,0.9351843164423336,0.9546165723800342,0.8953182529234356,0.929102966433912,0.9679950541061392,0.9859078677572282,0.2961932949189916,0.3982724543012569,0.0212765957446808,0.0863039399624765,weighted_cap20,0.1,0.8973525007487272,1.8507265690337675e-05,0.3054860474768305,0.8910150919470987,19.289704205330867,6.857392950508902,53.6610210161609,20.0,37.17872223035105,24.65257565870946
,,,,,,,,,course_1,catboost,42,isotonic,conformal,2100,,,,,,0.9,0.9457142857142856,0.0457142857142857,1.8428571428571427,0.1571428571428571,0.8428571428571429,0.0,0.9136960600375236,0.9787234042553192,0.1571428571428571,0.3454545454545454,0.8428571428571429,330.0,0.0,0.0457142857142857,1066.0,1034.0,0.9351843164423336,0.9546165723800342,0.8953182529234356,0.929102966433912,0.9679950541061392,0.9859078677572282,0.2961932949189916,0.3982724543012569,0.0212765957446808,0.0863039399624765,weighted_p99,0.1,0.8973525007487272,1.8507265690337675e-05,0.3054860474768305,0.821756258463369,6.857392950508902,6.857392950508902,76.83347469987802,6.857392950508902,38.10916268745891,39.47846563284736
,,,,,,,,,course_1,catboost,42,isotonic,conformal,2100,,,,,,0.95,0.9457142857142856,0.0042857142857142,1.8428571428571427,0.1571428571428571,0.8428571428571429,0.0,0.9136960600375236,0.9787234042553192,0.1571428571428571,0.3454545454545454,0.8428571428571429,330.0,0.0042857142857142,0.0,1066.0,1034.0,0.9351843164423336,0.9546165723800342,0.8953182529234356,0.929102966433912,0.9679950541061392,0.9859078677572282,0.2961932949189916,0.3982724543012569,0.0212765957446808,0.0863039399624765,split_cp,0.05,0.8973525007487272,,,,,,,,,
,,,,,,,,,course_1,catboost,42,isotonic,conformal,2100,,,,,,0.95,0.9457142857142856,0.0042857142857142,1.8428571428571427,0.1571428571428571,0.8428571428571429,0.0,0.9136960600375236,0.9787234042553192,0.1571428571428571,0.3454545454545454,0.8428571428571429,330.0,0.0042857142857142,0.0,1066.0,1034.0,0.9351843164423336,0.9546165723800342,0.8953182529234356,0.929102966433912,0.9679950541061392,0.9859078677572282,0.2961932949189916,0.3982724543012569,0.0212765957446808,0.0863039399624765,mondrian_cp,0.05,0.8973525007487272,,,,,,,,,
,,,,,,,,,course_1,catboost,42,isotonic,conformal,2100,,,,,,0.95,0.9457142857142856,0.0042857142857142,1.8428571428571427,0.1571428571428571,0.8428571428571429,0.0,0.9136960600375236,0.9787234042553192,0.1571428571428571,0.3454545454545454,0.8428571428571429,330.0,0.0042857142857142,0.0,1066.0,1034.0,0.9351843164423336,0.9546165723800342,0.8953182529234356,0.929102966433912,0.9679950541061392,0.9859078677572282,0.2961932949189916,0.3982724543012569,0.0212765957446808,0.0863039399624765,empirical_mondrian,0.05,0.8973525007487272,,,,,,,,,
,,,,,,,,,course_1,catboost,42,isotonic,conformal,2100,,,,,,0.95,0.9457142857142856,0.0042857142857142,1.8428571428571427,0.1571428571428571,0.8428571428571429,0.0,0.9136960600375236,0.9787234042553192,0.1571428571428571,0.3454545454545454,0.8428571428571429,330.0,0.0042857142857142,0.0,1066.0,1034.0,0.9351843164423336,0.9546165723800342,0.8953182529234356,0.929102966433912,0.9679950541061392,0.9859078677572282,0.2961932949189916,0.3982724543012569,0.0212765957446808,0.0863039399624765,weighted_cap5,0.05,0.8973525007487272,1.8507265690337675e-05,0.3054860474768305,0.7893991152887718,5.0,6.857392950508902,83.99144413336303,5.0,40.31617641309272,43.945122595920665
,,,,,,,,,course_1,catboost,42,isotonic,conformal,2100,,,,,,0.95,0.9457142857142856,0.0042857142857142,1.8428571428571427,0.1571428571428571,0.8428571428571429,0.0,0.9136960600375236,0.9787234042553192,0.1571428571428571,0.3454545454545454,0.8428571428571429,330.0,0.0042857142857142,0.0,1066.0,1034.0,0.9351843164423336,0.9546165723800342,0.8953182529234356,0.929102966433912,0.9679950541061392,0.9859078677572282,0.2961932949189916,0.3982724543012569,0.0212765957446808,0.0863039399624765,weighted_cap10,0.05,0.8973525007487272,1.8507265690337675e-05,0.3054860474768305,0.8473807691495828,10.0,6.857392950508902,69.39048553457953,10.0,37.17872223035105,34.375556365267336
,,,,,,,,,course_1,catboost,42,isotonic,conformal,2100,,,,,,0.95,0.9457142857142856,0.0042857142857142,1.8428571428571427,0.1571428571428571,0.8428571428571429,0.0,0.9136960600375236,0.9787234042553192,0.1571428571428571,0.3454545454545454,0.8428571428571429,330.0,0.0042857142857142,0.0,1066.0,1034.0,0.9351843164423336,0.9546165723800342,0.8953182529234356,0.929102966433912,0.9679950541061392,0.9859078677572282,0.2961932949189916,0.3982724543012569,0.0212765957446808,0.0863039399624765,weighted_cap20,0.05,0.8973525007487272,1.8507265690337675e-05,0.3054860474768305,0.8910150919470987,19.289704205330867,6.857392950508902,53.6610210161609,20.0,37.17872223035105,24.65257565870946
,,,,,,,,,course_1,catboost,42,isotonic,conformal,2100,,,,,,0.95,0.9457142857142856,0.0042857142857142,1.8428571428571427,0.1571428571428571,0.8428571428571429,0.0,0.9136960600375236,0.9787234042553192,0.1571428571428571,0.3454545454545454,0.8428571428571429,330.0,0.0042857142857142,0.0,1066.0,1034.0,0.9351843164423336,0.9546165723800342,0.8953182529234356,0.929102966433912,0.9679950541061392,0.9859078677572282,0.2961932949189916,0.3982724543012569,0.0212765957446808,0.0863039399624765,weighted_p99,0.05,0.8973525007487272,1.8507265690337675e-05,0.3054860474768305,0.821756258463369,6.857392950508902,6.857392950508902,76.83347469987802,6.857392950508902,38.10916268745891,39.47846563284736
0.6356664223166558,0.5951178149611794,0.5834198504983389,0.5947539746190499,0.2417052905397691,0.7421761204846044,0.0591047648142171,0.4146297375370147,-0.0458571709570234,course_1,logistic,7,isotonic,probability,2100,1635.0,272.0,273.0,25.0,total_clicks|active_days|active_weeks|num_sessions|night_activity_ratio|weekend_activity_ratio|material_clicks|assessment_clicks|forum_accesses|grade_page_accesses|main_page_accesses|unique_content|total_session_minutes|median_session_minutes|clicks_per_session|sessions_per_active_day|active_day_fraction|zero_activity|days_since_last_activity|days_to_first_activity|actions_week_1|actions_week_2|actions_week_3|actions_week_4|forum_posts,,,,,,,,,,,,,,,,,,,,,,,,,,,,,,,,,,,,,,,
,,,,,,,,,course_1,logistic,7,isotonic,conformal,2100,,,,,,0.9,0.956190476190476,0.0561904761904761,1.8685714285714283,0.1314285714285714,0.8685714285714285,0.0,1.0,0.9110251450676984,0.1314285714285714,0.3333333333333333,0.8685714285714285,276.0,0.0,0.0561904761904761,1066.0,1034.0,0.9465721584099706,0.9641428538676234,0.9964093195407394,1.0,0.8921157588271896,0.9268918003484292,0.2803424769776779,0.3908999458294865,0.0889748549323017,0.0,split_cp,0.1,0.8919117500249577,,,,,,,,,
,,,,,,,,,course_1,logistic,7,isotonic,conformal,2100,,,,,,0.9,0.8938095238095238,0.0061904761904761,1.7019047619047618,0.2980952380952381,0.7019047619047619,0.0,0.7954971857410882,0.995164410058027,0.2980952380952381,0.3562300319488818,0.7019047619047619,626.0,0.0061904761904761,0.0,1066.0,1034.0,0.8799062576766905,0.9062746558447816,0.7702439450577725,0.8186283544831898,0.9887304148468216,0.9979328093835708,0.3196973526127618,0.3945164428127897,0.0048355899419729,0.2045028142589118,mondrian_cp,0.1,0.8919117500249577,,,,,,,,,
,,,,,,,,,course_1,logistic,7,isotonic,conformal,2100,,,,,,0.9,0.8938095238095238,0.0061904761904761,1.7019047619047618,0.2980952380952381,0.7019047619047619,0.0,0.7954971857410882,0.995164410058027,0.2980952380952381,0.3562300319488818,0.7019047619047619,626.0,0.0061904761904761,0.0,1066.0,1034.0,0.8799062576766905,0.9062746558447816,0.7702439450577725,0.8186283544831898,0.9887304148468216,0.9979328093835708,0.3196973526127618,0.3945164428127897,0.0048355899419729,0.2045028142589118,empirical_mondrian,0.1,0.8919117500249577,,,,,,,,,
,,,,,,,,,course_1,logistic,7,isotonic,conformal,2100,,,,,,0.9,0.9438095238095238,0.0438095238095237,1.83,0.17,0.83,0.0,1.0,0.8858800773694391,0.17,0.330532212885154,0.83,357.0,0.0,0.0438095238095237,1066.0,1034.0,0.9331253963889852,0.9528729245324318,0.9964093195407394,1.0,0.8650549252554652,0.9038486420647036,0.2837670846070159,0.3809055935396321,0.1141199226305609,0.0,weighted_cap10,0.1,0.8919117500249577,1.0361054522641852e-05,0.2701765236009452,0.7838656080791427,10.0,7.331731864304002,62.60301008171589,10.0,35.817167225214845,30.675167529678365
0.612167088230918,0.5772889328507128,0.5574966204950726,0.5726944306342334,0.2446219285599904,0.6834011531412203,0.0639288647387271,0.6069050294527856,-0.0866352954575575,course_1,catboost,7,isotonic,probability,2100,1635.0,272.0,273.0,25.0,total_clicks|active_days|active_weeks|num_sessions|night_activity_ratio|weekend_activity_ratio|material_clicks|assessment_clicks|forum_accesses|grade_page_accesses|main_page_accesses|unique_content|total_session_minutes|median_session_minutes|clicks_per_session|sessions_per_active_day|active_day_fraction|zero_activity|days_since_last_activity|days_to_first_activity|actions_week_1|actions_week_2|actions_week_3|actions_week_4|forum_posts,,,,,,,,,,,,,,,,,,,,,,,,,,,,,,,,,,,,,,,
,,,,,,,,,course_1,catboost,7,isotonic,conformal,2100,,,,,,0.9,0.9571428571428572,0.0571428571428571,1.876190476190476,0.1238095238095238,0.8761904761904762,0.0,0.9840525328330206,0.9294003868471954,0.1238095238095238,0.3461538461538461,0.8761904761904762,260.0,0.0,0.0571428571428571,1066.0,1034.0,0.9476134963682056,0.9650027998598636,0.9746092627312872,0.990019646992956,0.9121459459500674,0.943476068812226,0.2909452218289949,0.4058423855562121,0.0705996131528046,0.0159474671669793,split_cp,0.1,0.8919117500249577,,,,,,,,,
,,,,,,,,,course_1,catboost,7,isotonic,conformal,2100,,,,,,0.9,0.9828571428571428,0.0828571428571428,1.9514285714285715,0.0485714285714285,0.9514285714285714,0.0,0.9840525328330206,0.9816247582205028,0.0485714285714285,0.3529411764705882,0.9514285714285714,102.0,0.0,0.0828571428571428,1066.0,1034.0,0.9763592267535456,0.9875917361373526,0.9746092627312872,0.990019646992956,0.9714789323485176,0.988205219344325,0.2670799747987331,0.4494772199502266,0.0183752417794971,0.0159474671669793,mondrian_cp,0.1,0.8919117500249577,,,,,,,,,
,,,,,,,,,course_1,catboost,7,isotonic,conformal,2100,,,,,,0.9,0.9828571428571428,0.0828571428571428,1.9514285714285715,0.0485714285714285,0.9514285714285714,0.0,0.9840525328330206,0.9816247582205028,0.0485714285714285,0.3529411764705882,0.9514285714285714,102.0,0.0,0.0828571428571428,1066.0,1034.0,0.9763592267535456,0.9875917361373526,0.9746092627312872,0.990019646992956,0.9714789323485176,0.988205219344325,0.2670799747987331,0.4494772199502266,0.0183752417794971,0.0159474671669793,empirical_mondrian,0.1,0.8919117500249577,,,,,,,,,
,,,,,,,,,course_1,catboost,7,isotonic,conformal,2100,,,,,,0.9,0.956190476190476,0.0561904761904761,1.873809523809524,0.1261904761904762,0.8738095238095238,0.0,0.9840525328330206,0.9274661508704062,0.1261904761904762,0.3471698113207547,0.8738095238095238,265.0,0.0,0.0561904761904761,1066.0,1034.0,0.9465721584099706,0.9641428538676234,0.9746092627312872,0.990019646992956,0.9100249880267,0.9417428735159434,0.2924040038877701,0.4063031808027297,0.0725338491295938,0.0159474671669793,weighted_cap10,0.1,0.8919117500249577,1.0361054522641852e-05,0.2701765236009452,0.7838656080791427,10.0,7.331731864304002,62.60301008171589,10.0,35.817167225214845,30.675167529678365
0.6383999368560863,0.6086040406497248,0.5977446100410426,0.5986841389020943,0.2452654875586316,1.1787866738287152,0.0826229028110623,0.1087245356647145,-0.0737433887298211,course_1,logistic,19,isotonic,probability,2100,1635.0,272.0,273.0,25.0,total_clicks|active_days|active_weeks|num_sessions|night_activity_ratio|weekend_activity_ratio|material_clicks|assessment_clicks|forum_accesses|grade_page_accesses|main_page_accesses|unique_content|total_session_minutes|median_session_minutes|clicks_per_session|sessions_per_active_day|active_day_fraction|zero_activity|days_since_last_activity|days_to_first_activity|actions_week_1|actions_week_2|actions_week_3|actions_week_4|forum_posts,,,,,,,,,,,,,,,,,,,,,,,,,,,,,,,,,,,,,,,
,,,,,,,,,course_1,logistic,19,isotonic,conformal,2100,,,,,,0.9,0.9166666666666666,0.0166666666666666,1.739047619047619,0.2609523809523809,0.7390476190476191,0.0,0.9774859287054408,0.8539651837524178,0.2609523809523809,0.3193430656934307,0.7390476190476191,548.0,0.0,0.0166666666666666,1066.0,1034.0,0.904071199878016,0.9277405284548592,0.96671823718485,0.984824621438483,0.8311303311087482,0.8741797080871964,0.2816817392365655,0.3595195571953237,0.1460348162475822,0.0225140712945591,split_cp,0.1,0.8929579714485375,,,,,,,,,
,,,,,,,,,course_1,logistic,19,isotonic,conformal,2100,,,,,,0.9,0.87,0.03,1.6504761904761904,0.3495238095238095,0.6504761904761904,0.0,0.7551594746716698,0.988394584139265,0.3495238095238095,0.3719346049046321,0.6504761904761904,734.0,0.03,0.0,1066.0,1034.0,0.8549380021286372,0.8837108126309563,0.7284608541991088,0.7800257028648333,0.9798247731678046,0.9933489147938128,0.337720942297413,0.4074817733368047,0.011605415860735,0.2448405253283302,mondrian_cp,0.1,0.8929579714485375,,,,,,,,,
,,,,,,,,,course_1,logistic,19,isotonic,conformal,2100,,,,,,0.9,0.87,0.03,1.6504761904761904,0.3495238095238095,0.6504761904761904,0.0,0.7551594746716698,0.988394584139265,0.3495238095238095,0.3719346049046321,0.6504761904761904,734.0,0.03,0.0,1066.0,1034.0,0.8549380021286372,0.8837108126309563,0.7284608541991088,0.7800257028648333,0.9798247731678046,0.9933489147938128,0.337720942297413,0.4074817733368047,0.011605415860735,0.2448405253283302,empirical_mondrian,0.1,0.8929579714485375,,,,,,,,,
,,,,,,,,,course_1,logistic,19,isotonic,conformal,2100,,,,,,0.9,0.9228571428571428,0.0228571428571427,1.7714285714285714,0.2285714285714285,0.7714285714285715,0.0,0.8592870544090057,0.988394584139265,0.2285714285714285,0.3375,0.7714285714285715,480.0,0.0,0.0228571428571427,1066.0,1034.0,0.9106575625177876,0.9335125114931762,0.8371205810050487,0.8788733578018993,0.9798247731678046,0.9933489147938128,0.2966370321932632,0.3809433050101021,0.011605415860735,0.1407129455909943,weighted_cap10,0.1,0.8929579714485375,2.2900035828030268e-05,0.3598210252211549,0.7941707039255907,6.820164918813282,5.286833158126401,91.0270300932101,10.0,49.720378451664,43.5771327231419
0.6101208080969368,0.5809652038595807,0.5848029419677254,0.5895890565065448,0.2491906285444909,0.9002154221923385,0.0739771295200596,0.1286950299122394,-0.0655254624072203,course_1,catboost,19,isotonic,probability,2100,1635.0,272.0,273.0,25.0,total_clicks|active_days|active_weeks|num_sessions|night_activity_ratio|weekend_activity_ratio|material_clicks|assessment_clicks|forum_accesses|grade_page_accesses|main_page_accesses|unique_content|total_session_minutes|median_session_minutes|clicks_per_session|sessions_per_active_day|active_day_fraction|zero_activity|days_since_last_activity|days_to_first_activity|actions_week_1|actions_week_2|actions_week_3|actions_week_4|forum_posts,,,,,,,,,,,,,,,,,,,,,,,,,,,,,,,,,,,,,,,
,,,,,,,,,course_1,catboost,19,isotonic,conformal,2100,,,,,,0.9,0.8938095238095238,0.0061904761904761,1.7052380952380952,0.2947619047619048,0.7052380952380952,0.0,0.9118198874296436,0.8752417794970987,0.2947619047619048,0.3602584814216478,0.7052380952380952,619.0,0.0061904761904761,0.0,1066.0,1034.0,0.8799062576766905,0.9062746558447816,0.8932855872964666,0.9273967603177634,0.8537010010336984,0.894004723578396,0.3234081310912736,0.3988325811317643,0.1247582205029013,0.0881801125703564,split_cp,0.1,0.8929579714485375,,,,,,,,,
,,,,,,,,,course_1,catboost,19,isotonic,conformal,2100,,,,,,0.9,0.8928571428571429,0.0071428571428571,1.7261904761904765,0.2738095238095238,0.7261904761904762,0.0,0.7926829268292683,0.9961315280464216,0.2738095238095238,0.391304347826087,0.7261904761904762,575.0,0.0071428571428571,0.0,1066.0,1034.0,0.8789039316271197,0.9053756979438774,0.7673176987553729,0.8159462931709138,0.9900956712745268,0.9984946295656904,0.3522610505099723,0.4317903540755434,0.0038684719535783,0.2073170731707317,mondrian_cp,0.1,0.8929579714485375,,,,,,,,,
,,,,,,,,,course_1,catboost,19,isotonic,conformal,2100,,,,,,0.9,0.8928571428571429,0.0071428571428571,1.7261904761904765,0.2738095238095238,0.7261904761904762,0.0,0.7926829268292683,0.9961315280464216,0.2738095238095238,0.391304347826087,0.7261904761904762,575.0,0.0071428571428571,0.0,1066.0,1034.0,0.8789039316271197,0.9053756979438774,0.7673176987553729,0.8159462931709138,0.9900956712745268,0.9984946295656904,0.3522610505099723,0.4317903540755434,0.0038684719535783,0.2073170731707317,empirical_mondrian,0.1,0.8929579714485375,,,,,,,,,
,,,,,,,,,course_1,catboost,19,isotonic,conformal,2100,,,,,,0.9,0.8928571428571429,0.0071428571428571,1.7261904761904765,0.2738095238095238,0.7261904761904762,0.0,0.7926829268292683,0.9961315280464216,0.2738095238095238,0.391304347826087,0.7261904761904762,575.0,0.0071428571428571,0.0,1066.0,1034.0,0.8789039316271197,0.9053756979438774,0.7673176987553729,0.8159462931709138,0.9900956712745268,0.9984946295656904,0.3522610505099723,0.4317903540755434,0.0038684719535783,0.2073170731707317,weighted_cap10,0.1,0.8929579714485375,2.2900035828030268e-05,0.3598210252211549,0.7941707039255907,6.820164918813282,5.286833158126401,91.0270300932101,10.0,49.720378451664,43.5771327231419
0.6325178454135381,0.5956046335883183,0.606040306974155,0.6060336912698095,0.2429859230414079,1.2996020375845805,0.0580756748930633,0.096287560596818,-0.0902622170820584,course_1,logistic,73,isotonic,probability,2100,1635.0,272.0,273.0,25.0,total_clicks|active_days|active_weeks|num_sessions|night_activity_ratio|weekend_activity_ratio|material_clicks|assessment_clicks|forum_accesses|grade_page_accesses|main_page_accesses|unique_content|total_session_minutes|median_session_minutes|clicks_per_session|sessions_per_active_day|active_day_fraction|zero_activity|days_since_last_activity|days_to_first_activity|actions_week_1|actions_week_2|actions_week_3|actions_week_4|forum_posts,,,,,,,,,,,,,,,,,,,,,,,,,,,,,,,,,,,,,,,
,,,,,,,,,course_1,logistic,73,isotonic,conformal,2100,,,,,,0.9,0.9038095238095238,0.0038095238095238,1.698095238095238,0.3019047619047619,0.6980952380952381,0.0,0.9362101313320824,0.8704061895551257,0.3019047619047619,0.3186119873817035,0.6980952380952381,634.0,0.0,0.0038095238095238,1066.0,1034.0,0.8904513510720269,0.9156930439294344,0.9199166104190988,0.9493710698556552,0.8485560586707162,0.8895142828922531,0.2835286148391518,0.355880211885208,0.1295938104448742,0.0637898686679174,split_cp,0.1,0.9001657182789258,,,,,,,,,
,,,,,,,,,course_1,logistic,73,isotonic,conformal,2100,,,,,,0.9,0.958095238095238,0.058095238095238,1.8557142857142856,0.1442857142857143,0.8557142857142858,0.0,0.9352720450281424,0.9816247582205028,0.1442857142857143,0.2904290429042904,0.8557142857142858,303.0,0.0,0.058095238095238,1066.0,1034.0,0.9486559825849302,0.965861597593614,0.918882921486462,0.9485353229167331,0.9714789323485176,0.988205219344325,0.2421914184946923,0.3439140560128652,0.0183752417794971,0.0647279549718574,mondrian_cp,0.1,0.9001657182789258,,,,,,,,,
,,,,,,,,,course_1,logistic,73,isotonic,conformal,2100,,,,,,0.9,0.958095238095238,0.058095238095238,1.8557142857142856,0.1442857142857143,0.8557142857142858,0.0,0.9352720450281424,0.9816247582205028,0.1442857142857143,0.2904290429042904,0.8557142857142858,303.0,0.0,0.058095238095238,1066.0,1034.0,0.9486559825849302,0.965861597593614,0.918882921486462,0.9485353229167331,0.9714789323485176,0.988205219344325,0.2421914184946923,0.3439140560128652,0.0183752417794971,0.0647279549718574,empirical_mondrian,0.1,0.9001657182789258,,,,,,,,,
,,,,,,,,,course_1,logistic,73,isotonic,conformal,2100,,,,,,0.9,0.9361904761904762,0.0361904761904762,1.8152380952380955,0.1847619047619047,0.8152380952380952,0.0,1.0,0.8704061895551257,0.1847619047619047,0.345360824742268,0.8152380952380952,388.0,0.0,0.0361904761904762,1066.0,1034.0,0.92491971025076,0.9458683390668562,0.9964093195407394,1.0,0.8485560586707162,0.8895142828922531,0.2997730964061064,0.393980595811256,0.1295938104448742,0.0,weighted_cap10,0.1,0.9001657182789258,2.502791402713675e-05,0.2919357996677276,0.7295567466881029,10.0,6.053511343250526,71.22144035282538,10.0,39.99541745553571,32.111466674271085
0.5962019298812242,0.5600599830172577,0.5394842915054359,0.5684639698651115,0.2498562665783704,1.1744991507883218,0.0719221654955735,0.0914319291150241,-0.0923380883593595,course_1,catboost,73,isotonic,probability,2100,1635.0,272.0,273.0,25.0,total_clicks|active_days|active_weeks|num_sessions|night_activity_ratio|weekend_activity_ratio|material_clicks|assessment_clicks|forum_accesses|grade_page_accesses|main_page_accesses|unique_content|total_session_minutes|median_session_minutes|clicks_per_session|sessions_per_active_day|active_day_fraction|zero_activity|days_since_last_activity|days_to_first_activity|actions_week_1|actions_week_2|actions_week_3|actions_week_4|forum_posts,,,,,,,,,,,,,,,,,,,,,,,,,,,,,,,,,,,,,,,
,,,,,,,,,course_1,catboost,73,isotonic,conformal,2100,,,,,,0.9,0.940952380952381,0.0409523809523809,1.8314285714285716,0.1685714285714285,0.8314285714285714,0.0,0.8949343339587242,0.988394584139265,0.1685714285714285,0.3502824858757062,0.8314285714285714,354.0,0.0,0.0409523809523809,1066.0,1034.0,0.930042852756306,0.950251616313686,0.8750871595362788,0.9119453423898964,0.9798247731678046,0.9933489147938128,0.3024354531275045,0.4013439793917608,0.011605415860735,0.1050656660412758,split_cp,0.1,0.9001657182789258,,,,,,,,,
,,,,,,,,,course_1,catboost,73,isotonic,conformal,2100,,,,,,0.9,0.940952380952381,0.0409523809523809,1.8314285714285716,0.1685714285714285,0.8314285714285714,0.0,0.8949343339587242,0.988394584139265,0.1685714285714285,0.3502824858757062,0.8314285714285714,354.0,0.0,0.0409523809523809,1066.0,1034.0,0.930042852756306,0.950251616313686,0.8750871595362788,0.9119453423898964,0.9798247731678046,0.9933489147938128,0.3024354531275045,0.4013439793917608,0.011605415860735,0.1050656660412758,mondrian_cp,0.1,0.9001657182789258,,,,,,,,,
,,,,,,,,,course_1,catboost,73,isotonic,conformal,2100,,,,,,0.9,0.940952380952381,0.0409523809523809,1.8314285714285716,0.1685714285714285,0.8314285714285714,0.0,0.8949343339587242,0.988394584139265,0.1685714285714285,0.3502824858757062,0.8314285714285714,354.0,0.0,0.0409523809523809,1066.0,1034.0,0.930042852756306,0.950251616313686,0.8750871595362788,0.9119453423898964,0.9798247731678046,0.9933489147938128,0.3024354531275045,0.4013439793917608,0.011605415860735,0.1050656660412758,empirical_mondrian,0.1,0.9001657182789258,,,,,,,,,
,,,,,,,,,course_1,catboost,73,isotonic,conformal,2100,,,,,,0.9,0.940952380952381,0.0409523809523809,1.8314285714285716,0.1685714285714285,0.8314285714285714,0.0,0.8949343339587242,0.988394584139265,0.1685714285714285,0.3502824858757062,0.8314285714285714,354.0,0.0,0.0409523809523809,1066.0,1034.0,0.930042852756306,0.950251616313686,0.8750871595362788,0.9119453423898964,0.9798247731678046,0.9933489147938128,0.3024354531275045,0.4013439793917608,0.011605415860735,0.1050656660412758,weighted_cap10,0.1,0.9001657182789258,2.502791402713675e-05,0.2919357996677276,0.7295567466881029,10.0,6.053511343250526,71.22144035282538,10.0,39.99541745553571,32.111466674271085
0.6378070554251146,0.6018329550724169,0.5964568377074262,0.6038154891294486,0.2512773655880195,1.2957346520736064,0.0954317807935143,0.1102291164046331,-0.0899060138136795,course_1,logistic,101,isotonic,probability,2100,1635.0,272.0,273.0,25.0,total_clicks|active_days|active_weeks|num_sessions|night_activity_ratio|weekend_activity_ratio|material_clicks|assessment_clicks|forum_accesses|grade_page_accesses|main_page_accesses|unique_content|total_session_minutes|median_session_minutes|clicks_per_session|sessions_per_active_day|active_day_fraction|zero_activity|days_since_last_activity|days_to_first_activity|actions_week_1|actions_week_2|actions_week_3|actions_week_4|forum_posts,,,,,,,,,,,,,,,,,,,,,,,,,,,,,,,,,,,,,,,
,,,,,,,,,course_1,logistic,101,isotonic,conformal,2100,,,,,,0.9,0.93,0.03,1.766190476190476,0.2338095238095238,0.7661904761904762,0.0,0.9662288930581614,0.8926499032882012,0.2338095238095238,0.2993890020366598,0.7661904761904762,491.0,0.0,0.03,1066.0,1034.0,0.918283967120862,0.9401457365186656,0.9536017931551188,0.9755078350095108,0.8723073462201637,0.9100857573687804,0.2605637134965803,0.3413289806412748,0.1073500967117988,0.0337711069418386,split_cp,0.1,0.8998183088749127,,,,,,,,,
,,,,,,,,,course_1,logistic,101,isotonic,conformal,2100,,,,,,0.9,0.9661904761904762,0.0661904761904761,1.8828571428571428,0.1171428571428571,0.8828571428571429,0.0,0.9662288930581614,0.9661508704061896,0.1171428571428571,0.2886178861788618,0.8828571428571429,246.0,0.0,0.0661904761904761,1066.0,1034.0,0.9575693631398392,0.9731091306177436,0.9536017931551188,0.9755078350095108,0.9532888103401944,0.9755621155954484,0.2355879803773055,0.3481480396935724,0.0338491295938104,0.0337711069418386,mondrian_cp,0.1,0.8998183088749127,,,,,,,,,
,,,,,,,,,course_1,logistic,101,isotonic,conformal,2100,,,,,,0.9,0.8961904761904762,0.0038095238095238,1.707142857142857,0.2928571428571428,0.7071428571428572,0.0,0.8283302063789869,0.9661508704061896,0.2928571428571428,0.3544715447154472,0.7071428571428572,615.0,0.0038095238095238,0.0,1066.0,1034.0,0.8824135220740523,0.9085206013236078,0.8045242575379904,0.8497782975075235,0.9532888103401944,0.9755621155954484,0.3176757679903568,0.393074057431627,0.0338491295938104,0.1716697936210131,empirical_mondrian,0.1,0.8998183088749127,,,,,,,,,
,,,,,,,,,course_1,logistic,101,isotonic,conformal,2100,,,,,,0.9,0.9052380952380952,0.0052380952380952,1.7066666666666668,0.2933333333333333,0.7066666666666667,0.0,0.9662288930581614,0.8423597678916828,0.2933333333333333,0.323051948051948,0.7066666666666667,616.0,0.0,0.0052380952380952,1066.0,1034.0,0.8919610457641968,0.9170352751629772,0.9536017931551188,0.9755078350095108,0.8188864126916349,0.8632987071864098,0.287317520363642,0.360979641922396,0.1576402321083172,0.0337711069418386,weighted_cap10,0.1,0.8998183088749127,1.1048788877879357e-05,0.2941675238468952,0.7084745559171015,6.089796876554649,5.471523551313398,84.82116636079212,10.0,47.95405272283425,39.80805507465303
0.6025412703539325,0.5711807269287476,0.5866632924894625,0.5868464695657223,0.2495816446794547,0.9695029030117543,0.0648454152279933,0.1058115132944593,-0.0578661613733099,course_1,catboost,101,isotonic,probability,2100,1635.0,272.0,273.0,25.0,total_clicks|active_days|active_weeks|num_sessions|night_activity_ratio|weekend_activity_ratio|material_clicks|assessment_clicks|forum_accesses|grade_page_accesses|main_page_accesses|unique_content|total_session_minutes|median_session_minutes|clicks_per_session|sessions_per_active_day|active_day_fraction|zero_activity|days_since_last_activity|days_to_first_activity|actions_week_1|actions_week_2|actions_week_3|actions_week_4|forum_posts,,,,,,,,,,,,,,,,,,,,,,,,,,,,,,,,,,,,,,,
,,,,,,,,,course_1,catboost,101,isotonic,conformal,2100,,,,,,0.9,0.9614285714285714,0.0614285714285713,1.89,0.11,0.89,0.0,0.953095684803002,0.970019342359768,0.11,0.3506493506493506,0.89,231.0,0.0,0.0614285714285713,1066.0,1034.0,0.9523142833890964,0.9688577906161112,0.9386951287079844,0.9642423972548246,0.9577596410978446,0.978799591277098,0.2920144148589962,0.4141703433753544,0.0299806576402321,0.0469043151969981,split_cp,0.1,0.8998183088749127,,,,,,,,,
,,,,,,,,,course_1,catboost,101,isotonic,conformal,2100,,,,,,0.9,0.96,0.0599999999999999,1.8876190476190475,0.1123809523809523,0.8876190476190476,0.0,0.950281425891182,0.970019342359768,0.1123809523809523,0.3559322033898305,0.8876190476190476,236.0,0.0,0.0599999999999999,1066.0,1034.0,0.9507445506430836,0.9675755974364112,0.935539759676856,0.9617894586712772,0.9577596410978446,0.978799591277098,0.2976009632860347,0.4188784129887865,0.0299806576402321,0.049718574108818,mondrian_cp,0.1,0.8998183088749127,,,,,,,,,
,,,,,,,,,course_1,catboost,101,isotonic,conformal,2100,,,,,,0.9,0.96,0.0599999999999999,1.8876190476190475,0.1123809523809523,0.8876190476190476,0.0,0.950281425891182,0.970019342359768,0.1123809523809523,0.3559322033898305,0.8876190476190476,236.0,0.0,0.0599999999999999,1066.0,1034.0,0.9507445506430836,0.9675755974364112,0.935539759676856,0.9617894586712772,0.9577596410978446,0.978799591277098,0.2976009632860347,0.4188784129887865,0.0299806576402321,0.049718574108818,empirical_mondrian,0.1,0.8998183088749127,,,,,,,,,
,,,,,,,,,course_1,catboost,101,isotonic,conformal,2100,,,,,,0.9,0.96,0.0599999999999999,1.8876190476190475,0.1123809523809523,0.8876190476190476,0.0,0.950281425891182,0.970019342359768,0.1123809523809523,0.3559322033898305,0.8876190476190476,236.0,0.0,0.0599999999999999,1066.0,1034.0,0.9507445506430836,0.9675755974364112,0.935539759676856,0.9617894586712772,0.9577596410978446,0.978799591277098,0.2976009632860347,0.4188784129887865,0.0299806576402321,0.049718574108818,weighted_cap10,0.1,0.8998183088749127,1.1048788877879357e-05,0.2941675238468952,0.7084745559171015,6.089796876554649,5.471523551313398,84.82116636079212,10.0,47.95405272283425,39.80805507465303
0.6523177582799207,0.5523274026805873,0.607688071823876,0.6086502165329093,0.2294089018577114,0.6521086924135242,0.0221458414619568,0.8398029990424959,-0.0663561881475685,course_2,logistic,42,none,probability,2180,1575.0,262.0,263.0,25.0,total_clicks|active_days|active_weeks|num_sessions|night_activity_ratio|weekend_activity_ratio|material_clicks|assessment_clicks|forum_accesses|grade_page_accesses|main_page_accesses|unique_content|total_session_minutes|median_session_minutes|clicks_per_session|sessions_per_active_day|active_day_fraction|zero_activity|days_since_last_activity|days_to_first_activity|actions_week_1|actions_week_2|actions_week_3|actions_week_4|forum_posts,,,,,,,,,,,,,,,,,,,,,,,,,,,,,,,,,,,,,,,
,,,,,,,,,course_2,logistic,42,none,conformal,2180,,,,,,0.8,0.8036697247706422,0.0036697247706422,1.3990825688073394,0.6009174311926605,0.3990825688073394,0.0,0.8992805755395683,0.6749192680301399,0.6009174311926605,0.3267175572519084,0.3990825688073394,1310.0,0.0,0.0036697247706422,1251.0,929.0,0.786467189503423,0.8198039272263506,0.8813617782361616,0.9147547295327678,0.6441319285959678,0.7042659657374034,0.3018584317153611,0.3525899821689814,0.32508073196986,0.1007194244604316,split_cp,0.2,0.8944355803749502,,,,,,,,,
,,,,,,,,,course_2,logistic,42,none,conformal,2180,,,,,,0.8,0.8032110091743119,0.0032110091743118,1.4059633027522935,0.5940366972477065,0.4059633027522936,0.0,0.8752997601918465,0.7061356297093649,0.5940366972477065,0.3312741312741313,0.4059633027522936,1295.0,0.0,0.0032110091743118,1251.0,929.0,0.785994623864652,0.8193606754682488,0.8558352223016739,0.8924664801958484,0.6760422233501169,0.7345312952027483,0.3061713639068202,0.3573749472828597,0.2938643702906351,0.1247002398081534,mondrian_cp,0.2,0.8944355803749502,,,,,,,,,
,,,,,,,,,course_2,logistic,42,none,conformal,2180,,,,,,0.85,0.8660550458715597,0.0160550458715597,1.5555045871559634,0.4444954128440367,0.5555045871559633,0.0,0.947242206235012,0.7567276641550054,0.4444954128440367,0.3013415892672859,0.5555045871559633,969.0,0.0,0.0160550458715597,1251.0,929.0,0.8511118593128453,0.8797104233916251,0.9334287140071876,0.958317404304556,0.7281167338516253,0.7832241756776609,0.2732824153601413,0.3309696480061672,0.2432723358449946,0.052757793764988,split_cp,0.15,0.8944355803749502,,,,,,,,,
,,,,,,,,,course_2,logistic,42,none,conformal,2180,,,,,,0.85,0.8940366972477064,0.0440366972477064,1.6348623853211008,0.3651376146788991,0.634862385321101,0.0,0.935251798561151,0.8385360602798708,0.3651376146788991,0.2902010050251256,0.634862385321101,796.0,0.0,0.0440366972477064,1251.0,929.0,0.880415966824698,0.9062711770890112,0.9202388717409592,0.947599843935081,0.8134882980753539,0.8607956266498475,0.2597393994283864,0.3226778454935537,0.1614639397201291,0.0647482014388489,mondrian_cp,0.15,0.8944355803749502,,,,,,,,,
,,,,,,,,,course_2,logistic,42,none,conformal,2180,,,,,,0.9,0.9077981651376148,0.0077981651376146,1.673394495412844,0.326605504587156,0.673394495412844,0.0,0.9640287769784172,0.8320775026910656,0.326605504587156,0.2823033707865168,0.673394495412844,712.0,0.0,0.0077981651376146,1251.0,929.0,0.8949257043027369,0.9192359615171554,0.9522074779069404,0.9730090040947884,0.8066838002462816,0.8547362022266106,0.2504771838780262,0.3164660321370025,0.1679224973089343,0.0359712230215827,split_cp,0.1,0.8944355803749502,,,,,,,,,
,,,,,,,,,course_2,logistic,42,none,conformal,2180,,,,,,0.9,0.923394495412844,0.0233944954128439,1.7288990825688073,0.2711009174311926,0.7288990825688073,0.0,0.9480415667466028,0.8902045209903121,0.2711009174311926,0.2825719120135364,0.7288990825688073,591.0,0.0,0.0233944954128439,1251.0,929.0,0.9114701094857848,0.9338293478277816,0.93431369511601,0.9590262500381138,0.8684710773472382,0.9087242253964358,0.2477661020339827,0.3201860032050894,0.1097954790096878,0.0519584332533972,mondrian_cp,0.1,0.8944355803749502,,,,,,,,,
,,,,,,,,,course_2,logistic,42,none,conformal,2180,,,,,,0.95,0.9509174311926606,0.0009174311926606,1.810091743119266,0.1899082568807339,0.810091743119266,0.0,0.982414068745004,0.9085037674919269,0.1899082568807339,0.2584541062801932,0.810091743119266,414.0,0.0,0.0009174311926606,1251.0,929.0,0.941028673854034,0.9592198272718988,0.973516317985177,0.9883581813912972,0.8882436279745672,0.9253994544839826,0.2186398842212992,0.302709671266863,0.0914962325080731,0.017585931254996,split_cp,0.05,0.8944355803749502,,,,,,,,,
,,,,,,,,,course_2,logistic,42,none,conformal,2180,,,,,,0.95,0.9518348623853212,0.0018348623853211,1.840366972477064,0.1596330275229358,0.8403669724770643,0.0,0.9640287769784172,0.9354144241119484,0.1596330275229358,0.3017241379310345,0.8403669724770643,348.0,0.0,0.0018348623853211,1251.0,929.0,0.9420247908988308,0.9600553450208474,0.9522074779069404,0.9730090040947884,0.9177468034244664,0.9494959550853712,0.2558785724506979,0.3518993157420413,0.0645855758880516,0.0359712230215827,mondrian_cp,0.05,0.8944355803749502,,,,,,,,,
0.6523177582799207,0.5523274026805873,0.5903400340364845,0.5949290083541348,0.2302925883246023,0.6550874046899352,0.0370775760455334,0.738956882147096,-0.0136821112212042,course_2,logistic,42,platt,probability,2180,1575.0,262.0,263.0,25.0,total_clicks|active_days|active_weeks|num_sessions|night_activity_ratio|weekend_activity_ratio|material_clicks|assessment_clicks|forum_accesses|grade_page_accesses|main_page_accesses|unique_content|total_session_minutes|median_session_minutes|clicks_per_session|sessions_per_active_day|active_day_fraction|zero_activity|days_since_last_activity|days_to_first_activity|actions_week_1|actions_week_2|actions_week_3|actions_week_4|forum_posts,,,,,,,,,,,,,,,,,,,,,,,,,,,,,,,,,,,,,,,
,,,,,,,,,course_2,logistic,42,platt,conformal,2180,,,,,,0.8,0.7894495412844037,0.0105504587155963,1.368348623853211,0.631651376146789,0.368348623853211,0.0,0.9080735411670664,0.6297093649085038,0.631651376146789,0.3333333333333333,0.368348623853211,1377.0,0.0105504587155963,0.0,1251.0,929.0,0.7718335301362222,0.8060472472904956,0.8907897614571106,0.9228588415780016,0.598183182184665,0.6601672563825427,0.3089287334940072,0.3586652563388238,0.3702906350914962,0.0919264588329336,split_cp,0.2,0.8944355803749502,,,,,,,,,
,,,,,,,,,course_2,logistic,42,platt,conformal,2180,,,,,,0.8,0.8032110091743119,0.0032110091743118,1.4059633027522935,0.5940366972477065,0.4059633027522936,0.0,0.8752997601918465,0.7061356297093649,0.5940366972477065,0.3312741312741313,0.4059633027522936,1295.0,0.0,0.0032110091743118,1251.0,929.0,0.785994623864652,0.8193606754682488,0.8558352223016739,0.8924664801958484,0.6760422233501169,0.7345312952027483,0.3061713639068202,0.3573749472828597,0.2938643702906351,0.1247002398081534,mondrian_cp,0.2,0.8944355803749502,,,,,,,,,
,,,,,,,,,course_2,logistic,42,platt,conformal,2180,,,,,,0.85,0.8389908256880734,0.0110091743119266,1.4912844036697248,0.5087155963302752,0.4912844036697247,0.0,0.9480415667466028,0.6921420882669537,0.5087155963302752,0.3165013525698827,0.4912844036697247,1109.0,0.0110091743119266,0.0,1251.0,929.0,0.8229680727423199,0.853820983546657,0.93431369511601,0.9590262500381138,0.6617181016659577,0.7209835853402375,0.2898006834082577,0.3444688733430623,0.3078579117330463,0.0519584332533972,split_cp,0.15,0.8944355803749502,,,,,,,,,
,,,,,,,,,course_2,logistic,42,platt,conformal,2180,,,,,,0.85,0.8940366972477064,0.0440366972477064,1.6348623853211008,0.3651376146788991,0.634862385321101,0.0,0.935251798561151,0.8385360602798708,0.3651376146788991,0.2902010050251256,0.634862385321101,796.0,0.0,0.0440366972477064,1251.0,929.0,0.880415966824698,0.9062711770890112,0.9202388717409592,0.947599843935081,0.8134882980753539,0.8607956266498475,0.2597393994283864,0.3226778454935537,0.1614639397201291,0.0647482014388489,mondrian_cp,0.15,0.8944355803749502,,,,,,,,,
,,,,,,,,,course_2,logistic,42,platt,conformal,2180,,,,,,0.9,0.910091743119266,0.010091743119266,1.672935779816514,0.3270642201834862,0.6729357798165138,0.0,0.9744204636290968,0.8234660925726588,0.3270642201834862,0.2748948106591865,0.6729357798165138,713.0,0.0,0.010091743119266,1251.0,929.0,0.8973515084166852,0.9213892443875712,0.9641129952646558,0.9818232356880162,0.7976307990524478,0.8466373070840325,0.2433959857533313,0.3088062535980442,0.1765339074273412,0.0255795363709032,split_cp,0.1,0.8944355803749502,,,,,,,,,
,,,,,,,,,course_2,logistic,42,platt,conformal,2180,,,,,,0.9,0.923394495412844,0.0233944954128439,1.7288990825688073,0.2711009174311926,0.7288990825688073,0.0,0.9480415667466028,0.8902045209903121,0.2711009174311926,0.2825719120135364,0.7288990825688073,591.0,0.0,0.0233944954128439,1251.0,929.0,0.9114701094857848,0.9338293478277816,0.93431369511601,0.9590262500381138,0.8684710773472382,0.9087242253964358,0.2477661020339827,0.3201860032050894,0.1097954790096878,0.0519584332533972,mondrian_cp,0.1,0.8944355803749502,,,,,,,,,
,,,,,,,,,course_2,logistic,42,platt,conformal,2180,,,,,,0.95,0.946788990825688,0.0032110091743118,1.7922018348623854,0.2077981651376146,0.7922018348623853,0.0,0.9840127897681854,0.8966630785791173,0.2077981651376146,0.2560706401766004,0.7922018348623853,453.0,0.0032110091743118,0.0,1251.0,929.0,0.9365565244995072,0.9554496200545706,0.9754349621602928,0.9896271909009418,0.8754276414564832,0.9146315835395,0.2180461201217501,0.2981974349826906,0.1033369214208826,0.0159872102318145,split_cp,0.05,0.8944355803749502,,,,,,,,,
,,,,,,,,,course_2,logistic,42,platt,conformal,2180,,,,,,0.95,0.9518348623853212,0.0018348623853211,1.840366972477064,0.1596330275229358,0.8403669724770643,0.0,0.9640287769784172,0.9354144241119484,0.1596330275229358,0.3017241379310345,0.8403669724770643,348.0,0.0,0.0018348623853211,1251.0,929.0,0.9420247908988308,0.9600553450208474,0.9522074779069404,0.9730090040947884,0.9177468034244664,0.9494959550853712,0.2558785724506979,0.3518993157420413,0.0645855758880516,0.0359712230215827,mondrian_cp,0.05,0.8944355803749502,,,,,,,,,
0.6486414743339881,0.5367618478583839,0.5969382462739734,0.6000818290469885,0.235470359659817,0.7841465464868473,0.0668397562295887,0.3385646876063498,-0.1015215773914345,course_2,logistic,42,isotonic,probability,2180,1575.0,262.0,263.0,25.0,total_clicks|active_days|active_weeks|num_sessions|night_activity_ratio|weekend_activity_ratio|material_clicks|assessment_clicks|forum_accesses|grade_page_accesses|main_page_accesses|unique_content|total_session_minutes|median_session_minutes|clicks_per_session|sessions_per_active_day|active_day_fraction|zero_activity|days_since_last_activity|days_to_first_activity|actions_week_1|actions_week_2|actions_week_3|actions_week_4|forum_posts,,,,,,,,,,,,,,,,,,,,,,,,,,,,,,,,,,,,,,,
,,,,,,,,,course_2,logistic,42,isotonic,conformal,2180,,,,,,0.8,0.8032110091743119,0.0032110091743118,1.4009174311926609,0.5990825688073395,0.4009174311926605,0.0,0.9064748201438848,0.6641550053821313,0.5990825688073395,0.3284839203675344,0.4009174311926605,1306.0,0.0,0.0032110091743118,1251.0,929.0,0.785994623864652,0.8193606754682488,0.8890724791978523,0.9213884701524994,0.6331640980616993,0.6937939258511567,0.3035474173322878,0.3544264565414605,0.3358449946178686,0.0935251798561151,split_cp,0.2,0.8944355803749502,,,,,,,,,
,,,,,,,,,course_2,logistic,42,isotonic,conformal,2180,,,,,,0.8,0.8766055045871559,0.0766055045871558,1.5963302752293578,0.4036697247706422,0.5963302752293578,0.0,0.9064748201438848,0.8363832077502691,0.4036697247706422,0.3056818181818181,0.5963302752293578,880.0,0.0,0.0766055045871558,1251.0,929.0,0.8621332284964002,0.8897528543361436,0.8890724791978523,0.9213884701524994,0.8112186842784828,0.8587772663626156,0.2761425359771272,0.3369102388312313,0.1636167922497308,0.0935251798561151,mondrian_cp,0.2,0.8944355803749502,,,,,,,,,
,,,,,,,,,course_2,logistic,42,isotonic,conformal,2180,,,,,,0.8,0.8766055045871559,0.0766055045871558,1.5963302752293578,0.4036697247706422,0.5963302752293578,0.0,0.9064748201438848,0.8363832077502691,0.4036697247706422,0.3056818181818181,0.5963302752293578,880.0,0.0,0.0766055045871558,1251.0,929.0,0.8621332284964002,0.8897528543361436,0.8890724791978523,0.9213884701524994,0.8112186842784828,0.8587772663626156,0.2761425359771272,0.3369102388312313,0.1636167922497308,0.0935251798561151,empirical_mondrian,0.2,0.8944355803749502,,,,,,,,,
,,,,,,,,,course_2,logistic,42,isotonic,conformal,2180,,,,,,0.8,0.8775229357798165,0.0775229357798165,1.5977064220183486,0.4022935779816514,0.5977064220183487,0.0,0.9064748201438848,0.8385360602798708,0.4022935779816514,0.3044469783352337,0.5977064220183487,877.0,0.0,0.0775229357798165,1251.0,929.0,0.8630931018653328,0.8906246157609566,0.8890724791978523,0.9213884701524994,0.8134882980753539,0.8607956266498475,0.274898581621073,0.3357010369990337,0.1614639397201291,0.0935251798561151,weighted_cap5,0.2,0.8944355803749502,0.009540588237519,0.301272452639434,0.6936337769531274,5.0,19.52619024991477,74.04106861418458,5.0,40.848920626038016,33.19619785540744
,,,,,,,,,course_2,logistic,42,isotonic,conformal,2180,,,,,,0.8,0.8775229357798165,0.0775229357798165,1.5977064220183486,0.4022935779816514,0.5977064220183487,0.0,0.9064748201438848,0.8385360602798708,0.4022935779816514,0.3044469783352337,0.5977064220183487,877.0,0.0,0.0775229357798165,1251.0,929.0,0.8630931018653328,0.8906246157609566,0.8890724791978523,0.9213884701524994,0.8134882980753539,0.8607956266498475,0.274898581621073,0.3357010369990337,0.1614639397201291,0.0935251798561151,weighted_cap10,0.2,0.8944355803749502,0.009540588237519,0.301272452639434,0.8076473172866342,10.0,19.52619024991477,51.21279865812576,10.0,30.03039773163486,21.75217389610132
,,,,,,,,,course_2,logistic,42,isotonic,conformal,2180,,,,,,0.8,0.8775229357798165,0.0775229357798165,1.5977064220183486,0.4022935779816514,0.5977064220183487,0.0,0.9064748201438848,0.8385360602798708,0.4022935779816514,0.3044469783352337,0.5977064220183487,877.0,0.0,0.0775229357798165,1251.0,929.0,0.8630931018653328,0.8906246157609566,0.8890724791978523,0.9213884701524994,0.8134882980753539,0.8607956266498475,0.274898581621073,0.3357010369990337,0.1614639397201291,0.0935251798561151,weighted_cap20,0.2,0.8944355803749502,0.009540588237519,0.301272452639434,0.9260528081214467,20.0,19.52619024991477,32.86079704206936,20.0,20.45690024200955,13.619374018627948
,,,,,,,,,course_2,logistic,42,isotonic,conformal,2180,,,,,,0.8,0.8775229357798165,0.0775229357798165,1.5977064220183486,0.4022935779816514,0.5977064220183487,0.0,0.9064748201438848,0.8385360602798708,0.4022935779816514,0.3044469783352337,0.5977064220183487,877.0,0.0,0.0775229357798165,1251.0,929.0,0.8630931018653328,0.8906246157609566,0.8890724791978523,0.9213884701524994,0.8134882980753539,0.8607956266498475,0.274898581621073,0.3357010369990337,0.1614639397201291,0.0935251798561151,weighted_p99,0.2,0.8944355803749502,0.009540588237519,0.301272452639434,0.920648134166102,19.52619024991477,19.52619024991477,33.521702019172395,19.52619024991477,20.82501648595894,13.895551350537596
,,,,,,,,,course_2,logistic,42,isotonic,conformal,2180,,,,,,0.85,0.8321100917431192,0.0178899082568807,1.470183486238532,0.5298165137614679,0.4701834862385321,0.0,0.9552358113509192,0.6663078579117331,0.5298165137614679,0.3168831168831169,0.4701834862385321,1155.0,0.0178899082568807,0.0,1251.0,929.0,0.8158388365351164,0.8472129588007689,0.9423163580140008,0.9653680287215456,0.6353562457093679,0.6958897522875912,0.2906956978154527,0.3442845690879509,0.333692142088267,0.0447641886490807,split_cp,0.15,0.8944355803749502,,,,,,,,,
,,,,,,,,,course_2,logistic,42,isotonic,conformal,2180,,,,,,0.85,0.905045871559633,0.055045871559633,1.665137614678899,0.3348623853211009,0.6651376146788991,0.0,0.9544364508393284,0.8385360602798708,0.3348623853211009,0.2835616438356164,0.6651376146788991,730.0,0.0,0.055045871559633,1251.0,929.0,0.8920177190652347,0.9166490423734208,0.9414235711121366,0.9646669887810292,0.8134882980753539,0.8607956266498475,0.2520642629844863,0.3173250155828194,0.1614639397201291,0.0455635491606714,mondrian_cp,0.15,0.8944355803749502,,,,,,,,,
,,,,,,,,,course_2,logistic,42,isotonic,conformal,2180,,,,,,0.85,0.9041284403669724,0.0541284403669725,1.6637614678899082,0.3362385321100917,0.6637614678899083,0.0,0.9544364508393284,0.8363832077502691,0.3362385321100917,0.2851296043656207,0.6637614678899083,733.0,0.0,0.0541284403669725,1251.0,929.0,0.8910490926389321,0.915786034005978,0.9414235711121366,0.9646669887810292,0.8112186842784828,0.8587772663626156,0.2536322014310378,0.318867423516568,0.1636167922497308,0.0455635491606714,empirical_mondrian,0.15,0.8944355803749502,,,,,,,,,
,,,,,,,,,course_2,logistic,42,isotonic,conformal,2180,,,,,,0.85,0.8779816513761468,0.0279816513761468,1.5995412844036698,0.4004587155963303,0.5995412844036697,0.0,0.9072741806554756,0.8385360602798708,0.4004587155963303,0.3046964490263459,0.5995412844036697,873.0,0.0,0.0279816513761468,1251.0,929.0,0.8635731318345949,0.8910604031885674,0.8899309413916797,0.922123834801052,0.8134882980753539,0.8607956266498475,0.2750745532371011,0.3360296018303074,0.1614639397201291,0.0927258193445243,weighted_cap5,0.15,0.8944355803749502,0.009540588237519,0.301272452639434,0.6936337769531274,5.0,19.52619024991477,74.04106861418458,5.0,40.848920626038016,33.19619785540744
,,,,,,,,,course_2,logistic,42,isotonic,conformal,2180,,,,,,0.85,0.8775229357798165,0.0275229357798165,1.5977064220183486,0.4022935779816514,0.5977064220183487,0.0,0.9064748201438848,0.8385360602798708,0.4022935779816514,0.3044469783352337,0.5977064220183487,877.0,0.0,0.0275229357798165,1251.0,929.0,0.8630931018653328,0.8906246157609566,0.8890724791978523,0.9213884701524994,0.8134882980753539,0.8607956266498475,0.274898581621073,0.3357010369990337,0.1614639397201291,0.0935251798561151,weighted_cap10,0.15,0.8944355803749502,0.009540588237519,0.301272452639434,0.8076473172866342,10.0,19.52619024991477,51.21279865812576,10.0,30.03039773163486,21.75217389610132
,,,,,,,,,course_2,logistic,42,isotonic,conformal,2180,,,,,,0.85,0.8775229357798165,0.0275229357798165,1.5977064220183486,0.4022935779816514,0.5977064220183487,0.0,0.9064748201438848,0.8385360602798708,0.4022935779816514,0.3044469783352337,0.5977064220183487,877.0,0.0,0.0275229357798165,1251.0,929.0,0.8630931018653328,0.8906246157609566,0.8890724791978523,0.9213884701524994,0.8134882980753539,0.8607956266498475,0.274898581621073,0.3357010369990337,0.1614639397201291,0.0935251798561151,weighted_cap20,0.15,0.8944355803749502,0.009540588237519,0.301272452639434,0.9260528081214467,20.0,19.52619024991477,32.86079704206936,20.0,20.45690024200955,13.619374018627948
,,,,,,,,,course_2,logistic,42,isotonic,conformal,2180,,,,,,0.85,0.8775229357798165,0.0275229357798165,1.5977064220183486,0.4022935779816514,0.5977064220183487,0.0,0.9064748201438848,0.8385360602798708,0.4022935779816514,0.3044469783352337,0.5977064220183487,877.0,0.0,0.0275229357798165,1251.0,929.0,0.8630931018653328,0.8906246157609566,0.8890724791978523,0.9213884701524994,0.8134882980753539,0.8607956266498475,0.274898581621073,0.3357010369990337,0.1614639397201291,0.0935251798561151,weighted_p99,0.15,0.8944355803749502,0.009540588237519,0.301272452639434,0.920648134166102,19.52619024991477,19.52619024991477,33.521702019172395,19.52619024991477,20.82501648595894,13.895551350537596
,,,,,,,,,course_2,logistic,42,isotonic,conformal,2180,,,,,,0.9,0.9188073394495412,0.0188073394495412,1.6990825688073394,0.3009174311926605,0.6990825688073394,0.0,0.980015987210232,0.8363832077502691,0.3009174311926605,0.2698170731707317,0.6990825688073394,656.0,0.0,0.0188073394495412,1251.0,929.0,0.9065916330144276,0.9295496503304111,0.9706652621990765,0.9864277566502572,0.8112186842784828,0.8587772663626156,0.2372634829966172,0.3050508169569634,0.1636167922497308,0.0199840127897681,split_cp,0.1,0.8944355803749502,,,,,,,,,
,,,,,,,,,course_2,logistic,42,isotonic,conformal,2180,,,,,,0.9,0.969724770642202,0.0697247706422018,1.920183486238532,0.0798165137614679,0.920183486238532,0.0,0.9544364508393284,0.9903121636167922,0.0798165137614679,0.3793103448275862,0.920183486238532,174.0,0.0,0.0697247706422018,1251.0,929.0,0.9616648596380916,0.9761321547596248,0.9414235711121366,0.9646669887810292,0.9816911532478132,0.9948949444066516,0.3105570775693035,0.4532775182639108,0.0096878363832077,0.0455635491606714,mondrian_cp,0.1,0.8944355803749502,,,,,,,,,
,,,,,,,,,course_2,logistic,42,isotonic,conformal,2180,,,,,,0.9,0.9270642201834862,0.0270642201834862,1.7353211009174312,0.2646788990825688,0.7353211009174312,0.0,0.9544364508393284,0.8902045209903121,0.2646788990825688,0.2755632582322357,0.7353211009174312,577.0,0.0,0.0270642201834862,1251.0,929.0,0.9153812246041948,0.9372447718843536,0.9414235711121366,0.9646669887810292,0.8684710773472382,0.9087242253964358,0.2406818702432218,0.3134133203344993,0.1097954790096878,0.0455635491606714,empirical_mondrian,0.1,0.8944355803749502,,,,,,,,,
,,,,,,,,,course_2,logistic,42,isotonic,conformal,2180,,,,,,0.9,0.969724770642202,0.0697247706422018,1.920183486238532,0.0798165137614679,0.920183486238532,0.0,0.9544364508393284,0.9903121636167922,0.0798165137614679,0.3793103448275862,0.920183486238532,174.0,0.0,0.0697247706422018,1251.0,929.0,0.9616648596380916,0.9761321547596248,0.9414235711121366,0.9646669887810292,0.9816911532478132,0.9948949444066516,0.3105570775693035,0.4532775182639108,0.0096878363832077,0.0455635491606714,weighted_cap5,0.1,0.8944355803749502,0.009540588237519,0.301272452639434,0.6936337769531274,5.0,19.52619024991477,74.04106861418458,5.0,40.848920626038016,33.19619785540744
,,,,,,,,,course_2,logistic,42,isotonic,conformal,2180,,,,,,0.9,0.9270642201834862,0.0270642201834862,1.7353211009174312,0.2646788990825688,0.7353211009174312,0.0,0.9544364508393284,0.8902045209903121,0.2646788990825688,0.2755632582322357,0.7353211009174312,577.0,0.0,0.0270642201834862,1251.0,929.0,0.9153812246041948,0.9372447718843536,0.9414235711121366,0.9646669887810292,0.8684710773472382,0.9087242253964358,0.2406818702432218,0.3134133203344993,0.1097954790096878,0.0455635491606714,weighted_cap10,0.1,0.8944355803749502,0.009540588237519,0.301272452639434,0.8076473172866342,10.0,19.52619024991477,51.21279865812576,10.0,30.03039773163486,21.75217389610132
,,,,,,,,,course_2,logistic,42,isotonic,conformal,2180,,,,,,0.9,0.9270642201834862,0.0270642201834862,1.7353211009174312,0.2646788990825688,0.7353211009174312,0.0,0.9544364508393284,0.8902045209903121,0.2646788990825688,0.2755632582322357,0.7353211009174312,577.0,0.0,0.0270642201834862,1251.0,929.0,0.9153812246041948,0.9372447718843536,0.9414235711121366,0.9646669887810292,0.8684710773472382,0.9087242253964358,0.2406818702432218,0.3134133203344993,0.1097954790096878,0.0455635491606714,weighted_cap20,0.1,0.8944355803749502,0.009540588237519,0.301272452639434,0.9260528081214467,20.0,19.52619024991477,32.86079704206936,20.0,20.45690024200955,13.619374018627948
,,,,,,,,,course_2,logistic,42,isotonic,conformal,2180,,,,,,0.9,0.9270642201834862,0.0270642201834862,1.7353211009174312,0.2646788990825688,0.7353211009174312,0.0,0.9544364508393284,0.8902045209903121,0.2646788990825688,0.2755632582322357,0.7353211009174312,577.0,0.0,0.0270642201834862,1251.0,929.0,0.9153812246041948,0.9372447718843536,0.9414235711121366,0.9646669887810292,0.8684710773472382,0.9087242253964358,0.2406818702432218,0.3134133203344993,0.1097954790096878,0.0455635491606714,weighted_p99,0.1,0.8944355803749502,0.009540588237519,0.301272452639434,0.920648134166102,19.52619024991477,19.52619024991477,33.521702019172395,19.52619024991477,20.82501648595894,13.895551350537596
,,,,,,,,,course_2,logistic,42,isotonic,conformal,2180,,,,,,0.95,0.994954128440367,0.044954128440367,1.984403669724771,0.0155963302752293,0.9844036697247708,0.0,0.9984012789768184,0.9903121636167922,0.0155963302752293,0.3235294117647059,0.9844036697247708,34.0,0.0,0.044954128440367,1251.0,929.0,0.9909868569248492,0.9971801143008694,0.9941895727313648,0.9995614634927144,0.9816911532478132,0.9948949444066516,0.1913164356402551,0.4915710540609179,0.0096878363832077,0.0015987210231814,split_cp,0.05,0.8944355803749502,,,,,,,,,
,,,,,,,,,course_2,logistic,42,isotonic,conformal,2180,,,,,,0.95,0.9844036697247708,0.0344036697247707,1.9555045871559635,0.0444954128440367,0.9555045871559632,0.0,0.980015987210232,0.9903121636167922,0.0444954128440367,0.3505154639175257,0.9555045871559632,97.0,0.0,0.0344036697247707,1251.0,929.0,0.9782854011740192,0.9888177699236258,0.9706652621990765,0.9864277566502572,0.9816911532478132,0.9948949444066516,0.2629109396852472,0.4495089286987989,0.0096878363832077,0.0199840127897681,mondrian_cp,0.05,0.8944355803749502,,,,,,,,,
,,,,,,,,,course_2,logistic,42,isotonic,conformal,2180,,,,,,0.95,0.9844036697247708,0.0344036697247707,1.9555045871559635,0.0444954128440367,0.9555045871559632,0.0,0.980015987210232,0.9903121636167922,0.0444954128440367,0.3505154639175257,0.9555045871559632,97.0,0.0,0.0344036697247707,1251.0,929.0,0.9782854011740192,0.9888177699236258,0.9706652621990765,0.9864277566502572,0.9816911532478132,0.9948949444066516,0.2629109396852472,0.4495089286987989,0.0096878363832077,0.0199840127897681,empirical_mondrian,0.05,0.8944355803749502,,,,,,,,,
,,,,,,,,,course_2,logistic,42,isotonic,conformal,2180,,,,,,0.95,0.969724770642202,0.0197247706422019,1.920183486238532,0.0798165137614679,0.920183486238532,0.0,0.9544364508393284,0.9903121636167922,0.0798165137614679,0.3793103448275862,0.920183486238532,174.0,0.0,0.0197247706422019,1251.0,929.0,0.9616648596380916,0.9761321547596248,0.9414235711121366,0.9646669887810292,0.9816911532478132,0.9948949444066516,0.3105570775693035,0.4532775182639108,0.0096878363832077,0.0455635491606714,weighted_cap5,0.05,0.8944355803749502,0.009540588237519,0.301272452639434,0.6936337769531274,5.0,19.52619024991477,74.04106861418458,5.0,40.848920626038016,33.19619785540744
,,,,,,,,,course_2,logistic,42,isotonic,conformal,2180,,,,,,0.95,0.969724770642202,0.0197247706422019,1.920183486238532,0.0798165137614679,0.920183486238532,0.0,0.9544364508393284,0.9903121636167922,0.0798165137614679,0.3793103448275862,0.920183486238532,174.0,0.0,0.0197247706422019,1251.0,929.0,0.9616648596380916,0.9761321547596248,0.9414235711121366,0.9646669887810292,0.9816911532478132,0.9948949444066516,0.3105570775693035,0.4532775182639108,0.0096878363832077,0.0455635491606714,weighted_cap10,0.05,0.8944355803749502,0.009540588237519,0.301272452639434,0.8076473172866342,10.0,19.52619024991477,51.21279865812576,10.0,30.03039773163486,21.75217389610132
,,,,,,,,,course_2,logistic,42,isotonic,conformal,2180,,,,,,0.95,0.969724770642202,0.0197247706422019,1.920183486238532,0.0798165137614679,0.920183486238532,0.0,0.9544364508393284,0.9903121636167922,0.0798165137614679,0.3793103448275862,0.920183486238532,174.0,0.0,0.0197247706422019,1251.0,929.0,0.9616648596380916,0.9761321547596248,0.9414235711121366,0.9646669887810292,0.9816911532478132,0.9948949444066516,0.3105570775693035,0.4532775182639108,0.0096878363832077,0.0455635491606714,weighted_cap20,0.05,0.8944355803749502,0.009540588237519,0.301272452639434,0.9260528081214467,20.0,19.52619024991477,32.86079704206936,20.0,20.45690024200955,13.619374018627948
,,,,,,,,,course_2,logistic,42,isotonic,conformal,2180,,,,,,0.95,0.969724770642202,0.0197247706422019,1.920183486238532,0.0798165137614679,0.920183486238532,0.0,0.9544364508393284,0.9903121636167922,0.0798165137614679,0.3793103448275862,0.920183486238532,174.0,0.0,0.0197247706422019,1251.0,929.0,0.9616648596380916,0.9761321547596248,0.9414235711121366,0.9646669887810292,0.9816911532478132,0.9948949444066516,0.3105570775693035,0.4532775182639108,0.0096878363832077,0.0455635491606714,weighted_p99,0.05,0.8944355803749502,0.009540588237519,0.301272452639434,0.920648134166102,19.52619024991477,19.52619024991477,33.521702019172395,19.52619024991477,20.82501648595894,13.895551350537596
0.5712046078960298,0.4754528311821097,0.5532097840657406,0.5544145953420256,0.2575834906092061,0.7162019282235618,0.0975755100591103,0.2959224377064789,-0.2739173823911785,course_2,catboost,42,none,probability,2180,1575.0,262.0,263.0,25.0,total_clicks|active_days|active_weeks|num_sessions|night_activity_ratio|weekend_activity_ratio|material_clicks|assessment_clicks|forum_accesses|grade_page_accesses|main_page_accesses|unique_content|total_session_minutes|median_session_minutes|clicks_per_session|sessions_per_active_day|active_day_fraction|zero_activity|days_since_last_activity|days_to_first_activity|actions_week_1|actions_week_2|actions_week_3|actions_week_4|forum_posts,,,,,,,,,,,,,,,,,,,,,,,,,,,,,,,,,,,,,,,
,,,,,,,,,course_2,catboost,42,none,conformal,2180,,,,,,0.8,0.8123853211009174,0.0123853211009173,1.5417431192660551,0.4582568807339449,0.541743119266055,0.0,0.8401278976818545,0.77502691065662,0.4582568807339449,0.4094094094094094,0.541743119266055,999.0,0.0,0.0123853211009173,1251.0,929.0,0.7954527116793871,0.8282189355909692,0.8187825242620117,0.8593907971707799,0.7470745513716371,0.8007141378725248,0.3793207894216558,0.440192057391788,0.2249730893433799,0.1598721023181454,split_cp,0.2,0.8944355803749502,,,,,,,,,
,,,,,,,,,course_2,catboost,42,none,conformal,2180,,,,,,0.8,0.8105504587155963,0.0105504587155962,1.5458715596330277,0.4541284403669725,0.5458715596330275,0.0,0.8177458033573142,0.8008611410118407,0.4541284403669725,0.4171717171717172,0.5458715596330275,990.0,0.0,0.0105504587155962,1251.0,929.0,0.7935599374768493,0.8264484402060158,0.7953909310649171,0.838155238781228,0.7739650796691027,0.8252792985842958,0.3868340724816636,0.4481496680893882,0.1991388589881593,0.1822541966426858,mondrian_cp,0.2,0.8944355803749502,,,,,,,,,
,,,,,,,,,course_2,catboost,42,none,conformal,2180,,,,,,0.85,0.8504587155963302,0.0004587155963302,1.6376146788990826,0.3623853211009174,0.6376146788990825,0.0,0.8713029576338929,0.8223896663078579,0.3623853211009174,0.4126582278481012,0.6376146788990825,790.0,0.0,0.0004587155963302,1251.0,929.0,0.8348725393225688,0.8648119518882272,0.8516037056497103,0.8887288626359107,0.7965006959668508,0.8456234231275779,0.3788313231617311,0.4473304394085831,0.177610333692142,0.1286970423661071,split_cp,0.15,0.8944355803749502,,,,,,,,,
,,,,,,,,,course_2,catboost,42,none,conformal,2180,,,,,,0.85,0.8550458715596331,0.005045871559633,1.6605504587155964,0.3394495412844037,0.6605504587155964,0.0,0.8433253397282174,0.8708288482238966,0.3394495412844037,0.427027027027027,0.6605504587155964,740.0,0.0,0.005045871559633,1251.0,929.0,0.8396426513828922,0.8692000137966317,0.8221350852810533,0.8624135435212595,0.8477251298685894,0.8908784061181573,0.3918549123542659,0.4629528578778128,0.1291711517761033,0.1566746602717825,mondrian_cp,0.15,0.8944355803749502,,,,,,,,,
,,,,,,,,,course_2,catboost,42,none,conformal,2180,,,,,,0.9,0.905045871559633,0.0050458715596329,1.7610091743119265,0.2389908256880734,0.7610091743119266,0.0,0.9200639488409272,0.8848223896663079,0.2389908256880734,0.3973128598848368,0.7610091743119266,521.0,0.0,0.0050458715596329,1251.0,929.0,0.8920177190652347,0.9166490423734208,0.9037180684781636,0.933837937192652,0.8626905252440839,0.9037848422893328,0.3561931716264142,0.4399357389203508,0.1151776103336921,0.0799360511590727,split_cp,0.1,0.8944355803749502,,,,,,,,,
,,,,,,,,,course_2,catboost,42,none,conformal,2180,,,,,,0.9,0.913302752293578,0.0133027522935779,1.806422018348624,0.1935779816513761,0.8064220183486238,0.0,0.9000799360511591,0.9311087190527448,0.1935779816513761,0.447867298578199,0.8064220183486238,422.0,0.0,0.0133027522935779,1251.0,929.0,0.900751583979622,0.9243998906027434,0.8822171932736018,0.915493141337708,0.9129839957749928,0.9456828145666388,0.4011049581124442,0.4955702032918692,0.0688912809472551,0.0999200639488409,mondrian_cp,0.1,0.8944355803749502,,,,,,,,,
,,,,,,,,,course_2,catboost,42,none,conformal,2180,,,,,,0.95,0.956880733944954,0.0068807339449541,1.890366972477064,0.1096330275229357,0.8903669724770642,0.0,0.9632294164668266,0.9483315392895588,0.1096330275229357,0.3933054393305439,0.8903669724770642,239.0,0.0,0.0068807339449541,1251.0,929.0,0.9475199753204516,0.964634151964827,0.9513023784795815,0.9723202766797672,0.932160961771314,0.9608096412431418,0.3335320922517543,0.456454344793756,0.0516684607104413,0.0367705835331734,split_cp,0.05,0.8944355803749502,,,,,,,,,
,,,,,,,,,course_2,catboost,42,none,conformal,2180,,,,,,0.95,0.960091743119266,0.010091743119266,1.906422018348624,0.0935779816513761,0.906422018348624,0.0,0.947242206235012,0.977395048439182,0.0935779816513761,0.4264705882352941,0.906422018348624,204.0,0.0,0.010091743119266,1251.0,929.0,0.951032967031252,0.967531882032136,0.9334287140071876,0.958317404304556,0.9656901211365392,0.9851681320133076,0.3605794823444894,0.4950797293920815,0.022604951560818,0.052757793764988,mondrian_cp,0.05,0.8944355803749502,,,,,,,,,
0.5712046078960298,0.4754528311821097,0.5567779349657991,0.5587680555232886,0.2485338117592203,0.6912966270354813,0.0692467229208022,0.4868036349213311,-0.2821226840991142,course_2,catboost,42,platt,probability,2180,1575.0,262.0,263.0,25.0,total_clicks|active_days|active_weeks|num_sessions|night_activity_ratio|weekend_activity_ratio|material_clicks|assessment_clicks|forum_accesses|grade_page_accesses|main_page_accesses|unique_content|total_session_minutes|median_session_minutes|clicks_per_session|sessions_per_active_day|active_day_fraction|zero_activity|days_since_last_activity|days_to_first_activity|actions_week_1|actions_week_2|actions_week_3|actions_week_4|forum_posts,,,,,,,,,,,,,,,,,,,,,,,,,,,,,,,,,,,,,,,
,,,,,,,,,course_2,catboost,42,platt,conformal,2180,,,,,,0.8,0.8123853211009174,0.0123853211009173,1.5422018348623854,0.4577981651376147,0.5422018348623853,0.0,0.8337330135891287,0.7836383207750269,0.4577981651376147,0.4098196392785571,0.5422018348623853,998.0,0.0,0.0123853211009173,1251.0,929.0,0.7954527116793871,0.8282189355909692,0.8120858942991557,0.853336812394594,0.7560208781477826,0.8089197074327916,0.3797099539055421,0.4406208994293908,0.2163616792249731,0.1662669864108713,split_cp,0.2,0.8944355803749502,,,,,,,,,
,,,,,,,,,course_2,catboost,42,platt,conformal,2180,,,,,,0.8,0.8105504587155963,0.0105504587155962,1.5458715596330277,0.4541284403669725,0.5458715596330275,0.0,0.8177458033573142,0.8008611410118407,0.4541284403669725,0.4171717171717172,0.5458715596330275,990.0,0.0,0.0105504587155962,1251.0,929.0,0.7935599374768493,0.8264484402060158,0.7953909310649171,0.838155238781228,0.7739650796691027,0.8252792985842958,0.3868340724816636,0.4481496680893882,0.1991388589881593,0.1822541966426858,mondrian_cp,0.2,0.8944355803749502,,,,,,,,,
,,,,,,,,,course_2,catboost,42,platt,conformal,2180,,,,,,0.85,0.846788990825688,0.0032110091743119,1.6348623853211008,0.3651376146788991,0.634862385321101,0.0,0.8625099920063949,0.8256189451022605,0.3651376146788991,0.4195979899497487,0.634862385321101,796.0,0.0032110091743119,0.0,1251.0,929.0,0.8310599465961211,0.8612980054396927,0.8423145973057641,0.8804858757136743,0.7998920051927806,0.8486640750278026,0.3857818696538354,0.4541864158252313,0.1743810548977395,0.1374900079936051,split_cp,0.15,0.8944355803749502,,,,,,,,,
,,,,,,,,,course_2,catboost,42,platt,conformal,2180,,,,,,0.85,0.8550458715596331,0.005045871559633,1.6605504587155964,0.3394495412844037,0.6605504587155964,0.0,0.8433253397282174,0.8708288482238966,0.3394495412844037,0.427027027027027,0.6605504587155964,740.0,0.0,0.005045871559633,1251.0,929.0,0.8396426513828922,0.8692000137966317,0.8221350852810533,0.8624135435212595,0.8477251298685894,0.8908784061181573,0.3918549123542659,0.4629528578778128,0.1291711517761033,0.1566746602717825,mondrian_cp,0.15,0.8944355803749502,,,,,,,,,
,,,,,,,,,course_2,catboost,42,platt,conformal,2180,,,,,,0.9,0.9041284403669724,0.0041284403669724,1.7642201834862383,0.2357798165137614,0.7642201834862385,0.0,0.9152677857713828,0.8891280947255114,0.2357798165137614,0.4066147859922179,0.7642201834862385,514.0,0.0,0.0041284403669724,1251.0,929.0,0.8910490926389321,0.915786034005978,0.8985359637762282,0.929457080840306,0.8673137965378268,0.907737519163796,0.3649951198732466,0.4496199551371135,0.1108719052744887,0.0847322142286171,split_cp,0.1,0.8944355803749502,,,,,,,,,
,,,,,,,,,course_2,catboost,42,platt,conformal,2180,,,,,,0.9,0.913302752293578,0.0133027522935779,1.806422018348624,0.1935779816513761,0.8064220183486238,0.0,0.9000799360511591,0.9311087190527448,0.1935779816513761,0.447867298578199,0.8064220183486238,422.0,0.0,0.0133027522935779,1251.0,929.0,0.900751583979622,0.9243998906027434,0.8822171932736018,0.915493141337708,0.9129839957749928,0.9456828145666388,0.4011049581124442,0.4955702032918692,0.0688912809472551,0.0999200639488409,mondrian_cp,0.1,0.8944355803749502,,,,,,,,,
,,,,,,,,,course_2,catboost,42,platt,conformal,2180,,,,,,0.95,0.9536697247706422,0.0036697247706422,1.8848623853211008,0.115137614678899,0.884862385321101,0.0,0.9576338928856916,0.9483315392895588,0.115137614678899,0.4023904382470119,0.884862385321101,251.0,0.0,0.0036697247706422,1251.0,929.0,0.9440197107477964,0.9617236947593728,0.9450006688427562,0.9674651984199306,0.932160961771314,0.9608096412431418,0.3436370066491554,0.4640865865732633,0.0516684607104413,0.0423661071143085,split_cp,0.05,0.8944355803749502,,,,,,,,,
,,,,,,,,,course_2,catboost,42,platt,conformal,2180,,,,,,0.95,0.960091743119266,0.010091743119266,1.906422018348624,0.0935779816513761,0.906422018348624,0.0,0.947242206235012,0.977395048439182,0.0935779816513761,0.4264705882352941,0.906422018348624,204.0,0.0,0.010091743119266,1251.0,929.0,0.951032967031252,0.967531882032136,0.9334287140071876,0.958317404304556,0.9656901211365392,0.9851681320133076,0.3605794823444894,0.4950797293920815,0.022604951560818,0.052757793764988,mondrian_cp,0.05,0.8944355803749502,,,,,,,,,
0.5728571072098187,0.4729841457066124,0.5467428296291432,0.5574605977220377,0.2533904573853487,0.9322177106763424,0.0987553129349346,0.0723864547858708,-0.2893646197377873,course_2,catboost,42,isotonic,probability,2180,1575.0,262.0,263.0,25.0,total_clicks|active_days|active_weeks|num_sessions|night_activity_ratio|weekend_activity_ratio|material_clicks|assessment_clicks|forum_accesses|grade_page_accesses|main_page_accesses|unique_content|total_session_minutes|median_session_minutes|clicks_per_session|sessions_per_active_day|active_day_fraction|zero_activity|days_since_last_activity|days_to_first_activity|actions_week_1|actions_week_2|actions_week_3|actions_week_4|forum_posts,,,,,,,,,,,,,,,,,,,,,,,,,,,,,,,,,,,,,,,
,,,,,,,,,course_2,catboost,42,isotonic,conformal,2180,,,,,,0.8,0.8981651376146789,0.0981651376146788,1.748165137614679,0.2518348623853211,0.748165137614679,0.0,0.9104716227018386,0.8815931108719053,0.2518348623853211,0.4043715846994535,0.748165137614679,549.0,0.0,0.0981651376146788,1251.0,929.0,0.8847612050554701,0.910168295430094,0.8933684109461661,0.9250616726160868,0.8592290188352527,0.9008143875720094,0.3641210153962415,0.4459511159088473,0.1184068891280947,0.0895283772981614,split_cp,0.2,0.8944355803749502,,,,,,,,,
,,,,,,,,,course_2,catboost,42,isotonic,conformal,2180,,,,,,0.8,0.8981651376146789,0.0981651376146788,1.7477064220183487,0.2522935779816513,0.7477064220183486,0.0,0.9104716227018386,0.8815931108719053,0.2522935779816513,0.4036363636363636,0.7477064220183486,550.0,0.0,0.0981651376146788,1251.0,929.0,0.8847612050554701,0.910168295430094,0.8933684109461661,0.9250616726160868,0.8592290188352527,0.9008143875720094,0.3634385521165663,0.4451709365524331,0.1184068891280947,0.0895283772981614,mondrian_cp,0.2,0.8944355803749502,,,,,,,,,
,,,,,,,,,course_2,catboost,42,isotonic,conformal,2180,,,,,,0.8,0.8981651376146789,0.0981651376146788,1.7477064220183487,0.2522935779816513,0.7477064220183486,0.0,0.9104716227018386,0.8815931108719053,0.2522935779816513,0.4036363636363636,0.7477064220183486,550.0,0.0,0.0981651376146788,1251.0,929.0,0.8847612050554701,0.910168295430094,0.8933684109461661,0.9250616726160868,0.8592290188352527,0.9008143875720094,0.3634385521165663,0.4451709365524331,0.1184068891280947,0.0895283772981614,empirical_mondrian,0.2,0.8944355803749502,,,,,,,,,
,,,,,,,,,course_2,catboost,42,isotonic,conformal,2180,,,,,,0.8,0.8981651376146789,0.0981651376146788,1.7477064220183487,0.2522935779816513,0.7477064220183486,0.0,0.9104716227018386,0.8815931108719053,0.2522935779816513,0.4036363636363636,0.7477064220183486,550.0,0.0,0.0981651376146788,1251.0,929.0,0.8847612050554701,0.910168295430094,0.8933684109461661,0.9250616726160868,0.8592290188352527,0.9008143875720094,0.3634385521165663,0.4451709365524331,0.1184068891280947,0.0895283772981614,weighted_cap5,0.2,0.8944355803749502,0.009540588237519,0.301272452639434,0.6936337769531274,5.0,19.52619024991477,74.04106861418458,5.0,40.848920626038016,33.19619785540744
,,,,,,,,,course_2,catboost,42,isotonic,conformal,2180,,,,,,0.8,0.8454128440366973,0.0454128440366972,1.5944954128440367,0.4055045871559633,0.5944954128440367,0.0,0.9104716227018386,0.7578040904198062,0.4055045871559633,0.3812217194570135,0.5944954128440367,884.0,0.0,0.0454128440366972,1251.0,929.0,0.8296310049065618,0.8599794949386339,0.8933684109461661,0.9250616726160868,0.7292299758223261,0.7842549207490116,0.3497840198281335,0.4136872644719488,0.2421959095801937,0.0895283772981614,weighted_cap10,0.2,0.8944355803749502,0.009540588237519,0.301272452639434,0.8076473172866342,10.0,19.52619024991477,51.21279865812576,10.0,30.03039773163486,21.75217389610132
,,,,,,,,,course_2,catboost,42,isotonic,conformal,2180,,,,,,0.8,0.8454128440366973,0.0454128440366972,1.5944954128440367,0.4055045871559633,0.5944954128440367,0.0,0.9104716227018386,0.7578040904198062,0.4055045871559633,0.3812217194570135,0.5944954128440367,884.0,0.0,0.0454128440366972,1251.0,929.0,0.8296310049065618,0.8599794949386339,0.8933684109461661,0.9250616726160868,0.7292299758223261,0.7842549207490116,0.3497840198281335,0.4136872644719488,0.2421959095801937,0.0895283772981614,weighted_cap20,0.2,0.8944355803749502,0.009540588237519,0.301272452639434,0.9260528081214467,20.0,19.52619024991477,32.86079704206936,20.0,20.45690024200955,13.619374018627948
,,,,,,,,,course_2,catboost,42,isotonic,conformal,2180,,,,,,0.8,0.8454128440366973,0.0454128440366972,1.5944954128440367,0.4055045871559633,0.5944954128440367,0.0,0.9104716227018386,0.7578040904198062,0.4055045871559633,0.3812217194570135,0.5944954128440367,884.0,0.0,0.0454128440366972,1251.0,929.0,0.8296310049065618,0.8599794949386339,0.8933684109461661,0.9250616726160868,0.7292299758223261,0.7842549207490116,0.3497840198281335,0.4136872644719488,0.2421959095801937,0.0895283772981614,weighted_p99,0.2,0.8944355803749502,0.009540588237519,0.301272452639434,0.920648134166102,19.52619024991477,19.52619024991477,33.521702019172395,19.52619024991477,20.82501648595894,13.895551350537596
,,,,,,,,,course_2,catboost,42,isotonic,conformal,2180,,,,,,0.85,0.8981651376146789,0.0481651376146788,1.748165137614679,0.2518348623853211,0.748165137614679,0.0,0.9104716227018386,0.8815931108719053,0.2518348623853211,0.4043715846994535,0.748165137614679,549.0,0.0,0.0481651376146788,1251.0,929.0,0.8847612050554701,0.910168295430094,0.8933684109461661,0.9250616726160868,0.8592290188352527,0.9008143875720094,0.3641210153962415,0.4459511159088473,0.1184068891280947,0.0895283772981614,split_cp,0.15,0.8944355803749502,,,,,,,,,
,,,,,,,,,course_2,catboost,42,isotonic,conformal,2180,,,,,,0.85,0.8981651376146789,0.0481651376146788,1.7477064220183487,0.2522935779816513,0.7477064220183486,0.0,0.9104716227018386,0.8815931108719053,0.2522935779816513,0.4036363636363636,0.7477064220183486,550.0,0.0,0.0481651376146788,1251.0,929.0,0.8847612050554701,0.910168295430094,0.8933684109461661,0.9250616726160868,0.8592290188352527,0.9008143875720094,0.3634385521165663,0.4451709365524331,0.1184068891280947,0.0895283772981614,mondrian_cp,0.15,0.8944355803749502,,,,,,,,,
,,,,,,,,,course_2,catboost,42,isotonic,conformal,2180,,,,,,0.85,0.8981651376146789,0.0481651376146788,1.7477064220183487,0.2522935779816513,0.7477064220183486,0.0,0.9104716227018386,0.8815931108719053,0.2522935779816513,0.4036363636363636,0.7477064220183486,550.0,0.0,0.0481651376146788,1251.0,929.0,0.8847612050554701,0.910168295430094,0.8933684109461661,0.9250616726160868,0.8592290188352527,0.9008143875720094,0.3634385521165663,0.4451709365524331,0.1184068891280947,0.0895283772981614,empirical_mondrian,0.15,0.8944355803749502,,,,,,,,,
,,,,,,,,,course_2,catboost,42,isotonic,conformal,2180,,,,,,0.85,0.8981651376146789,0.0481651376146788,1.7477064220183487,0.2522935779816513,0.7477064220183486,0.0,0.9104716227018386,0.8815931108719053,0.2522935779816513,0.4036363636363636,0.7477064220183486,550.0,0.0,0.0481651376146788,1251.0,929.0,0.8847612050554701,0.910168295430094,0.8933684109461661,0.9250616726160868,0.8592290188352527,0.9008143875720094,0.3634385521165663,0.4451709365524331,0.1184068891280947,0.0895283772981614,weighted_cap5,0.15,0.8944355803749502,0.009540588237519,0.301272452639434,0.6936337769531274,5.0,19.52619024991477,74.04106861418458,5.0,40.848920626038016,33.19619785540744
,,,,,,,,,course_2,catboost,42,isotonic,conformal,2180,,,,,,0.85,0.8981651376146789,0.0481651376146788,1.7477064220183487,0.2522935779816513,0.7477064220183486,0.0,0.9104716227018386,0.8815931108719053,0.2522935779816513,0.4036363636363636,0.7477064220183486,550.0,0.0,0.0481651376146788,1251.0,929.0,0.8847612050554701,0.910168295430094,0.8933684109461661,0.9250616726160868,0.8592290188352527,0.9008143875720094,0.3634385521165663,0.4451709365524331,0.1184068891280947,0.0895283772981614,weighted_cap10,0.15,0.8944355803749502,0.009540588237519,0.301272452639434,0.8076473172866342,10.0,19.52619024991477,51.21279865812576,10.0,30.03039773163486,21.75217389610132
,,,,,,,,,course_2,catboost,42,isotonic,conformal,2180,,,,,,0.85,0.8454128440366973,0.0045871559633027,1.5944954128440367,0.4055045871559633,0.5944954128440367,0.0,0.9104716227018386,0.7578040904198062,0.4055045871559633,0.3812217194570135,0.5944954128440367,884.0,0.0045871559633027,0.0,1251.0,929.0,0.8296310049065618,0.8599794949386339,0.8933684109461661,0.9250616726160868,0.7292299758223261,0.7842549207490116,0.3497840198281335,0.4136872644719488,0.2421959095801937,0.0895283772981614,weighted_cap20,0.15,0.8944355803749502,0.009540588237519,0.301272452639434,0.9260528081214467,20.0,19.52619024991477,32.86079704206936,20.0,20.45690024200955,13.619374018627948
,,,,,,,,,course_2,catboost,42,isotonic,conformal,2180,,,,,,0.85,0.8454128440366973,0.0045871559633027,1.5944954128440367,0.4055045871559633,0.5944954128440367,0.0,0.9104716227018386,0.7578040904198062,0.4055045871559633,0.3812217194570135,0.5944954128440367,884.0,0.0045871559633027,0.0,1251.0,929.0,0.8296310049065618,0.8599794949386339,0.8933684109461661,0.9250616726160868,0.7292299758223261,0.7842549207490116,0.3497840198281335,0.4136872644719488,0.2421959095801937,0.0895283772981614,weighted_p99,0.15,0.8944355803749502,0.009540588237519,0.301272452639434,0.920648134166102,19.52619024991477,19.52619024991477,33.521702019172395,19.52619024991477,20.82501648595894,13.895551350537596
,,,,,,,,,course_2,catboost,42,isotonic,conformal,2180,,,,,,0.9,0.9458715596330276,0.0458715596330274,1.839449541284404,0.1605504587155963,0.8394495412844036,0.0,0.9928057553956836,0.8826695371367062,0.1605504587155963,0.3371428571428571,0.8394495412844036,350.0,0.0,0.0458715596330274,1251.0,929.0,0.9355648968355592,0.9546096129247728,0.9863837406963452,0.9962105076310724,0.8603823014628248,0.9018050919864888,0.2896230091570156,0.3881988029620429,0.1173304628632938,0.0071942446043165,split_cp,0.1,0.8944355803749502,,,,,,,,,
,,,,,,,,,course_2,catboost,42,isotonic,conformal,2180,,,,,,0.9,0.944954128440367,0.0449541284403669,1.8871559633027524,0.1128440366972477,0.8871559633027523,0.0,0.9104716227018386,0.9913885898815932,0.1128440366972477,0.4878048780487805,0.8871559633027523,246.0,0.0,0.0449541284403669,1251.0,929.0,0.9345740219633906,0.953768853003196,0.8933684109461661,0.9250616726160868,0.9830999551642106,0.9956301295323058,0.4260113802763635,0.549973390112341,0.0086114101184068,0.0895283772981614,mondrian_cp,0.1,0.8944355803749502,,,,,,,,,
,,,,,,,,,course_2,catboost,42,isotonic,conformal,2180,,,,,,0.9,0.944954128440367,0.0449541284403669,1.8871559633027524,0.1128440366972477,0.8871559633027523,0.0,0.9104716227018386,0.9913885898815932,0.1128440366972477,0.4878048780487805,0.8871559633027523,246.0,0.0,0.0449541284403669,1251.0,929.0,0.9345740219633906,0.953768853003196,0.8933684109461661,0.9250616726160868,0.9830999551642106,0.9956301295323058,0.4260113802763635,0.549973390112341,0.0086114101184068,0.0895283772981614,empirical_mondrian,0.1,0.8944355803749502,,,,,,,,,
,,,,,,,,,course_2,catboost,42,isotonic,conformal,2180,,,,,,0.9,0.944954128440367,0.0449541284403669,1.8871559633027524,0.1128440366972477,0.8871559633027523,0.0,0.9104716227018386,0.9913885898815932,0.1128440366972477,0.4878048780487805,0.8871559633027523,246.0,0.0,0.0449541284403669,1251.0,929.0,0.9345740219633906,0.953768853003196,0.8933684109461661,0.9250616726160868,0.9830999551642106,0.9956301295323058,0.4260113802763635,0.549973390112341,0.0086114101184068,0.0895283772981614,weighted_cap5,0.1,0.8944355803749502,0.009540588237519,0.301272452639434,0.6936337769531274,5.0,19.52619024991477,74.04106861418458,5.0,40.848920626038016,33.19619785540744
,,,,,,,,,course_2,catboost,42,isotonic,conformal,2180,,,,,,0.9,0.944954128440367,0.0449541284403669,1.8871559633027524,0.1128440366972477,0.8871559633027523,0.0,0.9104716227018386,0.9913885898815932,0.1128440366972477,0.4878048780487805,0.8871559633027523,246.0,0.0,0.0449541284403669,1251.0,929.0,0.9345740219633906,0.953768853003196,0.8933684109461661,0.9250616726160868,0.9830999551642106,0.9956301295323058,0.4260113802763635,0.549973390112341,0.0086114101184068,0.0895283772981614,weighted_cap10,0.1,0.8944355803749502,0.009540588237519,0.301272452639434,0.8076473172866342,10.0,19.52619024991477,51.21279865812576,10.0,30.03039773163486,21.75217389610132
,,,,,,,,,course_2,catboost,42,isotonic,conformal,2180,,,,,,0.9,0.8981651376146789,0.0018348623853211,1.7477064220183487,0.2522935779816513,0.7477064220183486,0.0,0.9104716227018386,0.8815931108719053,0.2522935779816513,0.4036363636363636,0.7477064220183486,550.0,0.0018348623853211,0.0,1251.0,929.0,0.8847612050554701,0.910168295430094,0.8933684109461661,0.9250616726160868,0.8592290188352527,0.9008143875720094,0.3634385521165663,0.4451709365524331,0.1184068891280947,0.0895283772981614,weighted_cap20,0.1,0.8944355803749502,0.009540588237519,0.301272452639434,0.9260528081214467,20.0,19.52619024991477,32.86079704206936,20.0,20.45690024200955,13.619374018627948
,,,,,,,,,course_2,catboost,42,isotonic,conformal,2180,,,,,,0.9,0.8981651376146789,0.0018348623853211,1.7477064220183487,0.2522935779816513,0.7477064220183486,0.0,0.9104716227018386,0.8815931108719053,0.2522935779816513,0.4036363636363636,0.7477064220183486,550.0,0.0018348623853211,0.0,1251.0,929.0,0.8847612050554701,0.910168295430094,0.8933684109461661,0.9250616726160868,0.8592290188352527,0.9008143875720094,0.3634385521165663,0.4451709365524331,0.1184068891280947,0.0895283772981614,weighted_p99,0.1,0.8944355803749502,0.009540588237519,0.301272452639434,0.920648134166102,19.52619024991477,19.52619024991477,33.521702019172395,19.52619024991477,20.82501648595894,13.895551350537596
,,,,,,,,,course_2,catboost,42,isotonic,conformal,2180,,,,,,0.95,0.9926605504587156,0.0426605504587156,1.9775229357798163,0.0224770642201834,0.9775229357798164,0.0,0.9936051159072742,0.9913885898815932,0.0224770642201834,0.3265306122448979,0.9775229357798164,49.0,0.0,0.0426605504587156,1251.0,929.0,0.9881106526490544,0.9954772315923004,0.9874319682991196,0.9967561068706778,0.9830999551642106,0.9956301295323058,0.2120749700181186,0.4662079468542984,0.0086114101184068,0.0063948840927258,split_cp,0.05,0.8944355803749502,,,,,,,,,
,,,,,,,,,course_2,catboost,42,isotonic,conformal,2180,,,,,,0.95,0.9922018348623852,0.0422018348623853,1.976605504587156,0.023394495412844,0.976605504587156,0.0,0.9928057553956836,0.9913885898815932,0.023394495412844,0.3333333333333333,0.976605504587156,51.0,0.0,0.0422018348623853,1251.0,929.0,0.9875465866501574,0.9951254801943246,0.9863837406963452,0.9962105076310724,0.9830999551642106,0.9956301295323058,0.2196993185358851,0.4703162214302919,0.0086114101184068,0.0071942446043165,mondrian_cp,0.05,0.8944355803749502,,,,,,,,,
,,,,,,,,,course_2,catboost,42,isotonic,conformal,2180,,,,,,0.95,0.9922018348623852,0.0422018348623853,1.976605504587156,0.023394495412844,0.976605504587156,0.0,0.9928057553956836,0.9913885898815932,0.023394495412844,0.3333333333333333,0.976605504587156,51.0,0.0,0.0422018348623853,1251.0,929.0,0.9875465866501574,0.9951254801943246,0.9863837406963452,0.9962105076310724,0.9830999551642106,0.9956301295323058,0.2196993185358851,0.4703162214302919,0.0086114101184068,0.0071942446043165,empirical_mondrian,0.05,0.8944355803749502,,,,,,,,,
,,,,,,,,,course_2,catboost,42,isotonic,conformal,2180,,,,,,0.95,0.9958715596330276,0.0458715596330275,1.9922018348623851,0.0077981651376146,0.9922018348623852,0.0,0.9928057553956836,1.0,0.0077981651376146,0.5294117647058824,0.9922018348623852,17.0,0.0,0.0458715596330275,1251.0,929.0,0.99217212569068,0.997826480328784,0.9863837406963452,0.9962105076310724,0.9958819810329288,1.0,0.3096323506000442,0.7383489355759056,0.0,0.0071942446043165,weighted_cap5,0.05,0.8944355803749502,0.009540588237519,0.301272452639434,0.6936337769531274,5.0,19.52619024991477,74.04106861418458,5.0,40.848920626038016,33.19619785540744
,,,,,,,,,course_2,catboost,42,isotonic,conformal,2180,,,,,,0.95,0.9958715596330276,0.0458715596330275,1.9922018348623851,0.0077981651376146,0.9922018348623852,0.0,0.9928057553956836,1.0,0.0077981651376146,0.5294117647058824,0.9922018348623852,17.0,0.0,0.0458715596330275,1251.0,929.0,0.99217212569068,0.997826480328784,0.9863837406963452,0.9962105076310724,0.9958819810329288,1.0,0.3096323506000442,0.7383489355759056,0.0,0.0071942446043165,weighted_cap10,0.05,0.8944355803749502,0.009540588237519,0.301272452639434,0.8076473172866342,10.0,19.52619024991477,51.21279865812576,10.0,30.03039773163486,21.75217389610132
,,,,,,,,,course_2,catboost,42,isotonic,conformal,2180,,,,,,0.95,0.9958715596330276,0.0458715596330275,1.9922018348623851,0.0077981651376146,0.9922018348623852,0.0,0.9928057553956836,1.0,0.0077981651376146,0.5294117647058824,0.9922018348623852,17.0,0.0,0.0458715596330275,1251.0,929.0,0.99217212569068,0.997826480328784,0.9863837406963452,0.9962105076310724,0.9958819810329288,1.0,0.3096323506000442,0.7383489355759056,0.0,0.0071942446043165,weighted_cap20,0.05,0.8944355803749502,0.009540588237519,0.301272452639434,0.9260528081214467,20.0,19.52619024991477,32.86079704206936,20.0,20.45690024200955,13.619374018627948
,,,,,,,,,course_2,catboost,42,isotonic,conformal,2180,,,,,,0.95,0.9958715596330276,0.0458715596330275,1.9922018348623851,0.0077981651376146,0.9922018348623852,0.0,0.9928057553956836,1.0,0.0077981651376146,0.5294117647058824,0.9922018348623852,17.0,0.0,0.0458715596330275,1251.0,929.0,0.99217212569068,0.997826480328784,0.9863837406963452,0.9962105076310724,0.9958819810329288,1.0,0.3096323506000442,0.7383489355759056,0.0,0.0071942446043165,weighted_p99,0.05,0.8944355803749502,0.009540588237519,0.301272452639434,0.920648134166102,19.52619024991477,19.52619024991477,33.521702019172395,19.52619024991477,20.82501648595894,13.895551350537596
0.6406001140960214,0.5237878449092622,0.5951532283254861,0.5965961353629691,0.2383943455608801,1.0722600482768003,0.0560395361560943,0.0938988629466413,-0.2459423859272197,course_2,logistic,7,isotonic,probability,2180,1575.0,262.0,263.0,25.0,total_clicks|active_days|active_weeks|num_sessions|night_activity_ratio|weekend_activity_ratio|material_clicks|assessment_clicks|forum_accesses|grade_page_accesses|main_page_accesses|unique_content|total_session_minutes|median_session_minutes|clicks_per_session|sessions_per_active_day|active_day_fraction|zero_activity|days_since_last_activity|days_to_first_activity|actions_week_1|actions_week_2|actions_week_3|actions_week_4|forum_posts,,,,,,,,,,,,,,,,,,,,,,,,,,,,,,,,,,,,,,,
,,,,,,,,,course_2,logistic,7,isotonic,conformal,2180,,,,,,0.9,0.9376146788990826,0.0376146788990825,1.769724770642202,0.2302752293577981,0.7697247706422018,0.0,0.9688249400479616,0.8955866523143164,0.2302752293577981,0.2709163346613545,0.7697247706422018,502.0,0.0,0.0376146788990825,1251.0,929.0,0.9266721588407438,0.9470176377758786,0.9576675232983968,0.9771119197576132,0.8742666401554067,0.9136485977985248,0.233887017676721,0.3114250638275981,0.1044133476856835,0.0311750599520383,split_cp,0.1,0.9040167530913442,,,,,,,,,
,,,,,,,,,course_2,logistic,7,isotonic,conformal,2180,,,,,,0.9,0.9146788990825688,0.0146788990825688,1.6940366972477063,0.3059633027522935,0.6940366972477064,0.0,0.9688249400479616,0.8417653390742734,0.3059633027522935,0.2788605697151424,0.6940366972477064,667.0,0.0,0.0146788990825688,1251.0,929.0,0.902210219918352,0.925688706854632,0.9576675232983968,0.9771119197576132,0.8168954988127903,0.8638203870385657,0.2461687782767992,0.3140849953665361,0.1582346609257265,0.0311750599520383,mondrian_cp,0.1,0.9040167530913442,,,,,,,,,
,,,,,,,,,course_2,logistic,7,isotonic,conformal,2180,,,,,,0.9,0.9146788990825688,0.0146788990825688,1.6940366972477063,0.3059633027522935,0.6940366972477064,0.0,0.9688249400479616,0.8417653390742734,0.3059633027522935,0.2788605697151424,0.6940366972477064,667.0,0.0,0.0146788990825688,1251.0,929.0,0.902210219918352,0.925688706854632,0.9576675232983968,0.9771119197576132,0.8168954988127903,0.8638203870385657,0.2461687782767992,0.3140849953665361,0.1582346609257265,0.0311750599520383,empirical_mondrian,0.1,0.9040167530913442,,,,,,,,,
,,,,,,,,,course_2,logistic,7,isotonic,conformal,2180,,,,,,0.9,0.9743119266055046,0.0743119266055045,1.928440366972477,0.0715596330275229,0.9284403669724772,0.0,0.9688249400479616,0.9817007534983854,0.0715596330275229,0.358974358974359,0.9284403669724772,156.0,0.0,0.0743119266055045,1251.0,929.0,0.9667901698570104,0.9801650185094336,0.9576675232983968,0.9771119197576132,0.9708902918950092,0.988543909423044,0.2879207045855488,0.4368065324865424,0.0182992465016146,0.0311750599520383,weighted_cap10,0.1,0.9040167530913442,4.995131573669646e-05,0.296925783658692,0.604559049837473,10.0,6.935519459264817,55.62235060236352,10.0,30.297338328435327,26.55835265119681
0.5534199120789481,0.4572363350320868,0.5210555067334869,0.5497741742020807,0.2565291235981628,0.7954895714049727,0.1070154670618413,0.1208739325609026,-0.2732662187645867,course_2,catboost,7,isotonic,probability,2180,1575.0,262.0,263.0,25.0,total_clicks|active_days|active_weeks|num_sessions|night_activity_ratio|weekend_activity_ratio|material_clicks|assessment_clicks|forum_accesses|grade_page_accesses|main_page_accesses|unique_content|total_session_minutes|median_session_minutes|clicks_per_session|sessions_per_active_day|active_day_fraction|zero_activity|days_since_last_activity|days_to_first_activity|actions_week_1|actions_week_2|actions_week_3|actions_week_4|forum_posts,,,,,,,,,,,,,,,,,,,,,,,,,,,,,,,,,,,,,,,
,,,,,,,,,course_2,catboost,7,isotonic,conformal,2180,,,,,,0.9,0.9770642201834864,0.0770642201834862,1.9440366972477063,0.0559633027522935,0.9440366972477064,0.0,0.9792166266986412,0.9741657696447792,0.0559633027522935,0.4098360655737705,0.9440366972477064,122.0,0.0,0.0770642201834862,1251.0,929.0,0.9698907140683892,0.9825593786792912,0.9697212586382056,0.9857779333687476,0.9618473275162628,0.9825789645074297,0.3266177539040643,0.4985590979365774,0.0258342303552206,0.0207833733013589,split_cp,0.1,0.9040167530913442,,,,,,,,,
,,,,,,,,,course_2,catboost,7,isotonic,conformal,2180,,,,,,0.9,0.9770642201834864,0.0770642201834862,1.943577981651376,0.0564220183486238,0.9435779816513762,0.0,0.9792166266986412,0.9741657696447792,0.0564220183486238,0.4065040650406504,0.9435779816513762,123.0,0.0,0.0770642201834862,1251.0,929.0,0.9698907140683892,0.9825593786792912,0.9697212586382056,0.9857779333687476,0.9618473275162628,0.9825789645074297,0.3238098760638868,0.494861398976293,0.0258342303552206,0.0207833733013589,mondrian_cp,0.1,0.9040167530913442,,,,,,,,,
,,,,,,,,,course_2,catboost,7,isotonic,conformal,2180,,,,,,0.9,0.9770642201834864,0.0770642201834862,1.943577981651376,0.0564220183486238,0.9435779816513762,0.0,0.9792166266986412,0.9741657696447792,0.0564220183486238,0.4065040650406504,0.9435779816513762,123.0,0.0,0.0770642201834862,1251.0,929.0,0.9698907140683892,0.9825593786792912,0.9697212586382056,0.9857779333687476,0.9618473275162628,0.9825789645074297,0.3238098760638868,0.494861398976293,0.0258342303552206,0.0207833733013589,empirical_mondrian,0.1,0.9040167530913442,,,,,,,,,
,,,,,,,,,course_2,catboost,7,isotonic,conformal,2180,,,,,,0.9,0.9770642201834864,0.0770642201834862,1.943577981651376,0.0564220183486238,0.9435779816513762,0.0,0.9792166266986412,0.9741657696447792,0.0564220183486238,0.4065040650406504,0.9435779816513762,123.0,0.0,0.0770642201834862,1251.0,929.0,0.9698907140683892,0.9825593786792912,0.9697212586382056,0.9857779333687476,0.9618473275162628,0.9825789645074297,0.3238098760638868,0.494861398976293,0.0258342303552206,0.0207833733013589,weighted_cap10,0.1,0.9040167530913442,4.995131573669646e-05,0.296925783658692,0.604559049837473,10.0,6.935519459264817,55.62235060236352,10.0,30.297338328435327,26.55835265119681
0.6581800221824693,0.5461093107723163,0.5897859437457897,0.5966933665123875,0.2283463480204499,0.7120482666899932,0.0274140137865254,0.56116959404767,-0.1001535968018955,course_2,logistic,19,isotonic,probability,2180,1575.0,262.0,263.0,25.0,total_clicks|active_days|active_weeks|num_sessions|night_activity_ratio|weekend_activity_ratio|material_clicks|assessment_clicks|forum_accesses|grade_page_accesses|main_page_accesses|unique_content|total_session_minutes|median_session_minutes|clicks_per_session|sessions_per_active_day|active_day_fraction|zero_activity|days_since_last_activity|days_to_first_activity|actions_week_1|actions_week_2|actions_week_3|actions_week_4|forum_posts,,,,,,,,,,,,,,,,,,,,,,,,,,,,,,,,,,,,,,,
,,,,,,,,,course_2,logistic,19,isotonic,conformal,2180,,,,,,0.9,0.9389908256880732,0.0389908256880733,1.760091743119266,0.2399082568807339,0.7600917431192661,0.0,0.9768185451638688,0.8880516684607105,0.2399082568807339,0.254302103250478,0.7600917431192661,523.0,0.0,0.0389908256880733,1251.0,929.0,0.9281505378160648,0.9482867109911756,0.9669059728896826,0.98381173859013,0.866157108223939,0.906750220435632,0.2188657525539779,0.2933214610808782,0.1119483315392895,0.023181454836131,split_cp,0.1,0.903476266453929,,,,,,,,,
,,,,,,,,,course_2,logistic,19,isotonic,conformal,2180,,,,,,0.9,0.9389908256880732,0.0389908256880733,1.760091743119266,0.2399082568807339,0.7600917431192661,0.0,0.9768185451638688,0.8880516684607105,0.2399082568807339,0.254302103250478,0.7600917431192661,523.0,0.0,0.0389908256880733,1251.0,929.0,0.9281505378160648,0.9482867109911756,0.9669059728896826,0.98381173859013,0.866157108223939,0.906750220435632,0.2188657525539779,0.2933214610808782,0.1119483315392895,0.023181454836131,mondrian_cp,0.1,0.903476266453929,,,,,,,,,
,,,,,,,,,course_2,logistic,19,isotonic,conformal,2180,,,,,,0.9,0.9389908256880732,0.0389908256880733,1.760091743119266,0.2399082568807339,0.7600917431192661,0.0,0.9768185451638688,0.8880516684607105,0.2399082568807339,0.254302103250478,0.7600917431192661,523.0,0.0,0.0389908256880733,1251.0,929.0,0.9281505378160648,0.9482867109911756,0.9669059728896826,0.98381173859013,0.866157108223939,0.906750220435632,0.2188657525539779,0.2933214610808782,0.1119483315392895,0.023181454836131,empirical_mondrian,0.1,0.903476266453929,,,,,,,,,
,,,,,,,,,course_2,logistic,19,isotonic,conformal,2180,,,,,,0.9,0.9674311926605504,0.0674311926605504,1.9110091743119264,0.0889908256880734,0.9110091743119266,0.0,0.9432454036770584,1.0,0.0889908256880734,0.3659793814432989,0.9110091743119266,194.0,0.0,0.0674311926605504,1251.0,929.0,0.959118973581626,0.9740989538317262,0.9290151129275036,0.9547618711723392,0.9958819810329288,1.0,0.3014085129578067,0.4357547676307772,0.0,0.0567545963229416,weighted_cap10,0.1,0.903476266453929,0.0118392717132372,0.2774686463651004,0.7883935456383184,10.0,19.43534541014673,53.66654660831424,10.0,32.14527336472328,23.136880492514997
0.5871225516895419,0.4851551092976929,0.5525289479721327,0.5653703087045971,0.2517836125438139,1.090347326552709,0.080363788864976,0.0482253185104461,-0.2994172216404814,course_2,catboost,19,isotonic,probability,2180,1575.0,262.0,263.0,25.0,total_clicks|active_days|active_weeks|num_sessions|night_activity_ratio|weekend_activity_ratio|material_clicks|assessment_clicks|forum_accesses|grade_page_accesses|main_page_accesses|unique_content|total_session_minutes|median_session_minutes|clicks_per_session|sessions_per_active_day|active_day_fraction|zero_activity|days_since_last_activity|days_to_first_activity|actions_week_1|actions_week_2|actions_week_3|actions_week_4|forum_posts,,,,,,,,,,,,,,,,,,,,,,,,,,,,,,,,,,,,,,,
,,,,,,,,,course_2,catboost,19,isotonic,conformal,2180,,,,,,0.9,0.9371559633027524,0.0371559633027522,1.840366972477064,0.1596330275229358,0.8403669724770643,0.0,0.9336530775379696,0.9418729817007536,0.1596330275229358,0.3936781609195402,0.8403669724770643,348.0,0.0,0.0371559633027522,1251.0,929.0,0.9261796766801051,0.9465943025396444,0.9184909634579118,0.946160098533368,0.9249283444886048,0.9551783362735422,0.3437756725098843,0.445902325506512,0.0581270182992465,0.0663469224620303,split_cp,0.1,0.903476266453929,,,,,,,,,
,,,,,,,,,course_2,catboost,19,isotonic,conformal,2180,,,,,,0.9,0.9610091743119266,0.0610091743119265,1.8977064220183488,0.1022935779816513,0.8977064220183486,0.0,0.9832134292565948,0.9311087190527448,0.1022935779816513,0.3811659192825112,0.8977064220183486,223.0,0.0,0.0610091743119265,1251.0,929.0,0.9520392165563106,0.9683572673008228,0.974473689063727,0.9889946371551276,0.9129839957749928,0.9456828145666388,0.3199442626444386,0.4464123801159414,0.0688912809472551,0.0167865707434052,mondrian_cp,0.1,0.903476266453929,,,,,,,,,
,,,,,,,,,course_2,catboost,19,isotonic,conformal,2180,,,,,,0.9,0.9610091743119266,0.0610091743119265,1.8977064220183488,0.1022935779816513,0.8977064220183486,0.0,0.9832134292565948,0.9311087190527448,0.1022935779816513,0.3811659192825112,0.8977064220183486,223.0,0.0,0.0610091743119265,1251.0,929.0,0.9520392165563106,0.9683572673008228,0.974473689063727,0.9889946371551276,0.9129839957749928,0.9456828145666388,0.3199442626444386,0.4464123801159414,0.0688912809472551,0.0167865707434052,empirical_mondrian,0.1,0.903476266453929,,,,,,,,,
,,,,,,,,,course_2,catboost,19,isotonic,conformal,2180,,,,,,0.9,0.9325688073394496,0.0325688073394495,1.8279816513761469,0.1720183486238532,0.8279816513761468,0.0,0.9336530775379696,0.9311087190527448,0.1720183486238532,0.392,0.8279816513761468,375.0,0.0,0.0325688073394495,1251.0,929.0,0.9212630136480702,0.9423527916029516,0.9184909634579118,0.946160098533368,0.9129839957749928,0.9456828145666388,0.3439226663726452,0.442267577292483,0.0688912809472551,0.0663469224620303,weighted_cap10,0.1,0.903476266453929,0.0118392717132372,0.2774686463651004,0.7883935456383184,10.0,19.43534541014673,53.66654660831424,10.0,32.14527336472328,23.136880492514997
0.6585973417175839,0.5522397522342583,0.5460956814926148,0.5716171949415709,0.2404498164922545,1.7593421247181429,0.1087495980610501,0.0968881787432505,-0.0943984268097029,course_2,logistic,73,isotonic,probability,2180,1575.0,262.0,263.0,25.0,total_clicks|active_days|active_weeks|num_sessions|night_activity_ratio|weekend_activity_ratio|material_clicks|assessment_clicks|forum_accesses|grade_page_accesses|main_page_accesses|unique_content|total_session_minutes|median_session_minutes|clicks_per_session|sessions_per_active_day|active_day_fraction|zero_activity|days_since_last_activity|days_to_first_activity|actions_week_1|actions_week_2|actions_week_3|actions_week_4|forum_posts,,,,,,,,,,,,,,,,,,,,,,,,,,,,,,,,,,,,,,,
,,,,,,,,,course_2,logistic,73,isotonic,conformal,2180,,,,,,0.9,0.9,0.0,1.6252293577981651,0.3747706422018348,0.6252293577981651,0.0,0.9832134292565948,0.7879440258342304,0.3747706422018348,0.2668298653610771,0.6252293577981651,817.0,0.0,0.0,1251.0,929.0,0.8866944629292413,0.911898307143814,0.974473689063727,0.9889946371551276,0.7605003431652834,0.8130161905834968,0.2376435598512305,0.2981985983319294,0.2120559741657696,0.0167865707434052,split_cp,0.1,0.8786637415237337,,,,,,,,,
,,,,,,,,,course_2,logistic,73,isotonic,conformal,2180,,,,,,0.9,0.9261467889908256,0.0261467889908256,1.7077981651376146,0.2922018348623853,0.7077981651376147,0.0,0.9832134292565948,0.8493003229278795,0.2922018348623853,0.2527472527472527,0.7077981651376147,637.0,0.0,0.0261467889908256,1251.0,929.0,0.9144027203687168,0.9363916413260864,0.974473689063727,0.9889946371551276,0.8248590419185431,0.8708647532271736,0.2205494913639224,0.2879092769253867,0.1506996770721205,0.0167865707434052,mondrian_cp,0.1,0.8786637415237337,,,,,,,,,
,,,,,,,,,course_2,logistic,73,isotonic,conformal,2180,,,,,,0.9,0.9261467889908256,0.0261467889908256,1.7077981651376146,0.2922018348623853,0.7077981651376147,0.0,0.9832134292565948,0.8493003229278795,0.2922018348623853,0.2527472527472527,0.7077981651376147,637.0,0.0,0.0261467889908256,1251.0,929.0,0.9144027203687168,0.9363916413260864,0.974473689063727,0.9889946371551276,0.8248590419185431,0.8708647532271736,0.2205494913639224,0.2879092769253867,0.1506996770721205,0.0167865707434052,empirical_mondrian,0.1,0.8786637415237337,,,,,,,,,
,,,,,,,,,course_2,logistic,73,isotonic,conformal,2180,,,,,,0.9,0.9577981651376148,0.0577981651376147,1.8229357798165136,0.1770642201834862,0.8229357798165138,0.0,0.9832134292565948,0.9235737351991388,0.1770642201834862,0.238341968911917,0.8229357798165138,386.0,0.0,0.0577981651376147,1251.0,929.0,0.9485223289841238,0.9654634330949006,0.974473689063727,0.9889946371551276,0.9046913614952906,0.9389675395519804,0.198547258770847,0.2832933832915227,0.0764262648008611,0.0167865707434052,weighted_cap10,0.1,0.8786637415237337,0.0114699442246427,0.2799728213711523,0.6262942355339619,10.0,3.633143066910744,69.33787837373093,10.0,38.608845792015934,31.04621406739498
0.612431045475783,0.5197466677414072,0.5879616636034632,0.593522598498166,0.2384588439479739,0.7022386377345744,0.0529104033485046,0.4592896288556607,-0.1590925855090503,course_2,catboost,73,isotonic,probability,2180,1575.0,262.0,263.0,25.0,total_clicks|active_days|active_weeks|num_sessions|night_activity_ratio|weekend_activity_ratio|material_clicks|assessment_clicks|forum_accesses|grade_page_accesses|main_page_accesses|unique_content|total_session_minutes|median_session_minutes|clicks_per_session|sessions_per_active_day|active_day_fraction|zero_activity|days_since_last_activity|days_to_first_activity|actions_week_1|actions_week_2|actions_week_3|actions_week_4|forum_posts,,,,,,,,,,,,,,,,,,,,,,,,,,,,,,,,,,,,,,,
,,,,,,,,,course_2,catboost,73,isotonic,conformal,2180,,,,,,0.9,0.9096330275229356,0.0096330275229357,1.710091743119266,0.2899082568807339,0.710091743119266,0.0,0.9896083133493204,0.8019375672766416,0.2899082568807339,0.3117088607594936,0.710091743119266,632.0,0.0,0.0096330275229357,1251.0,929.0,0.8968661629443465,0.9209587724630368,0.9823018786370976,0.9939170623207988,0.7750889836237178,0.8262993816717321,0.2768258223282437,0.3488670344391923,0.1980624327233584,0.0103916866506794,split_cp,0.1,0.8786637415237337,,,,,,,,,
,,,,,,,,,course_2,catboost,73,isotonic,conformal,2180,,,,,,0.9,0.9077981651376148,0.0077981651376146,1.7353211009174312,0.2646788990825688,0.7353211009174312,0.0,0.9280575539568344,0.8805166846071044,0.2646788990825688,0.3483535528596187,0.7353211009174312,577.0,0.0,0.0077981651376146,1251.0,929.0,0.8949257043027369,0.9192359615171554,0.9123905755400502,0.941103698554568,0.8580762804231625,0.8998231389420479,0.3105967425245405,0.3881162240820279,0.1194833153928955,0.0719424460431654,mondrian_cp,0.1,0.8786637415237337,,,,,,,,,
,,,,,,,,,course_2,catboost,73,isotonic,conformal,2180,,,,,,0.9,0.9077981651376148,0.0077981651376146,1.7353211009174312,0.2646788990825688,0.7353211009174312,0.0,0.9280575539568344,0.8805166846071044,0.2646788990825688,0.3483535528596187,0.7353211009174312,577.0,0.0,0.0077981651376146,1251.0,929.0,0.8949257043027369,0.9192359615171554,0.9123905755400502,0.941103698554568,0.8580762804231625,0.8998231389420479,0.3105967425245405,0.3881162240820279,0.1194833153928955,0.0719424460431654,empirical_mondrian,0.1,0.8786637415237337,,,,,,,,,
,,,,,,,,,course_2,catboost,73,isotonic,conformal,2180,,,,,,0.9,0.9587155963302753,0.0587155963302752,1.8972477064220183,0.1027522935779816,0.8972477064220183,0.0,0.9280575539568344,1.0,0.1027522935779816,0.4017857142857143,0.8972477064220183,224.0,0.0,0.0587155963302752,1251.0,929.0,0.9495257521877292,0.9662916446850408,0.9123905755400502,0.941103698554568,0.9958819810329288,1.0,0.3397614568068332,0.4671218021586611,0.0,0.0719424460431654,weighted_cap10,0.1,0.8786637415237337,0.0114699442246427,0.2799728213711523,0.6262942355339619,10.0,3.633143066910744,69.33787837373093,10.0,38.608845792015934,31.04621406739498
0.6478550206121433,0.536595650181244,0.5304061927226691,0.5600535717819717,0.2345932766729112,0.6681962444049434,0.0740046903102874,0.5644049270838939,-0.0447999564994556,course_2,logistic,101,isotonic,probability,2180,1575.0,262.0,263.0,25.0,total_clicks|active_days|active_weeks|num_sessions|night_activity_ratio|weekend_activity_ratio|material_clicks|assessment_clicks|forum_accesses|grade_page_accesses|main_page_accesses|unique_content|total_session_minutes|median_session_minutes|clicks_per_session|sessions_per_active_day|active_day_fraction|zero_activity|days_since_last_activity|days_to_first_activity|actions_week_1|actions_week_2|actions_week_3|actions_week_4|forum_posts,,,,,,,,,,,,,,,,,,,,,,,,,,,,,,,,,,,,,,,
,,,,,,,,,course_2,logistic,101,isotonic,conformal,2180,,,,,,0.9,0.91651376146789,0.0165137614678898,1.694954128440367,0.305045871559633,0.694954128440367,0.0,0.9816147082334132,0.8288482238966631,0.305045871559633,0.2736842105263158,0.694954128440367,665.0,0.0,0.0165137614678898,1251.0,929.0,0.9041564775054036,0.9274057188550712,0.9725626010462628,0.9877180714878312,0.8032863507449685,0.8517016906017695,0.2411701472489983,0.3087979415552973,0.1711517761033369,0.0183852917665867,split_cp,0.1,0.8784004786597528,,,,,,,,,
,,,,,,,,,course_2,logistic,101,isotonic,conformal,2180,,,,,,0.9,0.91651376146789,0.0165137614678898,1.6940366972477063,0.3059633027522935,0.6940366972477064,0.0,0.9816147082334132,0.8288482238966631,0.3059633027522935,0.272863568215892,0.6940366972477064,667.0,0.0,0.0165137614678898,1251.0,929.0,0.9041564775054036,0.9274057188550712,0.9725626010462628,0.9877180714878312,0.8032863507449685,0.8517016906017695,0.240432236339511,0.3078962159111011,0.1711517761033369,0.0183852917665867,mondrian_cp,0.1,0.8784004786597528,,,,,,,,,
,,,,,,,,,course_2,logistic,101,isotonic,conformal,2180,,,,,,0.9,0.91651376146789,0.0165137614678898,1.6940366972477063,0.3059633027522935,0.6940366972477064,0.0,0.9816147082334132,0.8288482238966631,0.3059633027522935,0.272863568215892,0.6940366972477064,667.0,0.0,0.0165137614678898,1251.0,929.0,0.9041564775054036,0.9274057188550712,0.9725626010462628,0.9877180714878312,0.8032863507449685,0.8517016906017695,0.240432236339511,0.3078962159111011,0.1711517761033369,0.0183852917665867,empirical_mondrian,0.1,0.8784004786597528,,,,,,,,,
,,,,,,,,,course_2,logistic,101,isotonic,conformal,2180,,,,,,0.9,0.8885321100917432,0.0114678899082568,1.6247706422018349,0.3752293577981651,0.6247706422018349,0.0,0.9328537170263788,0.8288482238966631,0.3752293577981651,0.2970660146699266,0.6247706422018349,818.0,0.0114678899082568,0.0,1251.0,929.0,0.8746317434657281,0.9010655916855078,0.9176178595738786,0.9454393755750208,0.8032863507449685,0.8517016906017695,0.2667582462809348,0.3292708948183653,0.1711517761033369,0.0671462829736211,weighted_cap10,0.1,0.8784004786597528,8.426613931201088e-07,0.2898056105237414,0.8284625133711844,10.0,15.047602287354362,55.623187248512025,10.0,34.69372667384991,25.17843591288994
0.6048702480426853,0.501535234500092,0.55045701515103,0.5687015511379917,0.2373397161712728,0.6834895584921243,0.0317407010899234,0.5779293960203687,-0.1712522924284195,course_2,catboost,101,isotonic,probability,2180,1575.0,262.0,263.0,25.0,total_clicks|active_days|active_weeks|num_sessions|night_activity_ratio|weekend_activity_ratio|material_clicks|assessment_clicks|forum_accesses|grade_page_accesses|main_page_accesses|unique_content|total_session_minutes|median_session_minutes|clicks_per_session|sessions_per_active_day|active_day_fraction|zero_activity|days_since_last_activity|days_to_first_activity|actions_week_1|actions_week_2|actions_week_3|actions_week_4|forum_posts,,,,,,,,,,,,,,,,,,,,,,,,,,,,,,,,,,,,,,,
,,,,,,,,,course_2,catboost,101,isotonic,conformal,2180,,,,,,0.9,0.9174311926605504,0.0174311926605504,1.7279816513761468,0.2720183486238532,0.7279816513761468,0.0,0.9760191846522782,0.8385360602798708,0.2720183486238532,0.3035413153456998,0.7279816513761468,593.0,0.0,0.0174311926605504,1251.0,929.0,0.9051302239013652,0.9282636072528552,0.9659726600119184,0.9831512246255144,0.8134882980753539,0.8607956266498475,0.2678969617659875,0.3417146083478122,0.1614639397201291,0.0239808153477218,split_cp,0.1,0.8784004786597528,,,,,,,,,
,,,,,,,,,course_2,catboost,101,isotonic,conformal,2180,,,,,,0.9,0.9674311926605504,0.0674311926605504,1.8885321100917432,0.1114678899082568,0.8885321100917432,0.0,0.9760191846522782,0.9558665231431648,0.1114678899082568,0.2921810699588477,0.8885321100917432,243.0,0.0,0.0674311926605504,1251.0,929.0,0.959118973581626,0.9740989538317262,0.9659726600119184,0.9831512246255144,0.9406758907669832,0.9673026215418332,0.238591382414226,0.3522391025353605,0.0441334768568353,0.0239808153477218,mondrian_cp,0.1,0.8784004786597528,,,,,,,,,
,,,,,,,,,course_2,catboost,101,isotonic,conformal,2180,,,,,,0.9,0.9674311926605504,0.0674311926605504,1.8885321100917432,0.1114678899082568,0.8885321100917432,0.0,0.9760191846522782,0.9558665231431648,0.1114678899082568,0.2921810699588477,0.8885321100917432,243.0,0.0,0.0674311926605504,1251.0,929.0,0.959118973581626,0.9740989538317262,0.9659726600119184,0.9831512246255144,0.9406758907669832,0.9673026215418332,0.238591382414226,0.3522391025353605,0.0441334768568353,0.0239808153477218,empirical_mondrian,0.1,0.8784004786597528,,,,,,,,,
,,,,,,,,,course_2,catboost,101,isotonic,conformal,2180,,,,,,0.9,0.9674311926605504,0.0674311926605504,1.8885321100917432,0.1114678899082568,0.8885321100917432,0.0,0.9760191846522782,0.9558665231431648,0.1114678899082568,0.2921810699588477,0.8885321100917432,243.0,0.0,0.0674311926605504,1251.0,929.0,0.959118973581626,0.9740989538317262,0.9659726600119184,0.9831512246255144,0.9406758907669832,0.9673026215418332,0.238591382414226,0.3522391025353605,0.0441334768568353,0.0239808153477218,weighted_cap10,0.1,0.8784004786597528,8.426613931201088e-07,0.2898056105237414,0.8284625133711844,10.0,15.047602287354362,55.623187248512025,10.0,34.69372667384991,25.17843591288994
0.6944933145672062,0.6330739254654256,0.6362647647545071,0.6383488740323715,0.2219862303452213,0.6346078283487024,0.0422215884428432,1.1507606061347015,-0.179844395115708,iid,logistic,42,none,probability,856,2568.0,428.0,428.0,25.0,total_clicks|active_days|active_weeks|num_sessions|night_activity_ratio|weekend_activity_ratio|material_clicks|assessment_clicks|forum_accesses|grade_page_accesses|main_page_accesses|unique_content|total_session_minutes|median_session_minutes|clicks_per_session|sessions_per_active_day|active_day_fraction|zero_activity|days_since_last_activity|days_to_first_activity|actions_week_1|actions_week_2|actions_week_3|actions_week_4|forum_posts,,,,,,,,,,,,,,,,,,,,,,,,,,,,,,,,,,,,,,,
,,,,,,,,,iid,logistic,42,none,conformal,856,,,,,,0.8,0.8411214953271028,0.0411214953271027,1.435747663551402,0.5642523364485982,0.4357476635514019,0.0,0.8211206896551724,0.8647959183673469,0.5642523364485982,0.2815734989648033,0.4357476635514019,483.0,0.0,0.0411214953271027,464.0,392.0,0.8151156547719935,0.8640793224055183,0.783655804844037,0.8533121132006356,0.8273850211118523,0.8951264632891551,0.2433075892418849,0.3232864298642153,0.135204081632653,0.1788793103448276,split_cp,0.2,0.484995570417878,,,,,,,,,
,,,,,,,,,iid,logistic,42,none,conformal,856,,,,,,0.8,0.8376168224299065,0.0376168224299064,1.4345794392523366,0.5654205607476636,0.4345794392523364,0.0,0.8383620689655172,0.8367346938775511,0.5654205607476636,0.2871900826446281,0.4345794392523364,484.0,0.0,0.0376168224299064,464.0,392.0,0.8114115074277632,0.8608054391623086,0.8021113275804165,0.869056210225044,0.7969098496865309,0.8700238282220915,0.248681360348583,0.3290503057997111,0.1632653061224489,0.1616379310344827,mondrian_cp,0.2,0.484995570417878,,,,,,,,,
,,,,,,,,,iid,logistic,42,none,conformal,856,,,,,,0.85,0.8901869158878505,0.0401869158878505,1.5700934579439252,0.4299065420560747,0.5700934579439252,0.0,0.8685344827586207,0.9158163265306124,0.4299065420560747,0.2554347826086957,0.5700934579439252,368.0,0.0,0.0401869158878505,464.0,392.0,0.8674730359730917,0.9094143694285832,0.8347397640349828,0.896277108351856,0.8841319265417595,0.9394301151181303,0.2135632063813279,0.3023595189358673,0.0841836734693877,0.1314655172413793,split_cp,0.15,0.484995570417878,,,,,,,,,
,,,,,,,,,iid,logistic,42,none,conformal,856,,,,,,0.85,0.8936915887850467,0.0436915887850467,1.5876168224299063,0.4123831775700934,0.5876168224299065,0.0,0.8685344827586207,0.923469387755102,0.4123831775700934,0.2577903682719547,0.5876168224299065,353.0,0.0,0.0436915887850467,464.0,392.0,0.8712554348449562,0.9126100011441588,0.8347397640349828,0.896277108351856,0.8928504923964602,0.9458691328522616,0.2149385070056451,0.3058570850616876,0.0765306122448979,0.1314655172413793,mondrian_cp,0.15,0.484995570417878,,,,,,,,,
,,,,,,,,,iid,logistic,42,none,conformal,856,,,,,,0.9,0.9287383177570092,0.0287383177570093,1.699766355140187,0.3002336448598131,0.6997663551401869,0.0,0.915948275862069,0.9438775510204082,0.3002336448598131,0.2373540856031128,0.6997663551401869,257.0,0.0,0.0287383177570093,464.0,392.0,0.9095210636592288,0.944124678204288,0.8871595554280441,0.9379062713009612,0.9164911141653712,0.9626487339869036,0.1894453554442189,0.2929988824834612,0.0561224489795918,0.084051724137931,split_cp,0.1,0.484995570417878,,,,,,,,,
,,,,,,,,,iid,logistic,42,none,conformal,856,,,,,,0.9,0.9240654205607476,0.0240654205607476,1.6880841121495327,0.3119158878504673,0.6880841121495327,0.0,0.9051724137931034,0.9464285714285714,0.3119158878504673,0.2434456928838951,0.6880841121495327,267.0,0.0,0.0240654205607476,464.0,392.0,0.9043641997894942,0.939977501290769,0.875089893051684,0.9286011713268292,0.9194952030657084,0.9646971729495109,0.1958444666574712,0.2983245553359509,0.0535714285714285,0.0948275862068965,mondrian_cp,0.1,0.484995570417878,,,,,,,,,
,,,,,,,,,iid,logistic,42,none,conformal,856,,,,,,0.95,0.9614485981308412,0.0114485981308412,1.816588785046729,0.183411214953271,0.8165887850467289,0.0,0.959051724137931,0.9642857142857144,0.183411214953271,0.2101910828025477,0.8165887850467289,157.0,0.0,0.0114485981308412,464.0,392.0,0.9463545956123663,0.9724194317339258,0.9369339508946029,0.9736309252363722,0.9409515046133724,0.9786085664424552,0.1537658358131433,0.2804596389666726,0.0357142857142857,0.0409482758620689,split_cp,0.05,0.484995570417878,,,,,,,,,
,,,,,,,,,iid,logistic,42,none,conformal,856,,,,,,0.95,0.9602803738317756,0.0102803738317757,1.8259345794392523,0.1740654205607476,0.8259345794392523,0.0,0.9504310344827588,0.971938775510204,0.1740654205607476,0.2281879194630872,0.8259345794392523,149.0,0.0,0.0102803738317757,464.0,392.0,0.945009126168592,0.9714388909818864,0.9267196409280228,0.9667454253225584,0.9504574811789948,0.9842601734656656,0.1681378657727223,0.3019012150827861,0.0280612244897959,0.0495689655172413,mondrian_cp,0.05,0.484995570417878,,,,,,,,,
0.6944933145672062,0.6330739254654256,0.6358764103637051,0.6355339549612948,0.2201857758318147,0.6303255861825418,0.0237285336764353,1.0263263174973587,-0.0234577939513403,iid,logistic,42,platt,probability,856,2568.0,428.0,428.0,25.0,total_clicks|active_days|active_weeks|num_sessions|night_activity_ratio|weekend_activity_ratio|material_clicks|assessment_clicks|forum_accesses|grade_page_accesses|main_page_accesses|unique_content|total_session_minutes|median_session_minutes|clicks_per_session|sessions_per_active_day|active_day_fraction|zero_activity|days_since_last_activity|days_to_first_activity|actions_week_1|actions_week_2|actions_week_3|actions_week_4|forum_posts,,,,,,,,,,,,,,,,,,,,,,,,,,,,,,,,,,,,,,,
,,,,,,,,,iid,logistic,42,platt,conformal,856,,,,,,0.8,0.8317757009345794,0.0317757009345793,1.4240654205607477,0.5759345794392523,0.4240654205607476,0.0,0.8663793103448276,0.7908163265306123,0.5759345794392523,0.2920892494929006,0.4240654205607476,493.0,0.0,0.0317757009345793,464.0,392.0,0.805246880147575,0.8553400154634299,0.8323933944234485,0.8943485254932921,0.7478276001965065,0.828160576179122,0.2536804662448059,0.3337130647085303,0.2091836734693877,0.1336206896551724,split_cp,0.2,0.484995570417878,,,,,,,,,
,,,,,,,,,iid,logistic,42,platt,conformal,856,,,,,,0.8,0.8376168224299065,0.0376168224299064,1.4345794392523366,0.5654205607476636,0.4345794392523364,0.0,0.8383620689655172,0.8367346938775511,0.5654205607476636,0.2871900826446281,0.4345794392523364,484.0,0.0,0.0376168224299064,464.0,392.0,0.8114115074277632,0.8608054391623086,0.8021113275804165,0.869056210225044,0.7969098496865309,0.8700238282220915,0.248681360348583,0.3290503057997111,0.1632653061224489,0.1616379310344827,mondrian_cp,0.2,0.484995570417878,,,,,,,,,
,,,,,,,,,iid,logistic,42,platt,conformal,856,,,,,,0.85,0.8738317757009346,0.0238317757009346,1.5245327102803738,0.4754672897196261,0.5245327102803738,0.0,0.9051724137931034,0.8367346938775511,0.4754672897196261,0.2653562653562653,0.5245327102803738,407.0,0.0,0.0238317757009346,464.0,392.0,0.8499052750610674,0.8944179875992198,0.875089893051684,0.9286011713268292,0.7969098496865309,0.8700238282220915,0.2248001785160998,0.310300294186293,0.1632653061224489,0.0948275862068965,split_cp,0.15,0.484995570417878,,,,,,,,,
,,,,,,,,,iid,logistic,42,platt,conformal,856,,,,,,0.85,0.8936915887850467,0.0436915887850467,1.5876168224299063,0.4123831775700934,0.5876168224299065,0.0,0.8685344827586207,0.923469387755102,0.4123831775700934,0.2577903682719547,0.5876168224299065,353.0,0.0,0.0436915887850467,464.0,392.0,0.8712554348449562,0.9126100011441588,0.8347397640349828,0.896277108351856,0.8928504923964602,0.9458691328522616,0.2149385070056451,0.3058570850616876,0.0765306122448979,0.1314655172413793,mondrian_cp,0.15,0.484995570417878,,,,,,,,,
,,,,,,,,,iid,logistic,42,platt,conformal,856,,,,,,0.9,0.9264018691588785,0.0264018691588784,1.658878504672897,0.3411214953271028,0.6588785046728972,0.0,0.9504310344827588,0.8979591836734694,0.3411214953271028,0.2157534246575342,0.6588785046728972,292.0,0.0,0.0264018691588784,464.0,392.0,0.9069401254826104,0.9420535959892796,0.9267196409280228,0.9667454253225584,0.8640284628607174,0.9241658837585636,0.1724261283766225,0.2664625227890325,0.1020408163265306,0.0495689655172413,split_cp,0.1,0.484995570417878,,,,,,,,,
,,,,,,,,,iid,logistic,42,platt,conformal,856,,,,,,0.9,0.9240654205607476,0.0240654205607476,1.6880841121495327,0.3119158878504673,0.6880841121495327,0.0,0.9051724137931034,0.9464285714285714,0.3119158878504673,0.2434456928838951,0.6880841121495327,267.0,0.0,0.0240654205607476,464.0,392.0,0.9043641997894942,0.939977501290769,0.875089893051684,0.9286011713268292,0.9194952030657084,0.9646971729495109,0.1958444666574712,0.2983245553359509,0.0535714285714285,0.0948275862068965,mondrian_cp,0.1,0.484995570417878,,,,,,,,,
,,,,,,,,,iid,logistic,42,platt,conformal,856,,,,,,0.95,0.9602803738317756,0.0102803738317757,1.802570093457944,0.197429906542056,0.802570093457944,0.0,0.9698275862068966,0.9489795918367347,0.197429906542056,0.2011834319526627,0.802570093457944,169.0,0.0,0.0102803738317757,464.0,392.0,0.945009126168592,0.9714388909818864,0.949996286181554,0.9819433522999136,0.922512443096873,0.9667324607812902,0.1476922910772892,0.2679571677439448,0.0510204081632653,0.0301724137931034,split_cp,0.05,0.484995570417878,,,,,,,,,
,,,,,,,,,iid,logistic,42,platt,conformal,856,,,,,,0.95,0.9602803738317756,0.0102803738317757,1.8259345794392523,0.1740654205607476,0.8259345794392523,0.0,0.9504310344827588,0.971938775510204,0.1740654205607476,0.2281879194630872,0.8259345794392523,149.0,0.0,0.0102803738317757,464.0,392.0,0.945009126168592,0.9714388909818864,0.9267196409280228,0.9667454253225584,0.9504574811789948,0.9842601734656656,0.1681378657727223,0.3019012150827861,0.0280612244897959,0.0495689655172413,mondrian_cp,0.05,0.484995570417878,,,,,,,,,
0.6927010028149191,0.6104078103031142,0.6348278156142192,0.6351820900774103,0.2243470128039429,0.7159090427266859,0.0733011930491122,0.5674432587369808,-0.0847875613266327,iid,logistic,42,isotonic,probability,856,2568.0,428.0,428.0,25.0,total_clicks|active_days|active_weeks|num_sessions|night_activity_ratio|weekend_activity_ratio|material_clicks|assessment_clicks|forum_accesses|grade_page_accesses|main_page_accesses|unique_content|total_session_minutes|median_session_minutes|clicks_per_session|sessions_per_active_day|active_day_fraction|zero_activity|days_since_last_activity|days_to_first_activity|actions_week_1|actions_week_2|actions_week_3|actions_week_4|forum_posts,,,,,,,,,,,,,,,,,,,,,,,,,,,,,,,,,,,,,,,
,,,,,,,,,iid,logistic,42,isotonic,conformal,856,,,,,,0.8,0.9100467289719626,0.1100467289719625,1.6156542056074767,0.3843457943925233,0.6156542056074766,0.0,0.9051724137931034,0.9158163265306124,0.3843457943925233,0.2340425531914893,0.6156542056074766,329.0,0.0,0.1100467289719625,464.0,392.0,0.8890032249499586,0.9274263537805438,0.875089893051684,0.9286011713268292,0.8841319265417595,0.9394301151181303,0.1915224807819914,0.2827016720021883,0.0841836734693877,0.0948275862068965,split_cp,0.2,0.484995570417878,,,,,,,,,
,,,,,,,,,iid,logistic,42,isotonic,conformal,856,,,,,,0.8,0.9088785046728972,0.1088785046728971,1.605140186915888,0.3948598130841121,0.6051401869158879,0.0,0.9030172413793104,0.9158163265306124,0.3948598130841121,0.2307692307692307,0.6051401869158879,338.0,0.0,0.1088785046728971,464.0,392.0,0.8877297955620196,0.9263737729726697,0.8726886432805652,0.9267274686278496,0.8841319265417595,0.9394301151181303,0.1890288426653797,0.2785606047121418,0.0841836734693877,0.0969827586206896,mondrian_cp,0.2,0.484995570417878,,,,,,,,,
,,,,,,,,,iid,logistic,42,isotonic,conformal,856,,,,,,0.8,0.9088785046728972,0.1088785046728971,1.605140186915888,0.3948598130841121,0.6051401869158879,0.0,0.9030172413793104,0.9158163265306124,0.3948598130841121,0.2307692307692307,0.6051401869158879,338.0,0.0,0.1088785046728971,464.0,392.0,0.8877297955620196,0.9263737729726697,0.8726886432805652,0.9267274686278496,0.8841319265417595,0.9394301151181303,0.1890288426653797,0.2785606047121418,0.0841836734693877,0.0969827586206896,empirical_mondrian,0.2,0.484995570417878,,,,,,,,,
,,,,,,,,,iid,logistic,42,isotonic,conformal,856,,,,,,0.8,0.9088785046728972,0.1088785046728971,1.605140186915888,0.3948598130841121,0.6051401869158879,0.0,0.9030172413793104,0.9158163265306124,0.3948598130841121,0.2307692307692307,0.6051401869158879,338.0,0.0,0.1088785046728971,464.0,392.0,0.8877297955620196,0.9263737729726697,0.8726886432805652,0.9267274686278496,0.8841319265417595,0.9394301151181303,0.1890288426653797,0.2785606047121418,0.0841836734693877,0.0969827586206896,weighted_cap5,0.2,0.484995570417878,0.5033581189252536,1.004667142829457,1.0153278599115965,5.0,1.3622742889167956,406.2345647847953,5.0,214.42270162952133,192.4979004890377
,,,,,,,,,iid,logistic,42,isotonic,conformal,856,,,,,,0.8,0.9088785046728972,0.1088785046728971,1.605140186915888,0.3948598130841121,0.6051401869158879,0.0,0.9030172413793104,0.9158163265306124,0.3948598130841121,0.2307692307692307,0.6051401869158879,338.0,0.0,0.1088785046728971,464.0,392.0,0.8877297955620196,0.9263737729726697,0.8726886432805652,0.9267274686278496,0.8841319265417595,0.9394301151181303,0.1890288426653797,0.2785606047121418,0.0841836734693877,0.0969827586206896,weighted_cap10,0.2,0.484995570417878,0.5033581189252536,1.004667142829457,1.0270101029022505,10.0,1.3622742889167956,357.8943792877896,10.0,174.07024505492234,192.4979004890377
,,,,,,,,,iid,logistic,42,isotonic,conformal,856,,,,,,0.8,0.9088785046728972,0.1088785046728971,1.605140186915888,0.3948598130841121,0.6051401869158879,0.0,0.9030172413793104,0.9158163265306124,0.3948598130841121,0.2307692307692307,0.6051401869158879,338.0,0.0,0.1088785046728971,464.0,392.0,0.8877297955620196,0.9263737729726697,0.8726886432805652,0.9267274686278496,0.8841319265417595,0.9394301151181303,0.1890288426653797,0.2785606047121418,0.0841836734693877,0.0969827586206896,weighted_cap20,0.2,0.484995570417878,0.5033581189252536,1.004667142829457,1.050374588883559,20.0,1.3622742889167956,240.640348765323,20.0,100.10102558255235,192.4979004890377
,,,,,,,,,iid,logistic,42,isotonic,conformal,856,,,,,,0.8,0.9088785046728972,0.1088785046728971,1.605140186915888,0.3948598130841121,0.6051401869158879,0.0,0.9030172413793104,0.9158163265306124,0.3948598130841121,0.2307692307692307,0.6051401869158879,338.0,0.0,0.1088785046728971,464.0,392.0,0.8877297955620196,0.9263737729726697,0.8726886432805652,0.9267274686278496,0.8841319265417595,0.9394301151181303,0.1890288426653797,0.2785606047121418,0.0841836734693877,0.0969827586206896,weighted_p99,0.2,0.484995570417878,0.5033581189252536,1.004667142829457,1.005944267935788,1.3622742889167956,1.3622742889167956,420.69467758165257,1.3622742889167956,228.04169983018411,192.6575714757071
,,,,,,,,,iid,logistic,42,isotonic,conformal,856,,,,,,0.85,0.9100467289719626,0.0600467289719626,1.6156542056074767,0.3843457943925233,0.6156542056074766,0.0,0.9051724137931034,0.9158163265306124,0.3843457943925233,0.2340425531914893,0.6156542056074766,329.0,0.0,0.0600467289719626,464.0,392.0,0.8890032249499586,0.9274263537805438,0.875089893051684,0.9286011713268292,0.8841319265417595,0.9394301151181303,0.1915224807819914,0.2827016720021883,0.0841836734693877,0.0948275862068965,split_cp,0.15,0.484995570417878,,,,,,,,,
,,,,,,,,,iid,logistic,42,isotonic,conformal,856,,,,,,0.85,0.9450934579439252,0.0950934579439252,1.7990654205607477,0.2009345794392523,0.7990654205607477,0.0,0.9030172413793104,0.9948979591836736,0.2009345794392523,0.2732558139534883,0.7990654205607477,172.0,0.0,0.0950934579439252,464.0,392.0,0.9277495543430404,0.958460330261864,0.8726886432805652,0.9267274686278496,0.981590685902067,0.9985997195090902,0.2121570495309082,0.3442615532086382,0.0051020408163265,0.0969827586206896,mondrian_cp,0.15,0.484995570417878,,,,,,,,,
,,,,,,,,,iid,logistic,42,isotonic,conformal,856,,,,,,0.85,0.9450934579439252,0.0950934579439252,1.7990654205607477,0.2009345794392523,0.7990654205607477,0.0,0.9030172413793104,0.9948979591836736,0.2009345794392523,0.2732558139534883,0.7990654205607477,172.0,0.0,0.0950934579439252,464.0,392.0,0.9277495543430404,0.958460330261864,0.8726886432805652,0.9267274686278496,0.981590685902067,0.9985997195090902,0.2121570495309082,0.3442615532086382,0.0051020408163265,0.0969827586206896,empirical_mondrian,0.15,0.484995570417878,,,,,,,,,
,,,,,,,,,iid,logistic,42,isotonic,conformal,856,,,,,,0.85,0.9450934579439252,0.0950934579439252,1.7990654205607477,0.2009345794392523,0.7990654205607477,0.0,0.9030172413793104,0.9948979591836736,0.2009345794392523,0.2732558139534883,0.7990654205607477,172.0,0.0,0.0950934579439252,464.0,392.0,0.9277495543430404,0.958460330261864,0.8726886432805652,0.9267274686278496,0.981590685902067,0.9985997195090902,0.2121570495309082,0.3442615532086382,0.0051020408163265,0.0969827586206896,weighted_cap5,0.15,0.484995570417878,0.5033581189252536,1.004667142829457,1.0153278599115965,5.0,1.3622742889167956,406.2345647847953,5.0,214.42270162952133,192.4979004890377
,,,,,,,,,iid,logistic,42,isotonic,conformal,856,,,,,,0.85,0.9450934579439252,0.0950934579439252,1.7990654205607477,0.2009345794392523,0.7990654205607477,0.0,0.9030172413793104,0.9948979591836736,0.2009345794392523,0.2732558139534883,0.7990654205607477,172.0,0.0,0.0950934579439252,464.0,392.0,0.9277495543430404,0.958460330261864,0.8726886432805652,0.9267274686278496,0.981590685902067,0.9985997195090902,0.2121570495309082,0.3442615532086382,0.0051020408163265,0.0969827586206896,weighted_cap10,0.15,0.484995570417878,0.5033581189252536,1.004667142829457,1.0270101029022505,10.0,1.3622742889167956,357.8943792877896,10.0,174.07024505492234,192.4979004890377
,,,,,,,,,iid,logistic,42,isotonic,conformal,856,,,,,,0.85,0.9824766355140186,0.1324766355140186,1.9228971962616823,0.0771028037383177,0.9228971962616822,0.0,0.9719827586206896,0.9948979591836736,0.0771028037383177,0.2272727272727272,0.9228971962616822,66.0,0.0,0.1324766355140186,464.0,392.0,0.9712899118356746,0.9893522990352585,0.9526598308679536,0.983554760083612,0.981590685902067,0.9985997195090902,0.1428522956337303,0.341694553646383,0.0051020408163265,0.0280172413793103,weighted_cap20,0.15,0.484995570417878,0.5033581189252536,1.004667142829457,1.050374588883559,20.0,1.3622742889167956,240.640348765323,20.0,100.10102558255235,192.4979004890377
,,,,,,,,,iid,logistic,42,isotonic,conformal,856,,,,,,0.85,0.9450934579439252,0.0950934579439252,1.7990654205607477,0.2009345794392523,0.7990654205607477,0.0,0.9030172413793104,0.9948979591836736,0.2009345794392523,0.2732558139534883,0.7990654205607477,172.0,0.0,0.0950934579439252,464.0,392.0,0.9277495543430404,0.958460330261864,0.8726886432805652,0.9267274686278496,0.981590685902067,0.9985997195090902,0.2121570495309082,0.3442615532086382,0.0051020408163265,0.0969827586206896,weighted_p99,0.15,0.484995570417878,0.5033581189252536,1.004667142829457,1.005944267935788,1.3622742889167956,1.3622742889167956,420.69467758165257,1.3622742889167956,228.04169983018411,192.6575714757071
,,,,,,,,,iid,logistic,42,isotonic,conformal,856,,,,,,0.9,0.9462616822429908,0.0462616822429906,1.7289719626168225,0.2710280373831775,0.7289719626168224,0.0,0.9719827586206896,0.9158163265306124,0.2710280373831775,0.1982758620689655,0.7289719626168224,232.0,0.0,0.0462616822429906,464.0,392.0,0.9290641136150964,0.9594717811856216,0.9526598308679536,0.983554760083612,0.8841319265417595,0.9394301151181303,0.1520691680268449,0.2543117087703962,0.0841836734693877,0.0280172413793103,split_cp,0.1,0.484995570417878,,,,,,,,,
,,,,,,,,,iid,logistic,42,isotonic,conformal,856,,,,,,0.9,0.9462616822429908,0.0462616822429906,1.8119158878504675,0.1880841121495327,0.8119158878504673,0.0,0.9051724137931034,0.9948979591836736,0.1880841121495327,0.2857142857142857,0.8119158878504673,161.0,0.0,0.0462616822429906,464.0,392.0,0.9290641136150964,0.9594717811856216,0.875089893051684,0.9286011713268292,0.981590685902067,0.9985997195090902,0.221564319534677,0.3598516634732471,0.0051020408163265,0.0948275862068965,mondrian_cp,0.1,0.484995570417878,,,,,,,,,
,,,,,,,,,iid,logistic,42,isotonic,conformal,856,,,,,,0.9,0.9462616822429908,0.0462616822429906,1.8095794392523368,0.1904205607476635,0.8095794392523364,0.0,0.9051724137931034,0.9948979591836736,0.1904205607476635,0.2822085889570552,0.8095794392523364,163.0,0.0,0.0462616822429906,464.0,392.0,0.9290641136150964,0.9594717811856216,0.875089893051684,0.9286011713268292,0.981590685902067,0.9985997195090902,0.2187456439911408,0.3557006566954033,0.0051020408163265,0.0948275862068965,empirical_mondrian,0.1,0.484995570417878,,,,,,,,,
,,,,,,,,,iid,logistic,42,isotonic,conformal,856,,,,,,0.9,0.9824766355140186,0.0824766355140186,1.9228971962616823,0.0771028037383177,0.9228971962616822,0.0,0.9719827586206896,0.9948979591836736,0.0771028037383177,0.2272727272727272,0.9228971962616822,66.0,0.0,0.0824766355140186,464.0,392.0,0.9712899118356746,0.9893522990352585,0.9526598308679536,0.983554760083612,0.981590685902067,0.9985997195090902,0.1428522956337303,0.341694553646383,0.0051020408163265,0.0280172413793103,weighted_cap5,0.1,0.484995570417878,0.5033581189252536,1.004667142829457,1.0153278599115965,5.0,1.3622742889167956,406.2345647847953,5.0,214.42270162952133,192.4979004890377
,,,,,,,,,iid,logistic,42,isotonic,conformal,856,,,,,,0.9,0.9824766355140186,0.0824766355140186,1.9228971962616823,0.0771028037383177,0.9228971962616822,0.0,0.9719827586206896,0.9948979591836736,0.0771028037383177,0.2272727272727272,0.9228971962616822,66.0,0.0,0.0824766355140186,464.0,392.0,0.9712899118356746,0.9893522990352585,0.9526598308679536,0.983554760083612,0.981590685902067,0.9985997195090902,0.1428522956337303,0.341694553646383,0.0051020408163265,0.0280172413793103,weighted_cap10,0.1,0.484995570417878,0.5033581189252536,1.004667142829457,1.0270101029022505,10.0,1.3622742889167956,357.8943792877896,10.0,174.07024505492234,192.4979004890377
,,,,,,,,,iid,logistic,42,isotonic,conformal,856,,,,,,0.9,0.9824766355140186,0.0824766355140186,1.9228971962616823,0.0771028037383177,0.9228971962616822,0.0,0.9719827586206896,0.9948979591836736,0.0771028037383177,0.2272727272727272,0.9228971962616822,66.0,0.0,0.0824766355140186,464.0,392.0,0.9712899118356746,0.9893522990352585,0.9526598308679536,0.983554760083612,0.981590685902067,0.9985997195090902,0.1428522956337303,0.341694553646383,0.0051020408163265,0.0280172413793103,weighted_cap20,0.1,0.484995570417878,0.5033581189252536,1.004667142829457,1.050374588883559,20.0,1.3622742889167956,240.640348765323,20.0,100.10102558255235,192.4979004890377
,,,,,,,,,iid,logistic,42,isotonic,conformal,856,,,,,,0.9,0.9462616822429908,0.0462616822429906,1.8095794392523368,0.1904205607476635,0.8095794392523364,0.0,0.9051724137931034,0.9948979591836736,0.1904205607476635,0.2822085889570552,0.8095794392523364,163.0,0.0,0.0462616822429906,464.0,392.0,0.9290641136150964,0.9594717811856216,0.875089893051684,0.9286011713268292,0.981590685902067,0.9985997195090902,0.2187456439911408,0.3557006566954033,0.0051020408163265,0.0948275862068965,weighted_p99,0.1,0.484995570417878,0.5033581189252536,1.004667142829457,1.005944267935788,1.3622742889167956,1.3622742889167956,420.69467758165257,1.3622742889167956,228.04169983018411,192.6575714757071
,,,,,,,,,iid,logistic,42,isotonic,conformal,856,,,,,,0.95,0.9824766355140186,0.0324766355140186,1.9228971962616823,0.0771028037383177,0.9228971962616822,0.0,0.9719827586206896,0.9948979591836736,0.0771028037383177,0.2272727272727272,0.9228971962616822,66.0,0.0,0.0324766355140186,464.0,392.0,0.9712899118356746,0.9893522990352585,0.9526598308679536,0.983554760083612,0.981590685902067,0.9985997195090902,0.1428522956337303,0.341694553646383,0.0051020408163265,0.0280172413793103,split_cp,0.05,0.484995570417878,,,,,,,,,
,,,,,,,,,iid,logistic,42,isotonic,conformal,856,,,,,,0.95,0.9824766355140186,0.0324766355140186,1.9228971962616823,0.0771028037383177,0.9228971962616822,0.0,0.9719827586206896,0.9948979591836736,0.0771028037383177,0.2272727272727272,0.9228971962616822,66.0,0.0,0.0324766355140186,464.0,392.0,0.9712899118356746,0.9893522990352585,0.9526598308679536,0.983554760083612,0.981590685902067,0.9985997195090902,0.1428522956337303,0.341694553646383,0.0051020408163265,0.0280172413793103,mondrian_cp,0.05,0.484995570417878,,,,,,,,,
,,,,,,,,,iid,logistic,42,isotonic,conformal,856,,,,,,0.95,0.9824766355140186,0.0324766355140186,1.9228971962616823,0.0771028037383177,0.9228971962616822,0.0,0.9719827586206896,0.9948979591836736,0.0771028037383177,0.2272727272727272,0.9228971962616822,66.0,0.0,0.0324766355140186,464.0,392.0,0.9712899118356746,0.9893522990352585,0.9526598308679536,0.983554760083612,0.981590685902067,0.9985997195090902,0.1428522956337303,0.341694553646383,0.0051020408163265,0.0280172413793103,empirical_mondrian,0.05,0.484995570417878,,,,,,,,,
,,,,,,,,,iid,logistic,42,isotonic,conformal,856,,,,,,0.95,0.9824766355140186,0.0324766355140186,1.9228971962616823,0.0771028037383177,0.9228971962616822,0.0,0.9719827586206896,0.9948979591836736,0.0771028037383177,0.2272727272727272,0.9228971962616822,66.0,0.0,0.0324766355140186,464.0,392.0,0.9712899118356746,0.9893522990352585,0.9526598308679536,0.983554760083612,0.981590685902067,0.9985997195090902,0.1428522956337303,0.341694553646383,0.0051020408163265,0.0280172413793103,weighted_cap5,0.05,0.484995570417878,0.5033581189252536,1.004667142829457,1.0153278599115965,5.0,1.3622742889167956,406.2345647847953,5.0,214.42270162952133,192.4979004890377
,,,,,,,,,iid,logistic,42,isotonic,conformal,856,,,,,,0.95,0.9824766355140186,0.0324766355140186,1.9228971962616823,0.0771028037383177,0.9228971962616822,0.0,0.9719827586206896,0.9948979591836736,0.0771028037383177,0.2272727272727272,0.9228971962616822,66.0,0.0,0.0324766355140186,464.0,392.0,0.9712899118356746,0.9893522990352585,0.9526598308679536,0.983554760083612,0.981590685902067,0.9985997195090902,0.1428522956337303,0.341694553646383,0.0051020408163265,0.0280172413793103,weighted_cap10,0.05,0.484995570417878,0.5033581189252536,1.004667142829457,1.0270101029022505,10.0,1.3622742889167956,357.8943792877896,10.0,174.07024505492234,192.4979004890377
,,,,,,,,,iid,logistic,42,isotonic,conformal,856,,,,,,0.95,0.9976635514018692,0.0476635514018691,1.9766355140186915,0.0233644859813084,0.9766355140186916,0.0,1.0,0.9948979591836736,0.0233644859813084,0.1,0.9766355140186916,20.0,0.0,0.0476635514018691,464.0,392.0,0.991521315907262,0.9993590275092452,0.991788973062846,1.0,0.981590685902067,0.9985997195090902,0.0278664812137682,0.3010336452284873,0.0051020408163265,0.0,weighted_cap20,0.05,0.484995570417878,0.5033581189252536,1.004667142829457,1.050374588883559,20.0,1.3622742889167956,240.640348765323,20.0,100.10102558255235,192.4979004890377
,,,,,,,,,iid,logistic,42,isotonic,conformal,856,,,,,,0.95,0.9824766355140186,0.0324766355140186,1.9228971962616823,0.0771028037383177,0.9228971962616822,0.0,0.9719827586206896,0.9948979591836736,0.0771028037383177,0.2272727272727272,0.9228971962616822,66.0,0.0,0.0324766355140186,464.0,392.0,0.9712899118356746,0.9893522990352585,0.9526598308679536,0.983554760083612,0.981590685902067,0.9985997195090902,0.1428522956337303,0.341694553646383,0.0051020408163265,0.0280172413793103,weighted_p99,0.05,0.484995570417878,0.5033581189252536,1.004667142829457,1.005944267935788,1.3622742889167956,1.3622742889167956,420.69467758165257,1.3622742889167956,228.04169983018411,192.6575714757071
0.7001286505981703,0.6487938970903439,0.6490248226950355,0.6485749472202674,0.2187145574210598,0.6277423755267635,0.0348710491172102,0.933737190298174,0.0216415564841108,iid,catboost,42,none,probability,856,2568.0,428.0,428.0,25.0,total_clicks|active_days|active_weeks|num_sessions|night_activity_ratio|weekend_activity_ratio|material_clicks|assessment_clicks|forum_accesses|grade_page_accesses|main_page_accesses|unique_content|total_session_minutes|median_session_minutes|clicks_per_session|sessions_per_active_day|active_day_fraction|zero_activity|days_since_last_activity|days_to_first_activity|actions_week_1|actions_week_2|actions_week_3|actions_week_4|forum_posts,,,,,,,,,,,,,,,,,,,,,,,,,,,,,,,,,,,,,,,
,,,,,,,,,iid,catboost,42,none,conformal,856,,,,,,0.8,0.8376168224299065,0.0376168224299064,1.4310747663551402,0.5689252336448598,0.4310747663551402,0.0,0.8728448275862069,0.7959183673469388,0.5689252336448598,0.2854209445585215,0.4310747663551402,487.0,0.0,0.0376168224299064,464.0,392.0,0.8114115074277632,0.8608054391623086,0.8394405563093983,0.9001262210176375,0.7532398613946247,0.8328533707068919,0.2471123748779442,0.327088222394039,0.2040816326530612,0.1271551724137931,split_cp,0.2,0.484995570417878,,,,,,,,,
,,,,,,,,,iid,catboost,42,none,conformal,856,,,,,,0.8,0.8469626168224299,0.0469626168224298,1.4544392523364489,0.5455607476635514,0.4544392523364486,0.0,0.8512931034482759,0.8418367346938775,0.5455607476635514,0.2805139186295503,0.4544392523364486,467.0,0.0,0.0469626168224298,464.0,392.0,0.8212985313704644,0.8695264967861147,0.8160391960127465,0.8807780566133049,0.8024203163776024,0.8746184172569081,0.2416863539855618,0.3229229297562335,0.1581632653061224,0.1487068965517241,mondrian_cp,0.2,0.484995570417878,,,,,,,,,
,,,,,,,,,iid,catboost,42,none,conformal,856,,,,,,0.85,0.8901869158878505,0.0401869158878505,1.5549065420560748,0.4450934579439252,0.5549065420560748,0.0,0.9396551724137931,0.8316326530612245,0.4450934579439252,0.2467191601049868,0.5549065420560748,381.0,0.0,0.0401869158878505,464.0,392.0,0.8674730359730917,0.9094143694285832,0.9141676563751298,0.9579226475249588,0.7914118090833742,0.86541681309936,0.2061020431181079,0.2923927381057548,0.1683673469387755,0.0603448275862069,split_cp,0.15,0.484995570417878,,,,,,,,,
,,,,,,,,,iid,catboost,42,none,conformal,856,,,,,,0.85,0.9018691588785048,0.0518691588785047,1.602803738317757,0.397196261682243,0.602803738317757,0.0,0.9094827586206896,0.8928571428571429,0.397196261682243,0.2470588235294117,0.602803738317757,340.0,0.0,0.0518691588785047,464.0,392.0,0.8801084199540176,0.9200390874057912,0.8799046801980429,0.9323362891206672,0.8583379195967287,0.919751371296664,0.204209316159027,0.295560139828262,0.1071428571428571,0.0905172413793103,mondrian_cp,0.15,0.484995570417878,,,,,,,,,
,,,,,,,,,iid,catboost,42,none,conformal,856,,,,,,0.9,0.9369158878504672,0.0369158878504672,1.691588785046729,0.308411214953271,0.6915887850467289,0.0,0.9741379310344828,0.8928571428571429,0.308411214953271,0.2045454545454545,0.6915887850467289,264.0,0.0,0.0369158878504672,464.0,392.0,0.9185972433939532,0.9513305698402572,0.9553444724888526,0.9851450709328116,0.8583379195967287,0.919751371296664,0.1602902567578328,0.2572756395493782,0.1071428571428571,0.0258620689655172,split_cp,0.1,0.484995570417878,,,,,,,,,
,,,,,,,,,iid,catboost,42,none,conformal,856,,,,,,0.9,0.9345794392523364,0.0345794392523364,1.7254672897196262,0.2745327102803738,0.7254672897196262,0.0,0.9396551724137931,0.9285714285714286,0.2745327102803738,0.2382978723404255,0.7254672897196262,235.0,0.0,0.0345794392523364,464.0,392.0,0.915996861545674,0.94927893129691,0.9141676563751298,0.9579226475249588,0.8987030735264798,0.9501216074481303,0.1883119535376271,0.2967020779151785,0.0714285714285714,0.0603448275862069,mondrian_cp,0.1,0.484995570417878,,,,,,,,,
,,,,,,,,,iid,catboost,42,none,conformal,856,,,,,,0.95,0.9661214953271028,0.0161214953271028,1.838785046728972,0.161214953271028,0.8387850467289719,0.0,0.9892241379310344,0.9387755102040816,0.161214953271028,0.2101449275362318,0.8387850467289719,138.0,0.0,0.0161214953271028,464.0,392.0,0.9517685110393452,0.9763095570902004,0.9750255540735704,0.995388656638783,0.9105192689604488,0.9585155234659382,0.1504899652570096,0.2855000431288297,0.0612244897959183,0.0107758620689655,split_cp,0.05,0.484995570417878,,,,,,,,,
,,,,,,,,,iid,catboost,42,none,conformal,856,,,,,,0.95,0.9766355140186916,0.0266355140186916,1.8574766355140184,0.1425233644859813,0.8574766355140186,0.0,0.978448275862069,0.9744897959183674,0.1425233644859813,0.1639344262295081,0.8574766355140186,122.0,0.0,0.0266355140186916,464.0,392.0,0.9641871830282132,0.984824976863653,0.9607872271711292,0.988252221190732,0.9536847010044092,0.9860854815031952,0.108701554137037,0.2396848936326273,0.0255102040816326,0.021551724137931,mondrian_cp,0.05,0.484995570417878,,,,,,,,,
0.7001286505981703,0.6487938970903439,0.644683535896925,0.6442646023926812,0.2202414496407236,0.6310391099537604,0.0377681753298108,1.3415712488477047,0.0067262819511743,iid,catboost,42,platt,probability,856,2568.0,428.0,428.0,25.0,total_clicks|active_days|active_weeks|num_sessions|night_activity_ratio|weekend_activity_ratio|material_clicks|assessment_clicks|forum_accesses|grade_page_accesses|main_page_accesses|unique_content|total_session_minutes|median_session_minutes|clicks_per_session|sessions_per_active_day|active_day_fraction|zero_activity|days_since_last_activity|days_to_first_activity|actions_week_1|actions_week_2|actions_week_3|actions_week_4|forum_posts,,,,,,,,,,,,,,,,,,,,,,,,,,,,,,,,,,,,,,,
,,,,,,,,,iid,catboost,42,platt,conformal,856,,,,,,0.8,0.8352803738317757,0.0352803738317756,1.4228971962616823,0.5771028037383178,0.4228971962616822,0.0,0.8685344827586207,0.7959183673469388,0.5771028037383178,0.2854251012145749,0.4228971962616822,494.0,0.0,0.0352803738317756,464.0,392.0,0.8089443328525207,0.8586205933459242,0.8347397640349828,0.896277108351856,0.7532398613946247,0.8328533707068919,0.24737533125417,0.3267862893906961,0.2040816326530612,0.1314655172413793,split_cp,0.2,0.484995570417878,,,,,,,,,
,,,,,,,,,iid,catboost,42,platt,conformal,856,,,,,,0.8,0.8469626168224299,0.0469626168224298,1.4544392523364489,0.5455607476635514,0.4544392523364486,0.0,0.8512931034482759,0.8418367346938775,0.5455607476635514,0.2805139186295503,0.4544392523364486,467.0,0.0,0.0469626168224298,464.0,392.0,0.8212985313704644,0.8695264967861147,0.8160391960127465,0.8807780566133049,0.8024203163776024,0.8746184172569081,0.2416863539855618,0.3229229297562335,0.1581632653061224,0.1487068965517241,mondrian_cp,0.2,0.484995570417878,,,,,,,,,
,,,,,,,,,iid,catboost,42,platt,conformal,856,,,,,,0.85,0.8925233644859814,0.0425233644859813,1.560747663551402,0.4392523364485981,0.5607476635514018,0.0,0.9396551724137931,0.8367346938775511,0.4392523364485981,0.2446808510638297,0.5607476635514018,376.0,0.0,0.0425233644859813,464.0,392.0,0.8699938827114806,0.9115455430818208,0.9141676563751298,0.9579226475249588,0.7969098496865309,0.8700238282220915,0.2039532552007811,0.2905726962419379,0.1632653061224489,0.0603448275862069,split_cp,0.15,0.484995570417878,,,,,,,,,
,,,,,,,,,iid,catboost,42,platt,conformal,856,,,,,,0.85,0.9018691588785048,0.0518691588785047,1.602803738317757,0.397196261682243,0.602803738317757,0.0,0.9094827586206896,0.8928571428571429,0.397196261682243,0.2470588235294117,0.602803738317757,340.0,0.0,0.0518691588785047,464.0,392.0,0.8801084199540176,0.9200390874057912,0.8799046801980429,0.9323362891206672,0.8583379195967287,0.919751371296664,0.204209316159027,0.295560139828262,0.1071428571428571,0.0905172413793103,mondrian_cp,0.15,0.484995570417878,,,,,,,,,
,,,,,,,,,iid,catboost,42,platt,conformal,856,,,,,,0.9,0.9345794392523364,0.0345794392523364,1.683411214953271,0.316588785046729,0.6834112149532711,0.0,0.9698275862068966,0.8928571428571429,0.316588785046729,0.2066420664206642,0.6834112149532711,271.0,0.0,0.0345794392523364,464.0,392.0,0.915996861545674,0.94927893129691,0.949996286181554,0.9819433522999136,0.8583379195967287,0.919751371296664,0.1626984220939162,0.2587862378906198,0.1071428571428571,0.0301724137931034,split_cp,0.1,0.484995570417878,,,,,,,,,
,,,,,,,,,iid,catboost,42,platt,conformal,856,,,,,,0.9,0.9345794392523364,0.0345794392523364,1.7254672897196262,0.2745327102803738,0.7254672897196262,0.0,0.9396551724137931,0.9285714285714286,0.2745327102803738,0.2382978723404255,0.7254672897196262,235.0,0.0,0.0345794392523364,464.0,392.0,0.915996861545674,0.94927893129691,0.9141676563751298,0.9579226475249588,0.8987030735264798,0.9501216074481303,0.1883119535376271,0.2967020779151785,0.0714285714285714,0.0603448275862069,mondrian_cp,0.1,0.484995570417878,,,,,,,,,
,,,,,,,,,iid,catboost,42,platt,conformal,856,,,,,,0.95,0.9672897196261684,0.0172897196261683,1.838785046728972,0.161214953271028,0.8387850467289719,0.0,0.9892241379310344,0.9413265306122448,0.161214953271028,0.2028985507246377,0.8387850467289719,138.0,0.0,0.0172897196261683,464.0,392.0,0.9531307575724164,0.9772733207529428,0.9750255540735704,0.995388656638783,0.9134993756861766,0.9605879446031544,0.1442751062406492,0.2776146523548362,0.0586734693877551,0.0107758620689655,split_cp,0.05,0.484995570417878,,,,,,,,,
,,,,,,,,,iid,catboost,42,platt,conformal,856,,,,,,0.95,0.9766355140186916,0.0266355140186916,1.8574766355140184,0.1425233644859813,0.8574766355140186,0.0,0.978448275862069,0.9744897959183674,0.1425233644859813,0.1639344262295081,0.8574766355140186,122.0,0.0,0.0266355140186916,464.0,392.0,0.9641871830282132,0.984824976863653,0.9607872271711292,0.988252221190732,0.9536847010044092,0.9860854815031952,0.108701554137037,0.2396848936326273,0.0255102040816326,0.021551724137931,mondrian_cp,0.05,0.484995570417878,,,,,,,,,
0.6866423293455314,0.604438726120297,0.6466600232658013,0.6463098170302604,0.2220733525141562,0.6354626987372048,0.0364110856129863,0.9283514835094984,-0.0546840238658157,iid,catboost,42,isotonic,probability,856,2568.0,428.0,428.0,25.0,total_clicks|active_days|active_weeks|num_sessions|night_activity_ratio|weekend_activity_ratio|material_clicks|assessment_clicks|forum_accesses|grade_page_accesses|main_page_accesses|unique_content|total_session_minutes|median_session_minutes|clicks_per_session|sessions_per_active_day|active_day_fraction|zero_activity|days_since_last_activity|days_to_first_activity|actions_week_1|actions_week_2|actions_week_3|actions_week_4|forum_posts,,,,,,,,,,,,,,,,,,,,,,,,,,,,,,,,,,,,,,,
,,,,,,,,,iid,catboost,42,isotonic,conformal,856,,,,,,0.8,0.8621495327102804,0.0621495327102803,1.5093457943925233,0.4906542056074766,0.5093457943925234,0.0,0.834051724137931,0.8954081632653061,0.4906542056074766,0.2809523809523809,0.5093457943925234,420.0,0.0,0.0621495327102803,464.0,392.0,0.8374320970891075,0.8836310636130457,0.7974856405193347,0.8651319923459289,0.8611804878339177,0.9219613309224192,0.2401017444908969,0.3257736644132587,0.1045918367346938,0.1659482758620689,split_cp,0.2,0.484995570417878,,,,,,,,,
,,,,,,,,,iid,catboost,42,isotonic,conformal,856,,,,,,0.8,0.8796728971962616,0.0796728971962615,1.5560747663551402,0.4439252336448598,0.5560747663551402,0.0,0.8663793103448276,0.8954081632653061,0.4439252336448598,0.2710526315789474,0.5560747663551402,380.0,0.0,0.0796728971962615,464.0,392.0,0.8561645092577682,0.8997888043815857,0.8323933944234485,0.8943485254932921,0.8611804878339177,0.9219613309224192,0.2288169847322695,0.3178708573403568,0.1045918367346938,0.1336206896551724,mondrian_cp,0.2,0.484995570417878,,,,,,,,,
,,,,,,,,,iid,catboost,42,isotonic,conformal,856,,,,,,0.8,0.8796728971962616,0.0796728971962615,1.5560747663551402,0.4439252336448598,0.5560747663551402,0.0,0.8663793103448276,0.8954081632653061,0.4439252336448598,0.2710526315789474,0.5560747663551402,380.0,0.0,0.0796728971962615,464.0,392.0,0.8561645092577682,0.8997888043815857,0.8323933944234485,0.8943485254932921,0.8611804878339177,0.9219613309224192,0.2288169847322695,0.3178708573403568,0.1045918367346938,0.1336206896551724,empirical_mondrian,0.2,0.484995570417878,,,,,,,,,
,,,,,,,,,iid,catboost,42,isotonic,conformal,856,,,,,,0.8,0.8796728971962616,0.0796728971962615,1.5560747663551402,0.4439252336448598,0.5560747663551402,0.0,0.8663793103448276,0.8954081632653061,0.4439252336448598,0.2710526315789474,0.5560747663551402,380.0,0.0,0.0796728971962615,464.0,392.0,0.8561645092577682,0.8997888043815857,0.8323933944234485,0.8943485254932921,0.8611804878339177,0.9219613309224192,0.2288169847322695,0.3178708573403568,0.1045918367346938,0.1336206896551724,weighted_cap5,0.2,0.484995570417878,0.5033581189252536,1.004667142829457,1.0153278599115965,5.0,1.3622742889167956,406.2345647847953,5.0,214.42270162952133,192.4979004890377
,,,,,,,,,iid,catboost,42,isotonic,conformal,856,,,,,,0.8,0.8808411214953271,0.080841121495327,1.5595794392523366,0.4404205607476635,0.5595794392523364,0.0,0.8685344827586207,0.8954081632653061,0.4404205607476635,0.2705570291777188,0.5595794392523364,377.0,0.0,0.080841121495327,464.0,392.0,0.8574182844544844,0.9008610393806832,0.8347397640349828,0.896277108351856,0.8611804878339177,0.9219613309224192,0.2281943117700882,0.317548421871075,0.1045918367346938,0.1314655172413793,weighted_cap10,0.2,0.484995570417878,0.5033581189252536,1.004667142829457,1.0270101029022505,10.0,1.3622742889167956,357.8943792877896,10.0,174.07024505492234,192.4979004890377
,,,,,,,,,iid,catboost,42,isotonic,conformal,856,,,,,,0.8,0.9521028037383178,0.1521028037383177,1.7792056074766356,0.2207943925233645,0.7792056074766355,0.0,1.0,0.8954081632653061,0.2207943925233645,0.2169312169312169,0.7792056074766355,189.0,0.0,0.1521028037383177,464.0,392.0,0.9356670936252592,0.9644988521545256,0.991788973062846,1.0,0.8611804878339177,0.9219613309224192,0.1641260582753979,0.2810140031286716,0.1045918367346938,0.0,weighted_cap20,0.2,0.484995570417878,0.5033581189252536,1.004667142829457,1.050374588883559,20.0,1.3622742889167956,240.640348765323,20.0,100.10102558255235,192.4979004890377
,,,,,,,,,iid,catboost,42,isotonic,conformal,856,,,,,,0.8,0.8796728971962616,0.0796728971962615,1.5560747663551402,0.4439252336448598,0.5560747663551402,0.0,0.8663793103448276,0.8954081632653061,0.4439252336448598,0.2710526315789474,0.5560747663551402,380.0,0.0,0.0796728971962615,464.0,392.0,0.8561645092577682,0.8997888043815857,0.8323933944234485,0.8943485254932921,0.8611804878339177,0.9219613309224192,0.2288169847322695,0.3178708573403568,0.1045918367346938,0.1336206896551724,weighted_p99,0.2,0.484995570417878,0.5033581189252536,1.004667142829457,1.005944267935788,1.3622742889167956,1.3622742889167956,420.69467758165257,1.3622742889167956,228.04169983018411,192.6575714757071
,,,,,,,,,iid,catboost,42,isotonic,conformal,856,,,,,,0.85,0.9521028037383178,0.1021028037383178,1.7815420560747663,0.2184579439252336,0.7815420560747663,0.0,1.0,0.8954081632653061,0.2184579439252336,0.2192513368983957,0.7815420560747663,187.0,0.0,0.1021028037383178,464.0,392.0,0.9356670936252592,0.9644988521545256,0.991788973062846,1.0,0.8611804878339177,0.9219613309224192,0.1659310915647932,0.283873994558274,0.1045918367346938,0.0,split_cp,0.15,0.484995570417878,,,,,,,,,
,,,,,,,,,iid,catboost,42,isotonic,conformal,856,,,,,,0.85,0.9521028037383178,0.1021028037383178,1.7792056074766356,0.2207943925233645,0.7792056074766355,0.0,1.0,0.8954081632653061,0.2207943925233645,0.2169312169312169,0.7792056074766355,189.0,0.0,0.1021028037383178,464.0,392.0,0.9356670936252592,0.9644988521545256,0.991788973062846,1.0,0.8611804878339177,0.9219613309224192,0.1641260582753979,0.2810140031286716,0.1045918367346938,0.0,mondrian_cp,0.15,0.484995570417878,,,,,,,,,
,,,,,,,,,iid,catboost,42,isotonic,conformal,856,,,,,,0.85,0.9521028037383178,0.1021028037383178,1.7792056074766356,0.2207943925233645,0.7792056074766355,0.0,1.0,0.8954081632653061,0.2207943925233645,0.2169312169312169,0.7792056074766355,189.0,0.0,0.1021028037383178,464.0,392.0,0.9356670936252592,0.9644988521545256,0.991788973062846,1.0,0.8611804878339177,0.9219613309224192,0.1641260582753979,0.2810140031286716,0.1045918367346938,0.0,empirical_mondrian,0.15,0.484995570417878,,,,,,,,,
,,,,,,,,,iid,catboost,42,isotonic,conformal,856,,,,,,0.85,0.9521028037383178,0.1021028037383178,1.7792056074766356,0.2207943925233645,0.7792056074766355,0.0,1.0,0.8954081632653061,0.2207943925233645,0.2169312169312169,0.7792056074766355,189.0,0.0,0.1021028037383178,464.0,392.0,0.9356670936252592,0.9644988521545256,0.991788973062846,1.0,0.8611804878339177,0.9219613309224192,0.1641260582753979,0.2810140031286716,0.1045918367346938,0.0,weighted_cap5,0.15,0.484995570417878,0.5033581189252536,1.004667142829457,1.0153278599115965,5.0,1.3622742889167956,406.2345647847953,5.0,214.42270162952133,192.4979004890377
,,,,,,,,,iid,catboost,42,isotonic,conformal,856,,,,,,0.85,0.9521028037383178,0.1021028037383178,1.7792056074766356,0.2207943925233645,0.7792056074766355,0.0,1.0,0.8954081632653061,0.2207943925233645,0.2169312169312169,0.7792056074766355,189.0,0.0,0.1021028037383178,464.0,392.0,0.9356670936252592,0.9644988521545256,0.991788973062846,1.0,0.8611804878339177,0.9219613309224192,0.1641260582753979,0.2810140031286716,0.1045918367346938,0.0,weighted_cap10,0.15,0.484995570417878,0.5033581189252536,1.004667142829457,1.0270101029022505,10.0,1.3622742889167956,357.8943792877896,10.0,174.07024505492234,192.4979004890377
,,,,,,,,,iid,catboost,42,isotonic,conformal,856,,,,,,0.85,0.9521028037383178,0.1021028037383178,1.7792056074766356,0.2207943925233645,0.7792056074766355,0.0,1.0,0.8954081632653061,0.2207943925233645,0.2169312169312169,0.7792056074766355,189.0,0.0,0.1021028037383178,464.0,392.0,0.9356670936252592,0.9644988521545256,0.991788973062846,1.0,0.8611804878339177,0.9219613309224192,0.1641260582753979,0.2810140031286716,0.1045918367346938,0.0,weighted_cap20,0.15,0.484995570417878,0.5033581189252536,1.004667142829457,1.050374588883559,20.0,1.3622742889167956,240.640348765323,20.0,100.10102558255235,192.4979004890377
,,,,,,,,,iid,catboost,42,isotonic,conformal,856,,,,,,0.85,0.9521028037383178,0.1021028037383178,1.7792056074766356,0.2207943925233645,0.7792056074766355,0.0,1.0,0.8954081632653061,0.2207943925233645,0.2169312169312169,0.7792056074766355,189.0,0.0,0.1021028037383178,464.0,392.0,0.9356670936252592,0.9644988521545256,0.991788973062846,1.0,0.8611804878339177,0.9219613309224192,0.1641260582753979,0.2810140031286716,0.1045918367346938,0.0,weighted_p99,0.15,0.484995570417878,0.5033581189252536,1.004667142829457,1.005944267935788,1.3622742889167956,1.3622742889167956,420.69467758165257,1.3622742889167956,228.04169983018411,192.6575714757071
,,,,,,,,,iid,catboost,42,isotonic,conformal,856,,,,,,0.9,0.9521028037383178,0.0521028037383177,1.7815420560747663,0.2184579439252336,0.7815420560747663,0.0,1.0,0.8954081632653061,0.2184579439252336,0.2192513368983957,0.7815420560747663,187.0,0.0,0.0521028037383177,464.0,392.0,0.9356670936252592,0.9644988521545256,0.991788973062846,1.0,0.8611804878339177,0.9219613309224192,0.1659310915647932,0.283873994558274,0.1045918367346938,0.0,split_cp,0.1,0.484995570417878,,,,,,,,,
,,,,,,,,,iid,catboost,42,isotonic,conformal,856,,,,,,0.9,0.977803738317757,0.077803738317757,1.8808411214953271,0.1191588785046729,0.8808411214953271,0.0,1.0,0.951530612244898,0.1191588785046729,0.1862745098039215,0.8808411214953271,102.0,0.0,0.077803738317757,464.0,392.0,0.9655933479354974,0.985744822152182,0.991788973062846,1.0,0.9255437308237462,0.968753700917361,0.1226207969948211,0.2727012184696263,0.048469387755102,0.0,mondrian_cp,0.1,0.484995570417878,,,,,,,,,
,,,,,,,,,iid,catboost,42,isotonic,conformal,856,,,,,,0.9,0.977803738317757,0.077803738317757,1.8808411214953271,0.1191588785046729,0.8808411214953271,0.0,1.0,0.951530612244898,0.1191588785046729,0.1862745098039215,0.8808411214953271,102.0,0.0,0.077803738317757,464.0,392.0,0.9655933479354974,0.985744822152182,0.991788973062846,1.0,0.9255437308237462,0.968753700917361,0.1226207969948211,0.2727012184696263,0.048469387755102,0.0,empirical_mondrian,0.1,0.484995570417878,,,,,,,,,
,,,,,,,,,iid,catboost,42,isotonic,conformal,856,,,,,,0.9,0.977803738317757,0.077803738317757,1.8808411214953271,0.1191588785046729,0.8808411214953271,0.0,1.0,0.951530612244898,0.1191588785046729,0.1862745098039215,0.8808411214953271,102.0,0.0,0.077803738317757,464.0,392.0,0.9655933479354974,0.985744822152182,0.991788973062846,1.0,0.9255437308237462,0.968753700917361,0.1226207969948211,0.2727012184696263,0.048469387755102,0.0,weighted_cap5,0.1,0.484995570417878,0.5033581189252536,1.004667142829457,1.0153278599115965,5.0,1.3622742889167956,406.2345647847953,5.0,214.42270162952133,192.4979004890377
,,,,,,,,,iid,catboost,42,isotonic,conformal,856,,,,,,0.9,0.977803738317757,0.077803738317757,1.8808411214953271,0.1191588785046729,0.8808411214953271,0.0,1.0,0.951530612244898,0.1191588785046729,0.1862745098039215,0.8808411214953271,102.0,0.0,0.077803738317757,464.0,392.0,0.9655933479354974,0.985744822152182,0.991788973062846,1.0,0.9255437308237462,0.968753700917361,0.1226207969948211,0.2727012184696263,0.048469387755102,0.0,weighted_cap10,0.1,0.484995570417878,0.5033581189252536,1.004667142829457,1.0270101029022505,10.0,1.3622742889167956,357.8943792877896,10.0,174.07024505492234,192.4979004890377
,,,,,,,,,iid,catboost,42,isotonic,conformal,856,,,,,,0.9,0.977803738317757,0.077803738317757,1.8808411214953271,0.1191588785046729,0.8808411214953271,0.0,1.0,0.951530612244898,0.1191588785046729,0.1862745098039215,0.8808411214953271,102.0,0.0,0.077803738317757,464.0,392.0,0.9655933479354974,0.985744822152182,0.991788973062846,1.0,0.9255437308237462,0.968753700917361,0.1226207969948211,0.2727012184696263,0.048469387755102,0.0,weighted_cap20,0.1,0.484995570417878,0.5033581189252536,1.004667142829457,1.050374588883559,20.0,1.3622742889167956,240.640348765323,20.0,100.10102558255235,192.4979004890377
,,,,,,,,,iid,catboost,42,isotonic,conformal,856,,,,,,0.9,0.977803738317757,0.077803738317757,1.8808411214953271,0.1191588785046729,0.8808411214953271,0.0,1.0,0.951530612244898,0.1191588785046729,0.1862745098039215,0.8808411214953271,102.0,0.0,0.077803738317757,464.0,392.0,0.9655933479354974,0.985744822152182,0.991788973062846,1.0,0.9255437308237462,0.968753700917361,0.1226207969948211,0.2727012184696263,0.048469387755102,0.0,weighted_p99,0.1,0.484995570417878,0.5033581189252536,1.004667142829457,1.005944267935788,1.3622742889167956,1.3622742889167956,420.69467758165257,1.3622742889167956,228.04169983018411,192.6575714757071
,,,,,,,,,iid,catboost,42,isotonic,conformal,856,,,,,,0.95,0.977803738317757,0.027803738317757,1.8808411214953271,0.1191588785046729,0.8808411214953271,0.0,1.0,0.951530612244898,0.1191588785046729,0.1862745098039215,0.8808411214953271,102.0,0.0,0.027803738317757,464.0,392.0,0.9655933479354974,0.985744822152182,0.991788973062846,1.0,0.9255437308237462,0.968753700917361,0.1226207969948211,0.2727012184696263,0.048469387755102,0.0,split_cp,0.05,0.484995570417878,,,,,,,,,
,,,,,,,,,iid,catboost,42,isotonic,conformal,856,,,,,,0.95,0.9906542056074766,0.0406542056074766,1.9462616822429903,0.0537383177570093,0.9462616822429908,0.0,1.0,0.979591836734694,0.0537383177570093,0.1739130434782608,0.9462616822429908,46.0,0.0,0.0406542056074766,464.0,392.0,0.9816673979074106,0.9952568843342162,0.991788973062846,1.0,0.9602518545326532,0.9896233837008392,0.0908579170224631,0.3072335371637849,0.0204081632653061,0.0,mondrian_cp,0.05,0.484995570417878,,,,,,,,,
,,,,,,,,,iid,catboost,42,isotonic,conformal,856,,,,,,0.95,0.9906542056074766,0.0406542056074766,1.9462616822429903,0.0537383177570093,0.9462616822429908,0.0,1.0,0.979591836734694,0.0537383177570093,0.1739130434782608,0.9462616822429908,46.0,0.0,0.0406542056074766,464.0,392.0,0.9816673979074106,0.9952568843342162,0.991788973062846,1.0,0.9602518545326532,0.9896233837008392,0.0908579170224631,0.3072335371637849,0.0204081632653061,0.0,empirical_mondrian,0.05,0.484995570417878,,,,,,,,,
,,,,,,,,,iid,catboost,42,isotonic,conformal,856,,,,,,0.95,0.9906542056074766,0.0406542056074766,1.9462616822429903,0.0537383177570093,0.9462616822429908,0.0,1.0,0.979591836734694,0.0537383177570093,0.1739130434782608,0.9462616822429908,46.0,0.0,0.0406542056074766,464.0,392.0,0.9816673979074106,0.9952568843342162,0.991788973062846,1.0,0.9602518545326532,0.9896233837008392,0.0908579170224631,0.3072335371637849,0.0204081632653061,0.0,weighted_cap5,0.05,0.484995570417878,0.5033581189252536,1.004667142829457,1.0153278599115965,5.0,1.3622742889167956,406.2345647847953,5.0,214.42270162952133,192.4979004890377
,,,,,,,,,iid,catboost,42,isotonic,conformal,856,,,,,,0.95,0.9906542056074766,0.0406542056074766,1.9462616822429903,0.0537383177570093,0.9462616822429908,0.0,1.0,0.979591836734694,0.0537383177570093,0.1739130434782608,0.9462616822429908,46.0,0.0,0.0406542056074766,464.0,392.0,0.9816673979074106,0.9952568843342162,0.991788973062846,1.0,0.9602518545326532,0.9896233837008392,0.0908579170224631,0.3072335371637849,0.0204081632653061,0.0,weighted_cap10,0.05,0.484995570417878,0.5033581189252536,1.004667142829457,1.0270101029022505,10.0,1.3622742889167956,357.8943792877896,10.0,174.07024505492234,192.4979004890377
,,,,,,,,,iid,catboost,42,isotonic,conformal,856,,,,,,0.95,0.9906542056074766,0.0406542056074766,1.9462616822429903,0.0537383177570093,0.9462616822429908,0.0,1.0,0.979591836734694,0.0537383177570093,0.1739130434782608,0.9462616822429908,46.0,0.0,0.0406542056074766,464.0,392.0,0.9816673979074106,0.9952568843342162,0.991788973062846,1.0,0.9602518545326532,0.9896233837008392,0.0908579170224631,0.3072335371637849,0.0204081632653061,0.0,weighted_cap20,0.05,0.484995570417878,0.5033581189252536,1.004667142829457,1.050374588883559,20.0,1.3622742889167956,240.640348765323,20.0,100.10102558255235,192.4979004890377
,,,,,,,,,iid,catboost,42,isotonic,conformal,856,,,,,,0.95,0.9906542056074766,0.0406542056074766,1.9462616822429903,0.0537383177570093,0.9462616822429908,0.0,1.0,0.979591836734694,0.0537383177570093,0.1739130434782608,0.9462616822429908,46.0,0.0,0.0406542056074766,464.0,392.0,0.9816673979074106,0.9952568843342162,0.991788973062846,1.0,0.9602518545326532,0.9896233837008392,0.0908579170224631,0.3072335371637849,0.0204081632653061,0.0,weighted_p99,0.05,0.484995570417878,0.5033581189252536,1.004667142829457,1.005944267935788,1.3622742889167956,1.3622742889167956,420.69467758165257,1.3622742889167956,228.04169983018411,192.6575714757071
0.6864059201266713,0.611926461469357,0.6322106722106722,0.631905348346235,0.2235126558054373,0.9472003838973008,0.0379014450925212,0.1832353770583505,-0.1538589301022834,iid,logistic,7,isotonic,probability,856,2568.0,428.0,428.0,25.0,total_clicks|active_days|active_weeks|num_sessions|night_activity_ratio|weekend_activity_ratio|material_clicks|assessment_clicks|forum_accesses|grade_page_accesses|main_page_accesses|unique_content|total_session_minutes|median_session_minutes|clicks_per_session|sessions_per_active_day|active_day_fraction|zero_activity|days_since_last_activity|days_to_first_activity|actions_week_1|actions_week_2|actions_week_3|actions_week_4|forum_posts,,,,,,,,,,,,,,,,,,,,,,,,,,,,,,,,,,,,,,,
,,,,,,,,,iid,logistic,7,isotonic,conformal,856,,,,,,0.9,0.9077102803738316,0.0077102803738317,1.6308411214953271,0.3691588785046729,0.6308411214953271,0.0,0.8987068965517241,0.9183673469387756,0.3691588785046729,0.25,0.6308411214953271,316.0,0.0,0.0077102803738317,464.0,392.0,0.8864573060431057,0.92532025229577,0.8678978427917415,0.922968364176476,0.887030529472807,0.9415840400500268,0.2054527980173449,0.3005524566404755,0.0816326530612244,0.1012931034482758,split_cp,0.1,0.537358222177857,,,,,,,,,
,,,,,,,,,iid,logistic,7,isotonic,conformal,856,,,,,,0.9,0.9228971962616822,0.0228971962616821,1.7254672897196262,0.2745327102803738,0.7254672897196262,0.0,0.8987068965517241,0.951530612244898,0.2745327102803738,0.2808510638297872,0.7254672897196262,235.0,0.0,0.0228971962616821,464.0,392.0,0.9030780509597928,0.9389376399246572,0.8678978427917415,0.922968364176476,0.9255437308237462,0.968753700917361,0.2272713929006025,0.3414801944135356,0.048469387755102,0.1012931034482758,mondrian_cp,0.1,0.537358222177857,,,,,,,,,
,,,,,,,,,iid,logistic,7,isotonic,conformal,856,,,,,,0.9,0.9228971962616822,0.0228971962616821,1.7254672897196262,0.2745327102803738,0.7254672897196262,0.0,0.8987068965517241,0.951530612244898,0.2745327102803738,0.2808510638297872,0.7254672897196262,235.0,0.0,0.0228971962616821,464.0,392.0,0.9030780509597928,0.9389376399246572,0.8678978427917415,0.922968364176476,0.9255437308237462,0.968753700917361,0.2272713929006025,0.3414801944135356,0.048469387755102,0.1012931034482758,empirical_mondrian,0.1,0.537358222177857,,,,,,,,,
,,,,,,,,,iid,logistic,7,isotonic,conformal,856,,,,,,0.9,0.9228971962616822,0.0228971962616821,1.7254672897196262,0.2745327102803738,0.7254672897196262,0.0,0.8987068965517241,0.951530612244898,0.2745327102803738,0.2808510638297872,0.7254672897196262,235.0,0.0,0.0228971962616821,464.0,392.0,0.9030780509597928,0.9389376399246572,0.8678978427917415,0.922968364176476,0.9255437308237462,0.968753700917361,0.2272713929006025,0.3414801944135356,0.048469387755102,0.1012931034482758,weighted_cap10,0.1,0.537358222177857,0.4973088209026924,1.0073232295697614,1.0079654474665038,1.6403576952085104,1.3990513888778522,419.3488294079693,10.0,226.02747219738976,193.33249909048888
0.6776395364180154,0.5890965480521819,0.6105082417582417,0.6147739268121042,0.2261194842656188,0.6868359154024115,0.0505355471104264,0.6252613022808327,-0.0532197869782669,iid,catboost,7,isotonic,probability,856,2568.0,428.0,428.0,25.0,total_clicks|active_days|active_weeks|num_sessions|night_activity_ratio|weekend_activity_ratio|material_clicks|assessment_clicks|forum_accesses|grade_page_accesses|main_page_accesses|unique_content|total_session_minutes|median_session_minutes|clicks_per_session|sessions_per_active_day|active_day_fraction|zero_activity|days_since_last_activity|days_to_first_activity|actions_week_1|actions_week_2|actions_week_3|actions_week_4|forum_posts,,,,,,,,,,,,,,,,,,,,,,,,,,,,,,,,,,,,,,,
,,,,,,,,,iid,catboost,7,isotonic,conformal,856,,,,,,0.9,0.969626168224299,0.069626168224299,1.84696261682243,0.1530373831775701,0.8469626168224299,0.0,0.9698275862068966,0.9693877551020408,0.1530373831775701,0.1984732824427481,0.8469626168224299,131.0,0.0,0.069626168224299,464.0,392.0,0.9558670190732282,0.9791890796437572,0.949996286181554,0.9819433522999136,0.9472617558996588,0.9824033708820572,0.1391971959481775,0.2749295815954375,0.0306122448979591,0.0301724137931034,split_cp,0.1,0.537358222177857,,,,,,,,,
,,,,,,,,,iid,catboost,7,isotonic,conformal,856,,,,,,0.9,0.9684579439252337,0.0684579439252336,1.8457943925233644,0.1542056074766355,0.8457943925233645,0.0,0.9676724137931034,0.9693877551020408,0.1542056074766355,0.2045454545454545,0.8457943925233645,132.0,0.0,0.0684579439252336,464.0,392.0,0.954496859764624,0.9782332287565484,0.9473518180245968,0.9803128679867722,0.9472617558996588,0.9824033708820572,0.1445559922529446,0.2812452272189604,0.0306122448979591,0.0323275862068965,mondrian_cp,0.1,0.537358222177857,,,,,,,,,
,,,,,,,,,iid,catboost,7,isotonic,conformal,856,,,,,,0.9,0.9684579439252337,0.0684579439252336,1.8457943925233644,0.1542056074766355,0.8457943925233645,0.0,0.9676724137931034,0.9693877551020408,0.1542056074766355,0.2045454545454545,0.8457943925233645,132.0,0.0,0.0684579439252336,464.0,392.0,0.954496859764624,0.9782332287565484,0.9473518180245968,0.9803128679867722,0.9472617558996588,0.9824033708820572,0.1445559922529446,0.2812452272189604,0.0306122448979591,0.0323275862068965,empirical_mondrian,0.1,0.537358222177857,,,,,,,,,
,,,,,,,,,iid,catboost,7,isotonic,conformal,856,,,,,,0.9,0.9684579439252337,0.0684579439252336,1.8457943925233644,0.1542056074766355,0.8457943925233645,0.0,0.9676724137931034,0.9693877551020408,0.1542056074766355,0.2045454545454545,0.8457943925233645,132.0,0.0,0.0684579439252336,464.0,392.0,0.954496859764624,0.9782332287565484,0.9473518180245968,0.9803128679867722,0.9472617558996588,0.9824033708820572,0.1445559922529446,0.2812452272189604,0.0306122448979591,0.0323275862068965,weighted_cap10,0.1,0.537358222177857,0.4973088209026924,1.0073232295697614,1.0079654474665038,1.6403576952085104,1.3990513888778522,419.3488294079693,10.0,226.02747219738976,193.33249909048888
0.668386589549613,0.5970489705883155,0.6202355455832722,0.6225369458128079,0.2257464732018166,0.6425363026308932,0.0341587079992125,0.788769962059969,-0.0425916528324081,iid,logistic,19,isotonic,probability,856,2568.0,428.0,428.0,25.0,total_clicks|active_days|active_weeks|num_sessions|night_activity_ratio|weekend_activity_ratio|material_clicks|assessment_clicks|forum_accesses|grade_page_accesses|main_page_accesses|unique_content|total_session_minutes|median_session_minutes|clicks_per_session|sessions_per_active_day|active_day_fraction|zero_activity|days_since_last_activity|days_to_first_activity|actions_week_1|actions_week_2|actions_week_3|actions_week_4|forum_posts,,,,,,,,,,,,,,,,,,,,,,,,,,,,,,,,,,,,,,,
,,,,,,,,,iid,logistic,19,isotonic,conformal,856,,,,,,0.9,0.97196261682243,0.0719626168224298,1.8773364485981308,0.1226635514018691,0.8773364485981309,0.0,0.9719827586206896,0.971938775510204,0.1226635514018691,0.2285714285714285,0.8773364485981309,105.0,0.0,0.0719626168224298,464.0,392.0,0.9586204111827464,0.9810877079258662,0.9526598308679536,0.983554760083612,0.9504574811789948,0.9842601734656656,0.1586839284694141,0.3176185704349597,0.0280612244897959,0.0280172413793103,split_cp,0.1,0.4653088853674058,,,,,,,,,
,,,,,,,,,iid,logistic,19,isotonic,conformal,856,,,,,,0.9,0.969626168224299,0.069626168224299,1.8738317757009344,0.1261682242990654,0.8738317757009346,0.0,0.9676724137931034,0.971938775510204,0.1261682242990654,0.2407407407407407,0.8738317757009346,108.0,0.0,0.069626168224299,464.0,392.0,0.9558670190732282,0.9791890796437572,0.9473518180245968,0.9803128679867722,0.9504574811789948,0.9842601734656656,0.1699118899744545,0.3293793335978342,0.0280612244897959,0.0323275862068965,mondrian_cp,0.1,0.4653088853674058,,,,,,,,,
,,,,,,,,,iid,logistic,19,isotonic,conformal,856,,,,,,0.9,0.969626168224299,0.069626168224299,1.8738317757009344,0.1261682242990654,0.8738317757009346,0.0,0.9676724137931034,0.971938775510204,0.1261682242990654,0.2407407407407407,0.8738317757009346,108.0,0.0,0.069626168224299,464.0,392.0,0.9558670190732282,0.9791890796437572,0.9473518180245968,0.9803128679867722,0.9504574811789948,0.9842601734656656,0.1699118899744545,0.3293793335978342,0.0280612244897959,0.0323275862068965,empirical_mondrian,0.1,0.4653088853674058,,,,,,,,,
,,,,,,,,,iid,logistic,19,isotonic,conformal,856,,,,,,0.9,0.969626168224299,0.069626168224299,1.8738317757009344,0.1261682242990654,0.8738317757009346,0.0,0.9676724137931034,0.971938775510204,0.1261682242990654,0.2407407407407407,0.8738317757009346,108.0,0.0,0.069626168224299,464.0,392.0,0.9558670190732282,0.9791890796437572,0.9473518180245968,0.9803128679867722,0.9504574811789948,0.9842601734656656,0.1699118899744545,0.3293793335978342,0.0280612244897959,0.0323275862068965,weighted_cap10,0.1,0.4653088853674058,0.2180631386900049,1.000379900107654,0.9926070353005194,1.6066821773944469,1.260095394894477,420.0722853448885,10.0,226.91526111208276,193.15861155698835
0.686568107846587,0.6108789605080824,0.6386591931497922,0.6408998944405349,0.223333956705319,0.7140515190482417,0.0174594923035585,0.6659387999044081,-0.0317421952083767,iid,catboost,19,isotonic,probability,856,2568.0,428.0,428.0,25.0,total_clicks|active_days|active_weeks|num_sessions|night_activity_ratio|weekend_activity_ratio|material_clicks|assessment_clicks|forum_accesses|grade_page_accesses|main_page_accesses|unique_content|total_session_minutes|median_session_minutes|clicks_per_session|sessions_per_active_day|active_day_fraction|zero_activity|days_since_last_activity|days_to_first_activity|actions_week_1|actions_week_2|actions_week_3|actions_week_4|forum_posts,,,,,,,,,,,,,,,,,,,,,,,,,,,,,,,,,,,,,,,
,,,,,,,,,iid,catboost,19,isotonic,conformal,856,,,,,,0.9,0.9182242990654206,0.0182242990654205,1.6775700934579438,0.322429906542056,0.677570093457944,0.0,0.9849137931034484,0.8392857142857143,0.322429906542056,0.2536231884057971,0.677570093457944,276.0,0.0,0.0182242990654205,464.0,392.0,0.8979449856362888,0.9347666644649074,0.9691908611117044,0.9926734446604524,0.799663500701356,0.8723227050702105,0.2059172143253636,0.3080933237374014,0.1607142857142857,0.0150862068965517,split_cp,0.1,0.4653088853674058,,,,,,,,,
,,,,,,,,,iid,catboost,19,isotonic,conformal,856,,,,,,0.9,0.977803738317757,0.077803738317757,1.9018691588785048,0.0981308411214953,0.9018691588785048,0.0,0.9633620689655172,0.9948979591836736,0.0981308411214953,0.2261904761904762,0.9018691588785048,84.0,0.0,0.077803738317757,464.0,392.0,0.9655933479354974,0.985744822152182,0.9421135193138,0.977001261757372,0.981590685902067,0.9985997195090902,0.149860208374451,0.3264690714716721,0.0051020408163265,0.0366379310344827,mondrian_cp,0.1,0.4653088853674058,,,,,,,,,
,,,,,,,,,iid,catboost,19,isotonic,conformal,856,,,,,,0.9,0.977803738317757,0.077803738317757,1.9018691588785048,0.0981308411214953,0.9018691588785048,0.0,0.9633620689655172,0.9948979591836736,0.0981308411214953,0.2261904761904762,0.9018691588785048,84.0,0.0,0.077803738317757,464.0,392.0,0.9655933479354974,0.985744822152182,0.9421135193138,0.977001261757372,0.981590685902067,0.9985997195090902,0.149860208374451,0.3264690714716721,0.0051020408163265,0.0366379310344827,empirical_mondrian,0.1,0.4653088853674058,,,,,,,,,
,,,,,,,,,iid,catboost,19,isotonic,conformal,856,,,,,,0.9,0.977803738317757,0.077803738317757,1.9018691588785048,0.0981308411214953,0.9018691588785048,0.0,0.9633620689655172,0.9948979591836736,0.0981308411214953,0.2261904761904762,0.9018691588785048,84.0,0.0,0.077803738317757,464.0,392.0,0.9655933479354974,0.985744822152182,0.9421135193138,0.977001261757372,0.981590685902067,0.9985997195090902,0.149860208374451,0.3264690714716721,0.0051020408163265,0.0366379310344827,weighted_cap10,0.1,0.4653088853674058,0.2180631386900049,1.000379900107654,0.9926070353005194,1.6066821773944469,1.260095394894477,420.0722853448885,10.0,226.91526111208276,193.15861155698835
0.6933909878606614,0.6215166623633553,0.6243977284951564,0.6263634764250527,0.2205925738458599,0.7082318967970173,0.0238208932704458,0.6608212175643109,-0.0834646172584272,iid,logistic,73,isotonic,probability,856,2568.0,428.0,428.0,25.0,total_clicks|active_days|active_weeks|num_sessions|night_activity_ratio|weekend_activity_ratio|material_clicks|assessment_clicks|forum_accesses|grade_page_accesses|main_page_accesses|unique_content|total_session_minutes|median_session_minutes|clicks_per_session|sessions_per_active_day|active_day_fraction|zero_activity|days_since_last_activity|days_to_first_activity|actions_week_1|actions_week_2|actions_week_3|actions_week_4|forum_posts,,,,,,,,,,,,,,,,,,,,,,,,,,,,,,,,,,,,,,,
,,,,,,,,,iid,logistic,73,isotonic,conformal,856,,,,,,0.9,0.9322429906542056,0.0322429906542055,1.6904205607476634,0.3095794392523364,0.6904205607476636,0.0,0.9482758620689656,0.9132653061224488,0.3095794392523364,0.2188679245283019,0.6904205607476636,265.0,0.0,0.0322429906542055,464.0,392.0,0.9134023664587154,0.9472214059922416,0.9241918966827706,0.964998217097712,0.8812405039537493,0.9372690098431964,0.1732962781956721,0.2724737282103089,0.086734693877551,0.0517241379310344,split_cp,0.1,0.4528966971538375,,,,,,,,,
,,,,,,,,,iid,logistic,73,isotonic,conformal,856,,,,,,0.9,0.9497663551401868,0.0497663551401869,1.7745327102803738,0.2254672897196261,0.7745327102803738,0.0,0.9439655172413792,0.9566326530612244,0.2254672897196261,0.2227979274611398,0.7745327102803738,193.0,0.0,0.0497663551401869,464.0,392.0,0.9330196091515744,0.9624943162365835,0.919163351829371,0.9614768570109146,0.931652620756558,0.9727498667104372,0.1698248807007501,0.2865904464307769,0.0433673469387755,0.0560344827586206,mondrian_cp,0.1,0.4528966971538375,,,,,,,,,
,,,,,,,,,iid,logistic,73,isotonic,conformal,856,,,,,,0.9,0.9497663551401868,0.0497663551401869,1.7745327102803738,0.2254672897196261,0.7745327102803738,0.0,0.9439655172413792,0.9566326530612244,0.2254672897196261,0.2227979274611398,0.7745327102803738,193.0,0.0,0.0497663551401869,464.0,392.0,0.9330196091515744,0.9624943162365835,0.919163351829371,0.9614768570109146,0.931652620756558,0.9727498667104372,0.1698248807007501,0.2865904464307769,0.0433673469387755,0.0560344827586206,empirical_mondrian,0.1,0.4528966971538375,,,,,,,,,
,,,,,,,,,iid,logistic,73,isotonic,conformal,856,,,,,,0.9,0.9497663551401868,0.0497663551401869,1.7745327102803738,0.2254672897196261,0.7745327102803738,0.0,0.9439655172413792,0.9566326530612244,0.2254672897196261,0.2227979274611398,0.7745327102803738,193.0,0.0,0.0497663551401869,464.0,392.0,0.9330196091515744,0.9624943162365835,0.919163351829371,0.9614768570109146,0.931652620756558,0.9727498667104372,0.1698248807007501,0.2865904464307769,0.0433673469387755,0.0560344827586206,weighted_cap10,0.1,0.4528966971538375,0.4389951207454672,1.005024597822842,1.0086307013275546,2.0199920517046297,1.8127943669151032,416.1578854573778,10.0,224.51617624430423,191.64522165861405
0.6893198011963406,0.6246624534570598,0.6345835065835066,0.6342584447572133,0.2250310771105538,0.9531005831761769,0.0445250381425258,0.1688393751593363,-0.0839243960570259,iid,catboost,73,isotonic,probability,856,2568.0,428.0,428.0,25.0,total_clicks|active_days|active_weeks|num_sessions|night_activity_ratio|weekend_activity_ratio|material_clicks|assessment_clicks|forum_accesses|grade_page_accesses|main_page_accesses|unique_content|total_session_minutes|median_session_minutes|clicks_per_session|sessions_per_active_day|active_day_fraction|zero_activity|days_since_last_activity|days_to_first_activity|actions_week_1|actions_week_2|actions_week_3|actions_week_4|forum_posts,,,,,,,,,,,,,,,,,,,,,,,,,,,,,,,,,,,,,,,
,,,,,,,,,iid,catboost,73,isotonic,conformal,856,,,,,,0.9,0.9322429906542056,0.0322429906542055,1.6939252336448598,0.3060747663551402,0.6939252336448598,0.0,0.9288793103448276,0.9362244897959184,0.3060747663551402,0.2213740458015267,0.6939252336448598,262.0,0.0,0.0322429906542055,464.0,392.0,0.9134023664587154,0.9472214059922416,0.9018026755067772,0.9489128660428192,0.9075501460121912,0.9564321185512512,0.1753307511456533,0.2754697347993373,0.0637755102040816,0.0711206896551724,split_cp,0.1,0.4528966971538375,,,,,,,,,
,,,,,,,,,iid,catboost,73,isotonic,conformal,856,,,,,,0.9,0.9310747663551402,0.0310747663551401,1.6927570093457944,0.3072429906542056,0.6927570093457944,0.0,0.9267241379310344,0.9362244897959184,0.3072429906542056,0.2243346007604562,0.6927570093457944,263.0,0.0,0.0310747663551401,464.0,392.0,0.912107239264905,0.9461905229902384,0.8993485727290483,0.9470920163504494,0.9075501460121912,0.9564321185512512,0.1780956943027356,0.2785104843592026,0.0637755102040816,0.0732758620689655,mondrian_cp,0.1,0.4528966971538375,,,,,,,,,
,,,,,,,,,iid,catboost,73,isotonic,conformal,856,,,,,,0.9,0.9310747663551402,0.0310747663551401,1.6927570093457944,0.3072429906542056,0.6927570093457944,0.0,0.9267241379310344,0.9362244897959184,0.3072429906542056,0.2243346007604562,0.6927570093457944,263.0,0.0,0.0310747663551401,464.0,392.0,0.912107239264905,0.9461905229902384,0.8993485727290483,0.9470920163504494,0.9075501460121912,0.9564321185512512,0.1780956943027356,0.2785104843592026,0.0637755102040816,0.0732758620689655,empirical_mondrian,0.1,0.4528966971538375,,,,,,,,,
,,,,,,,,,iid,catboost,73,isotonic,conformal,856,,,,,,0.9,0.9310747663551402,0.0310747663551401,1.6927570093457944,0.3072429906542056,0.6927570093457944,0.0,0.9267241379310344,0.9362244897959184,0.3072429906542056,0.2243346007604562,0.6927570093457944,263.0,0.0,0.0310747663551401,464.0,392.0,0.912107239264905,0.9461905229902384,0.8993485727290483,0.9470920163504494,0.9075501460121912,0.9564321185512512,0.1780956943027356,0.2785104843592026,0.0637755102040816,0.0732758620689655,weighted_cap10,0.1,0.4528966971538375,0.4389951207454672,1.005024597822842,1.0086307013275546,2.0199920517046297,1.8127943669151032,416.1578854573778,10.0,224.51617624430423,191.64522165861405
0.6844651653764955,0.604475630991812,0.5697575240648227,0.5915508444757214,0.2266423776717634,0.6453621407053428,0.0645669538284032,0.9606365372413636,-0.0078165267597633,iid,logistic,101,isotonic,probability,856,2568.0,428.0,428.0,25.0,total_clicks|active_days|active_weeks|num_sessions|night_activity_ratio|weekend_activity_ratio|material_clicks|assessment_clicks|forum_accesses|grade_page_accesses|main_page_accesses|unique_content|total_session_minutes|median_session_minutes|clicks_per_session|sessions_per_active_day|active_day_fraction|zero_activity|days_since_last_activity|days_to_first_activity|actions_week_1|actions_week_2|actions_week_3|actions_week_4|forum_posts,,,,,,,,,,,,,,,,,,,,,,,,,,,,,,,,,,,,,,,
,,,,,,,,,iid,logistic,101,isotonic,conformal,856,,,,,,0.9,0.911214953271028,0.011214953271028,1.719626168224299,0.2803738317757009,0.719626168224299,0.0,0.8642241379310345,0.9668367346938777,0.2803738317757009,0.3166666666666666,0.719626168224299,240.0,0.0,0.011214953271028,464.0,392.0,0.890277610507969,0.9284779784183468,0.8300496370038355,0.8924173304428065,0.9440940517249504,0.9805185471938214,0.2610970796949443,0.3780126909502939,0.0331632653061224,0.1357758620689655,split_cp,0.1,0.4961256753553024,,,,,,,,,
,,,,,,,,,iid,logistic,101,isotonic,conformal,856,,,,,,0.9,0.980140186915888,0.0801401869158878,1.9170560747663552,0.0829439252336448,0.9170560747663552,0.0,0.9913793103448276,0.9668367346938777,0.0829439252336448,0.2394366197183098,0.9170560747663552,71.0,0.0,0.0801401869158878,464.0,392.0,0.9684260959248402,0.9875640945544664,0.9780465421188174,0.9966426210636348,0.9440940517249504,0.9805185471938214,0.1552094003304011,0.350412208560936,0.0331632653061224,0.0086206896551724,mondrian_cp,0.1,0.4961256753553024,,,,,,,,,
,,,,,,,,,iid,logistic,101,isotonic,conformal,856,,,,,,0.9,0.980140186915888,0.0801401869158878,1.9170560747663552,0.0829439252336448,0.9170560747663552,0.0,0.9913793103448276,0.9668367346938777,0.0829439252336448,0.2394366197183098,0.9170560747663552,71.0,0.0,0.0801401869158878,464.0,392.0,0.9684260959248402,0.9875640945544664,0.9780465421188174,0.9966426210636348,0.9440940517249504,0.9805185471938214,0.1552094003304011,0.350412208560936,0.0331632653061224,0.0086206896551724,empirical_mondrian,0.1,0.4961256753553024,,,,,,,,,
,,,,,,,,,iid,logistic,101,isotonic,conformal,856,,,,,,0.9,0.980140186915888,0.0801401869158878,1.9170560747663552,0.0829439252336448,0.9170560747663552,0.0,0.9913793103448276,0.9668367346938777,0.0829439252336448,0.2394366197183098,0.9170560747663552,71.0,0.0,0.0801401869158878,464.0,392.0,0.9684260959248402,0.9875640945544664,0.9780465421188174,0.9966426210636348,0.9440940517249504,0.9805185471938214,0.1552094003304011,0.350412208560936,0.0331632653061224,0.0086206896551724,weighted_cap10,0.1,0.4961256753553024,0.3917825941800903,1.0086197773517145,1.0371994639943576,10.0,1.6493394187258494,357.0428176958638,10.0,172.92682512522637,192.15009958926936
0.6800283691062633,0.606997763950525,0.6171280071111916,0.6193041871921182,0.2238488386605287,0.7156736189113794,0.0127777295163704,0.6476143125763117,-0.0274324147707739,iid,catboost,101,isotonic,probability,856,2568.0,428.0,428.0,25.0,total_clicks|active_days|active_weeks|num_sessions|night_activity_ratio|weekend_activity_ratio|material_clicks|assessment_clicks|forum_accesses|grade_page_accesses|main_page_accesses|unique_content|total_session_minutes|median_session_minutes|clicks_per_session|sessions_per_active_day|active_day_fraction|zero_activity|days_since_last_activity|days_to_first_activity|actions_week_1|actions_week_2|actions_week_3|actions_week_4|forum_posts,,,,,,,,,,,,,,,,,,,,,,,,,,,,,,,,,,,,,,,
,,,,,,,,,iid,catboost,101,isotonic,conformal,856,,,,,,0.9,0.9707943925233644,0.0707943925233645,1.8761682242990652,0.1238317757009345,0.8761682242990654,0.0,0.9870689655172412,0.951530612244898,0.1238317757009345,0.2358490566037736,0.8761682242990654,106.0,0.0,0.0707943925233645,464.0,392.0,0.95724145570874,0.9801406532040592,0.972078779077242,0.9940604791650132,0.9255437308237462,0.968753700917361,0.165160411971115,0.3250138755771343,0.048469387755102,0.0129310344827586,split_cp,0.1,0.4961256753553024,,,,,,,,,
,,,,,,,,,iid,catboost,101,isotonic,conformal,856,,,,,,0.9,0.9532710280373832,0.0532710280373831,1.814252336448598,0.1857476635514018,0.8142523364485982,0.0,0.9547413793103448,0.951530612244898,0.1857476635514018,0.2515723270440251,0.8142523364485982,159.0,0.0,0.0532710280373831,464.0,392.0,0.9369941936129332,0.9654977623626648,0.9318048108226952,0.9702101603680828,0.9255437308237462,0.968753700917361,0.1905299361173095,0.3243356234759175,0.048469387755102,0.0452586206896551,mondrian_cp,0.1,0.4961256753553024,,,,,,,,,
,,,,,,,,,iid,catboost,101,isotonic,conformal,856,,,,,,0.9,0.9532710280373832,0.0532710280373831,1.814252336448598,0.1857476635514018,0.8142523364485982,0.0,0.9547413793103448,0.951530612244898,0.1857476635514018,0.2515723270440251,0.8142523364485982,159.0,0.0,0.0532710280373831,464.0,392.0,0.9369941936129332,0.9654977623626648,0.9318048108226952,0.9702101603680828,0.9255437308237462,0.968753700917361,0.1905299361173095,0.3243356234759175,0.048469387755102,0.0452586206896551,empirical_mondrian,0.1,0.4961256753553024,,,,,,,,,
,,,,,,,,,iid,catboost,101,isotonic,conformal,856,,,,,,0.9,0.9532710280373832,0.0532710280373831,1.814252336448598,0.1857476635514018,0.8142523364485982,0.0,0.9547413793103448,0.951530612244898,0.1857476635514018,0.2515723270440251,0.8142523364485982,159.0,0.0,0.0532710280373831,464.0,392.0,0.9369941936129332,0.9654977623626648,0.9318048108226952,0.9702101603680828,0.9255437308237462,0.968753700917361,0.1905299361173095,0.3243356234759175,0.048469387755102,0.0452586206896551,weighted_cap10,0.1,0.4961256753553024,0.3917825941800903,1.0086197773517145,1.0371994639943576,10.0,1.6493394187258494,357.0428176958638,10.0,172.92682512522637,192.15009958926936
0.6441859218356297,0.5369139315498053,0.5866356464932824,0.586389320752694,0.232335408058528,0.66287214811902,0.0541371799278195,0.5591170108517373,-0.1444324867356473,temporal_1,logistic,42,none,probability,1386,1122.0,186.0,187.0,25.0,total_clicks|active_days|active_weeks|num_sessions|night_activity_ratio|weekend_activity_ratio|material_clicks|assessment_clicks|forum_accesses|grade_page_accesses|main_page_accesses|unique_content|total_session_minutes|median_session_minutes|clicks_per_session|sessions_per_active_day|active_day_fraction|zero_activity|days_since_last_activity|days_to_first_activity|actions_week_1|actions_week_2|actions_week_3|actions_week_4|forum_posts,,,,,,,,,,,,,,,,,,,,,,,,,,,,,,,,,,,,,,,
,,,,,,,,,temporal_1,logistic,42,none,conformal,1386,,,,,,0.8,0.7770562770562771,0.0229437229437229,1.3369408369408369,0.663059163059163,0.3369408369408369,0.0,0.8581997533908755,0.662608695652174,0.663059163059163,0.3362350380848748,0.3369408369408369,919.0,0.0229437229437229,0.0,811.0,575.0,0.7543949947234129,0.798186017395525,0.832499480885865,0.8805226582194172,0.6229964303594404,0.7000626683806284,0.3064292353168463,0.367404230742806,0.3373913043478261,0.1418002466091245,split_cp,0.2,0.9380711912504736,,,,,,,,,
,,,,,,,,,temporal_1,logistic,42,none,conformal,1386,,,,,,0.8,0.7366522366522367,0.0633477633477633,1.248917748917749,0.7510822510822511,0.2489177489177489,0.0,0.8840937114673243,0.528695652173913,0.7510822510822511,0.3506243996157541,0.2489177489177489,1041.0,0.0633477633477633,0.0,811.0,575.0,0.712833011216055,0.7591632699688708,0.8602291744782944,0.904336733718936,0.4878396664085515,0.5691707627808723,0.3222354828811051,0.3801117035034935,0.4713043478260869,0.1159062885326757,mondrian_cp,0.2,0.9380711912504736,,,,,,,,,
,,,,,,,,,temporal_1,logistic,42,none,conformal,1386,,,,,,0.85,0.8246753246753247,0.0253246753246753,1.4545454545454546,0.5454545454545454,0.4545454545454545,0.0,0.8988902589395807,0.72,0.5454545454545454,0.3214285714285714,0.4545454545454545,756.0,0.0253246753246753,0.0,811.0,575.0,0.8037670828739585,0.8437887907029216,0.8762249282664103,0.917794562269076,0.6819333914605411,0.7551465656583752,0.2891123194140464,0.3555503969122629,0.28,0.1011097410604192,split_cp,0.15,0.9380711912504736,,,,,,,,,
,,,,,,,,,temporal_1,logistic,42,none,conformal,1386,,,,,,0.85,0.8232323232323232,0.0267676767676767,1.4393939393939394,0.5606060606060606,0.4393939393939394,0.0,0.9284833538840938,0.6747826086956522,0.5606060606060606,0.3153153153153153,0.4393939393939394,777.0,0.0267676767676767,0.0,811.0,575.0,0.8022637838659201,0.8424140636061737,0.9086553590750324,0.9442712961369664,0.6354425221674924,0.7118028192589985,0.2836212243147806,0.3488265706147349,0.3252173913043478,0.0715166461159062,mondrian_cp,0.15,0.9380711912504736,,,,,,,,,
,,,,,,,,,temporal_1,logistic,42,none,conformal,1386,,,,,,0.9,0.8773448773448773,0.0226551226551227,1.585858585858586,0.4141414141414141,0.5858585858585859,0.0,0.934648581997534,0.7965217391304348,0.4141414141414141,0.2961672473867596,0.5858585858585859,574.0,0.0226551226551227,0.0,811.0,575.0,0.8590242029913829,0.8935796234101908,0.915506949123644,0.9496920320626276,0.7616985049198264,0.8274092633708869,0.2602716085649381,0.3347730244775469,0.2034782608695652,0.065351418002466,split_cp,0.1,0.9380711912504736,,,,,,,,,
,,,,,,,,,temporal_1,logistic,42,none,conformal,1386,,,,,,0.9,0.8917748917748918,0.0082251082251082,1.6349206349206349,0.365079365079365,0.6349206349206349,0.0,0.932182490752158,0.8347826086956521,0.365079365079365,0.2964426877470356,0.6349206349206349,506.0,0.0082251082251082,0.0,811.0,575.0,0.874323520421276,0.9070605670281592,0.912761548035674,0.9475285027608884,0.8022253626839941,0.8628963111926176,0.2583052047630551,0.3376476224619118,0.1652173913043478,0.0678175092478421,mondrian_cp,0.1,0.9380711912504736,,,,,,,,,
,,,,,,,,,temporal_1,logistic,42,none,conformal,1386,,,,,,0.95,0.9343434343434344,0.0156565656565655,1.7561327561327562,0.2438672438672438,0.7561327561327561,0.0,0.9778051787916152,0.8730434782608696,0.2438672438672438,0.2692307692307692,0.7561327561327561,338.0,0.0156565656565655,0.0,811.0,575.0,0.9200663017987138,0.9462195557419124,0.9651899059462928,0.9859153570598926,0.8433335310326833,0.8978020484298272,0.2247319876255741,0.318916110126587,0.1269565217391304,0.0221948212083847,split_cp,0.05,0.9380711912504736,,,,,,,,,
,,,,,,,,,temporal_1,logistic,42,none,conformal,1386,,,,,,0.95,0.9343434343434344,0.0156565656565655,1.766955266955267,0.233044733044733,0.766955266955267,0.0,0.9469790382244144,0.9165217391304348,0.233044733044733,0.2817337461300309,0.766955266955267,323.0,0.0156565656565655,0.0,811.0,575.0,0.9200663017987138,0.9462195557419124,0.9293428969286956,0.960400736206123,0.8910552132498425,0.9364598043784615,0.2354629084506799,0.3331352721205525,0.0834782608695652,0.0530209617755857,mondrian_cp,0.05,0.9380711912504736,,,,,,,,,
0.6441859218356297,0.5369139315498053,0.585678364405888,0.5861823835307993,0.2289067539180911,0.6499365661069453,0.033104353100477,0.8664358291103136,-0.1193831963934489,temporal_1,logistic,42,platt,probability,1386,1122.0,186.0,187.0,25.0,total_clicks|active_days|active_weeks|num_sessions|night_activity_ratio|weekend_activity_ratio|material_clicks|assessment_clicks|forum_accesses|grade_page_accesses|main_page_accesses|unique_content|total_session_minutes|median_session_minutes|clicks_per_session|sessions_per_active_day|active_day_fraction|zero_activity|days_since_last_activity|days_to_first_activity|actions_week_1|actions_week_2|actions_week_3|actions_week_4|forum_posts,,,,,,,,,,,,,,,,,,,,,,,,,,,,,,,,,,,,,,,
,,,,,,,,,temporal_1,logistic,42,platt,conformal,1386,,,,,,0.8,0.7597402597402597,0.0402597402597403,1.3044733044733046,0.6955266955266955,0.3044733044733044,0.0,0.8606658446362515,0.6173913043478261,0.6955266955266955,0.3454356846473029,0.3044733044733044,964.0,0.0402597402597403,0.0,811.0,575.0,0.7365493910618162,0.7814953077996878,0.8351277868850409,0.8828032826099506,0.5770108903960139,0.6562135926516292,0.3160853728232747,0.3760129586915683,0.3826086956521739,0.1393341553637484,split_cp,0.2,0.9380711912504736,,,,,,,,,
,,,,,,,,,temporal_1,logistic,42,platt,conformal,1386,,,,,,0.8,0.7366522366522367,0.0633477633477633,1.248917748917749,0.7510822510822511,0.2489177489177489,0.0,0.8840937114673243,0.528695652173913,0.7510822510822511,0.3506243996157541,0.2489177489177489,1041.0,0.0633477633477633,0.0,811.0,575.0,0.712833011216055,0.7591632699688708,0.8602291744782944,0.904336733718936,0.4878396664085515,0.5691707627808723,0.3222354828811051,0.3801117035034935,0.4713043478260869,0.1159062885326757,mondrian_cp,0.2,0.9380711912504736,,,,,,,,,
,,,,,,,,,temporal_1,logistic,42,platt,conformal,1386,,,,,,0.85,0.8189033189033189,0.031096681096681,1.4350649350649352,0.564935064935065,0.435064935064935,0.0,0.905055487053021,0.697391304347826,0.564935064935065,0.3205619412515964,0.435064935064935,783.0,0.031096681096681,0.0,811.0,575.0,0.7977568095011208,0.8382869596566146,0.8829282923556996,0.92336352415406,0.6586346596811072,0.7335279895915963,0.2888173721874972,0.3540585885922532,0.3026086956521739,0.094944512946979,split_cp,0.15,0.9380711912504736,,,,,,,,,
,,,,,,,,,temporal_1,logistic,42,platt,conformal,1386,,,,,,0.85,0.8232323232323232,0.0267676767676767,1.4393939393939394,0.5606060606060606,0.4393939393939394,0.0,0.9284833538840938,0.6747826086956522,0.5606060606060606,0.3153153153153153,0.4393939393939394,777.0,0.0267676767676767,0.0,811.0,575.0,0.8022637838659201,0.8424140636061737,0.9086553590750324,0.9442712961369664,0.6354425221674924,0.7118028192589985,0.2836212243147806,0.3488265706147349,0.3252173913043478,0.0715166461159062,mondrian_cp,0.15,0.9380711912504736,,,,,,,,,
,,,,,,,,,temporal_1,logistic,42,platt,conformal,1386,,,,,,0.9,0.8643578643578643,0.0356421356421357,1.5411255411255411,0.4588744588744589,0.5411255411255411,0.0,0.934648581997534,0.7652173913043478,0.4588744588744589,0.2955974842767295,0.5411255411255411,636.0,0.0356421356421357,0.0,811.0,575.0,0.8453211122783412,0.8813804791801575,0.915506949123644,0.9496920320626276,0.7288826886068792,0.7980318842044628,0.2614465977485809,0.3322027408247403,0.2347826086956521,0.065351418002466,split_cp,0.1,0.9380711912504736,,,,,,,,,
,,,,,,,,,temporal_1,logistic,42,platt,conformal,1386,,,,,,0.9,0.8917748917748918,0.0082251082251082,1.6349206349206349,0.365079365079365,0.6349206349206349,0.0,0.932182490752158,0.8347826086956521,0.365079365079365,0.2964426877470356,0.6349206349206349,506.0,0.0082251082251082,0.0,811.0,575.0,0.874323520421276,0.9070605670281592,0.912761548035674,0.9475285027608884,0.8022253626839941,0.8628963111926176,0.2583052047630551,0.3376476224619118,0.1652173913043478,0.0678175092478421,mondrian_cp,0.1,0.9380711912504736,,,,,,,,,
,,,,,,,,,temporal_1,logistic,42,platt,conformal,1386,,,,,,0.95,0.9343434343434344,0.0156565656565655,1.7474747474747474,0.2525252525252525,0.7474747474747475,0.0,0.9802712700369912,0.8695652173913043,0.2525252525252525,0.26,0.7474747474747475,350.0,0.0156565656565655,0.0,811.0,575.0,0.9200663017987138,0.9462195557419124,0.968193843038212,0.9878203503576828,0.8395675041715457,0.8946577202377012,0.2168281707641185,0.3083829207797573,0.1304347826086956,0.0197287299630086,split_cp,0.05,0.9380711912504736,,,,,,,,,
,,,,,,,,,temporal_1,logistic,42,platt,conformal,1386,,,,,,0.95,0.9343434343434344,0.0156565656565655,1.766955266955267,0.233044733044733,0.766955266955267,0.0,0.9469790382244144,0.9165217391304348,0.233044733044733,0.2817337461300309,0.766955266955267,323.0,0.0156565656565655,0.0,811.0,575.0,0.9200663017987138,0.9462195557419124,0.9293428969286956,0.960400736206123,0.8910552132498425,0.9364598043784615,0.2354629084506799,0.3331352721205525,0.0834782608695652,0.0530209617755857,mondrian_cp,0.05,0.9380711912504736,,,,,,,,,
0.6376486356082132,0.518256153169571,0.6024004370302396,0.6020597222966815,0.2429860274377521,2.525622933666205,0.0895688628690913,0.0756973203577278,-0.1394071375671288,temporal_1,logistic,42,isotonic,probability,1386,1122.0,186.0,187.0,25.0,total_clicks|active_days|active_weeks|num_sessions|night_activity_ratio|weekend_activity_ratio|material_clicks|assessment_clicks|forum_accesses|grade_page_accesses|main_page_accesses|unique_content|total_session_minutes|median_session_minutes|clicks_per_session|sessions_per_active_day|active_day_fraction|zero_activity|days_since_last_activity|days_to_first_activity|actions_week_1|actions_week_2|actions_week_3|actions_week_4|forum_posts,,,,,,,,,,,,,,,,,,,,,,,,,,,,,,,,,,,,,,,
,,,,,,,,,temporal_1,logistic,42,isotonic,conformal,1386,,,,,,0.8,0.8513708513708513,0.0513708513708512,1.5274170274170271,0.4725829725829726,0.5274170274170275,0.0,0.8717632552404438,0.8226086956521739,0.4725829725829726,0.3145038167938931,0.5274170274170275,655.0,0.0,0.0513708513708512,811.0,575.0,0.8316729613397756,0.8691263951756477,0.8469867229058313,0.8930345333428521,0.7892747631007225,0.851660668089467,0.2801142403947586,0.3510565113139111,0.177391304347826,0.1282367447595561,split_cp,0.2,0.9380711912504736,,,,,,,,,
,,,,,,,,,temporal_1,logistic,42,isotonic,conformal,1386,,,,,,0.8,0.7388167388167388,0.0611832611832612,1.2525252525252526,0.7474747474747475,0.2525252525252525,0.0,0.8877928483353884,0.528695652173913,0.7474747474747475,0.3494208494208494,0.2525252525252525,1036.0,0.0611832611832612,0.0,811.0,575.0,0.7150528391192373,0.7612604812228677,0.8642167400986951,0.9077125636830992,0.4878396664085515,0.5691707627808723,0.3209924170531978,0.3789618429415463,0.4713043478260869,0.1122071516646115,mondrian_cp,0.2,0.9380711912504736,,,,,,,,,
,,,,,,,,,temporal_1,logistic,42,isotonic,conformal,1386,,,,,,0.8,0.7388167388167388,0.0611832611832612,1.2525252525252526,0.7474747474747475,0.2525252525252525,0.0,0.8877928483353884,0.528695652173913,0.7474747474747475,0.3494208494208494,0.2525252525252525,1036.0,0.0611832611832612,0.0,811.0,575.0,0.7150528391192373,0.7612604812228677,0.8642167400986951,0.9077125636830992,0.4878396664085515,0.5691707627808723,0.3209924170531978,0.3789618429415463,0.4713043478260869,0.1122071516646115,empirical_mondrian,0.2,0.9380711912504736,,,,,,,,,
,,,,,,,,,temporal_1,logistic,42,isotonic,conformal,1386,,,,,,0.8,0.7914862914862915,0.0085137085137085,1.4155844155844155,0.5844155844155844,0.4155844155844156,0.0,0.7694204685573366,0.8226086956521739,0.5844155844155844,0.3567901234567901,0.4155844155844156,810.0,0.0085137085137085,0.0,811.0,575.0,0.7693077473809078,0.8120535257858912,0.7392020789500788,0.7970985661256669,0.7892747631007225,0.851660668089467,0.3245466495307798,0.3903855433607177,0.177391304347826,0.2305795314426633,weighted_cap5,0.2,0.9380711912504736,2.295161801325022e-05,0.0794076528047955,0.4564473388019682,5.0,10.064875444273914,31.982507483786755,5.0,14.347448834884675,18.16482313449129
,,,,,,,,,temporal_1,logistic,42,isotonic,conformal,1386,,,,,,0.8,0.8513708513708513,0.0513708513708512,1.5274170274170271,0.4725829725829726,0.5274170274170275,0.0,0.8717632552404438,0.8226086956521739,0.4725829725829726,0.3145038167938931,0.5274170274170275,655.0,0.0,0.0513708513708512,811.0,575.0,0.8316729613397756,0.8691263951756477,0.8469867229058313,0.8930345333428521,0.7892747631007225,0.851660668089467,0.2801142403947586,0.3510565113139111,0.177391304347826,0.1282367447595561,weighted_cap10,0.2,0.9380711912504736,2.295161801325022e-05,0.0794076528047955,0.5641734212957522,10.0,10.064875444273914,21.146698750246,10.0,10.200884454530966,10.99290269005131
,,,,,,,,,temporal_1,logistic,42,isotonic,conformal,1386,,,,,,0.8,0.8513708513708513,0.0513708513708512,1.5274170274170271,0.4725829725829726,0.5274170274170275,0.0,0.8717632552404438,0.8226086956521739,0.4725829725829726,0.3145038167938931,0.5274170274170275,655.0,0.0,0.0513708513708512,811.0,575.0,0.8316729613397756,0.8691263951756477,0.8469867229058313,0.8930345333428521,0.7892747631007225,0.851660668089467,0.2801142403947586,0.3510565113139111,0.177391304347826,0.1282367447595561,weighted_cap20,0.2,0.9380711912504736,2.295161801325022e-05,0.0794076528047955,0.621890268866527,20.0,10.064875444273914,16.046159009535327,20.0,10.200884454530966,7.034731768544177
,,,,,,,,,temporal_1,logistic,42,isotonic,conformal,1386,,,,,,0.8,0.8513708513708513,0.0513708513708512,1.5274170274170271,0.4725829725829726,0.5274170274170275,0.0,0.8717632552404438,0.8226086956521739,0.4725829725829726,0.3145038167938931,0.5274170274170275,655.0,0.0,0.0513708513708512,811.0,575.0,0.8316729613397756,0.8691263951756477,0.8469867229058313,0.8930345333428521,0.7892747631007225,0.851660668089467,0.2801142403947586,0.3510565113139111,0.177391304347826,0.1282367447595561,weighted_p99,0.2,0.9380711912504736,2.295161801325022e-05,0.0794076528047955,0.5648672763147247,10.064875444273914,10.064875444273914,21.09440636919831,10.064875444273914,10.200884454530966,10.932903972857805
,,,,,,,,,temporal_1,logistic,42,isotonic,conformal,1386,,,,,,0.85,0.8607503607503607,0.0107503607503607,1.5526695526695526,0.4473304473304473,0.5526695526695526,0.0,0.8877928483353884,0.8226086956521739,0.4473304473304473,0.3112903225806451,0.5526695526695526,620.0,0.0,0.0107503607503607,811.0,575.0,0.8415247267079604,0.8779817994885728,0.8642167400986951,0.9077125636830992,0.7892747631007225,0.851660668089467,0.2760998838471163,0.3488048147884117,0.177391304347826,0.1122071516646115,split_cp,0.15,0.9380711912504736,,,,,,,,,
,,,,,,,,,temporal_1,logistic,42,isotonic,conformal,1386,,,,,,0.85,0.9235209235209236,0.0735209235209235,1.6976911976911977,0.3023088023088023,0.6976911976911977,0.0,0.995067817509248,0.8226086956521739,0.3023088023088023,0.2529832935560859,0.6976911976911977,419.0,0.0,0.0735209235209235,811.0,575.0,0.9083293293948864,0.9363713323598436,0.98738742688697,0.9980803488471808,0.7892747631007225,0.851660668089467,0.2137313916572438,0.2967234237780177,0.177391304347826,0.0049321824907521,mondrian_cp,0.15,0.9380711912504736,,,,,,,,,
,,,,,,,,,temporal_1,logistic,42,isotonic,conformal,1386,,,,,,0.85,0.9235209235209236,0.0735209235209235,1.6976911976911977,0.3023088023088023,0.6976911976911977,0.0,0.995067817509248,0.8226086956521739,0.3023088023088023,0.2529832935560859,0.6976911976911977,419.0,0.0,0.0735209235209235,811.0,575.0,0.9083293293948864,0.9363713323598436,0.98738742688697,0.9980803488471808,0.7892747631007225,0.851660668089467,0.2137313916572438,0.2967234237780177,0.177391304347826,0.0049321824907521,empirical_mondrian,0.15,0.9380711912504736,,,,,,,,,
,,,,,,,,,temporal_1,logistic,42,isotonic,conformal,1386,,,,,,0.85,0.8513708513708513,0.0013708513708513,1.5274170274170271,0.4725829725829726,0.5274170274170275,0.0,0.8717632552404438,0.8226086956521739,0.4725829725829726,0.3145038167938931,0.5274170274170275,655.0,0.0,0.0013708513708513,811.0,575.0,0.8316729613397756,0.8691263951756477,0.8469867229058313,0.8930345333428521,0.7892747631007225,0.851660668089467,0.2801142403947586,0.3510565113139111,0.177391304347826,0.1282367447595561,weighted_cap5,0.15,0.9380711912504736,2.295161801325022e-05,0.0794076528047955,0.4564473388019682,5.0,10.064875444273914,31.982507483786755,5.0,14.347448834884675,18.16482313449129
,,,,,,,,,temporal_1,logistic,42,isotonic,conformal,1386,,,,,,0.85,0.8513708513708513,0.0013708513708513,1.5274170274170271,0.4725829725829726,0.5274170274170275,0.0,0.8717632552404438,0.8226086956521739,0.4725829725829726,0.3145038167938931,0.5274170274170275,655.0,0.0,0.0013708513708513,811.0,575.0,0.8316729613397756,0.8691263951756477,0.8469867229058313,0.8930345333428521,0.7892747631007225,0.851660668089467,0.2801142403947586,0.3510565113139111,0.177391304347826,0.1282367447595561,weighted_cap10,0.15,0.9380711912504736,2.295161801325022e-05,0.0794076528047955,0.5641734212957522,10.0,10.064875444273914,21.146698750246,10.0,10.200884454530966,10.99290269005131
,,,,,,,,,temporal_1,logistic,42,isotonic,conformal,1386,,,,,,0.85,0.8513708513708513,0.0013708513708513,1.5274170274170271,0.4725829725829726,0.5274170274170275,0.0,0.8717632552404438,0.8226086956521739,0.4725829725829726,0.3145038167938931,0.5274170274170275,655.0,0.0,0.0013708513708513,811.0,575.0,0.8316729613397756,0.8691263951756477,0.8469867229058313,0.8930345333428521,0.7892747631007225,0.851660668089467,0.2801142403947586,0.3510565113139111,0.177391304347826,0.1282367447595561,weighted_cap20,0.15,0.9380711912504736,2.295161801325022e-05,0.0794076528047955,0.621890268866527,20.0,10.064875444273914,16.046159009535327,20.0,10.200884454530966,7.034731768544177
,,,,,,,,,temporal_1,logistic,42,isotonic,conformal,1386,,,,,,0.85,0.8513708513708513,0.0013708513708513,1.5274170274170271,0.4725829725829726,0.5274170274170275,0.0,0.8717632552404438,0.8226086956521739,0.4725829725829726,0.3145038167938931,0.5274170274170275,655.0,0.0,0.0013708513708513,811.0,575.0,0.8316729613397756,0.8691263951756477,0.8469867229058313,0.8930345333428521,0.7892747631007225,0.851660668089467,0.2801142403947586,0.3510565113139111,0.177391304347826,0.1282367447595561,weighted_p99,0.15,0.9380711912504736,2.295161801325022e-05,0.0794076528047955,0.5648672763147247,10.064875444273914,10.064875444273914,21.09440636919831,10.064875444273914,10.200884454530966,10.932903972857805
,,,,,,,,,temporal_1,logistic,42,isotonic,conformal,1386,,,,,,0.9,0.9235209235209236,0.0235209235209234,1.6976911976911977,0.3023088023088023,0.6976911976911977,0.0,0.995067817509248,0.8226086956521739,0.3023088023088023,0.2529832935560859,0.6976911976911977,419.0,0.0,0.0235209235209234,811.0,575.0,0.9083293293948864,0.9363713323598436,0.98738742688697,0.9980803488471808,0.7892747631007225,0.851660668089467,0.2137313916572438,0.2967234237780177,0.177391304347826,0.0049321824907521,split_cp,0.1,0.9380711912504736,,,,,,,,,
,,,,,,,,,temporal_1,logistic,42,isotonic,conformal,1386,,,,,,0.9,0.9408369408369408,0.0408369408369407,1.7597402597402598,0.2402597402597402,0.7597402597402597,0.0,0.995067817509248,0.8643478260869565,0.2402597402597402,0.2462462462462462,0.7597402597402597,333.0,0.0,0.0408369408369407,811.0,575.0,0.927155178856601,0.9520817961555628,0.98738742688697,0.9980803488471808,0.8339302730221357,0.8899294188072159,0.2030410598101672,0.2952392273264548,0.1356521739130435,0.0049321824907521,mondrian_cp,0.1,0.9380711912504736,,,,,,,,,
,,,,,,,,,temporal_1,logistic,42,isotonic,conformal,1386,,,,,,0.9,0.9235209235209236,0.0235209235209234,1.6976911976911977,0.3023088023088023,0.6976911976911977,0.0,0.995067817509248,0.8226086956521739,0.3023088023088023,0.2529832935560859,0.6976911976911977,419.0,0.0,0.0235209235209234,811.0,575.0,0.9083293293948864,0.9363713323598436,0.98738742688697,0.9980803488471808,0.7892747631007225,0.851660668089467,0.2137313916572438,0.2967234237780177,0.177391304347826,0.0049321824907521,empirical_mondrian,0.1,0.9380711912504736,,,,,,,,,
,,,,,,,,,temporal_1,logistic,42,isotonic,conformal,1386,,,,,,0.9,0.8686868686868687,0.0313131313131312,1.5894660894660897,0.4105339105339105,0.5894660894660895,0.0,0.8717632552404438,0.8643478260869565,0.4105339105339105,0.3198594024604569,0.5894660894660895,569.0,0.0313131313131312,0.0,811.0,575.0,0.8498823711079025,0.8854532986649547,0.8469867229058313,0.8930345333428521,0.8339302730221357,0.8899294188072159,0.2828530346026325,0.3592818059481326,0.1356521739130435,0.1282367447595561,weighted_cap5,0.1,0.9380711912504736,2.295161801325022e-05,0.0794076528047955,0.4564473388019682,5.0,10.064875444273914,31.982507483786755,5.0,14.347448834884675,18.16482313449129
,,,,,,,,,temporal_1,logistic,42,isotonic,conformal,1386,,,,,,0.9,0.8513708513708513,0.0486291486291486,1.5274170274170271,0.4725829725829726,0.5274170274170275,0.0,0.8717632552404438,0.8226086956521739,0.4725829725829726,0.3145038167938931,0.5274170274170275,655.0,0.0486291486291486,0.0,811.0,575.0,0.8316729613397756,0.8691263951756477,0.8469867229058313,0.8930345333428521,0.7892747631007225,0.851660668089467,0.2801142403947586,0.3510565113139111,0.177391304347826,0.1282367447595561,weighted_cap10,0.1,0.9380711912504736,2.295161801325022e-05,0.0794076528047955,0.5641734212957522,10.0,10.064875444273914,21.146698750246,10.0,10.200884454530966,10.99290269005131
,,,,,,,,,temporal_1,logistic,42,isotonic,conformal,1386,,,,,,0.9,0.8513708513708513,0.0486291486291486,1.5274170274170271,0.4725829725829726,0.5274170274170275,0.0,0.8717632552404438,0.8226086956521739,0.4725829725829726,0.3145038167938931,0.5274170274170275,655.0,0.0486291486291486,0.0,811.0,575.0,0.8316729613397756,0.8691263951756477,0.8469867229058313,0.8930345333428521,0.7892747631007225,0.851660668089467,0.2801142403947586,0.3510565113139111,0.177391304347826,0.1282367447595561,weighted_cap20,0.1,0.9380711912504736,2.295161801325022e-05,0.0794076528047955,0.621890268866527,20.0,10.064875444273914,16.046159009535327,20.0,10.200884454530966,7.034731768544177
,,,,,,,,,temporal_1,logistic,42,isotonic,conformal,1386,,,,,,0.9,0.8513708513708513,0.0486291486291486,1.5274170274170271,0.4725829725829726,0.5274170274170275,0.0,0.8717632552404438,0.8226086956521739,0.4725829725829726,0.3145038167938931,0.5274170274170275,655.0,0.0486291486291486,0.0,811.0,575.0,0.8316729613397756,0.8691263951756477,0.8469867229058313,0.8930345333428521,0.7892747631007225,0.851660668089467,0.2801142403947586,0.3510565113139111,0.177391304347826,0.1282367447595561,weighted_p99,0.1,0.9380711912504736,2.295161801325022e-05,0.0794076528047955,0.5648672763147247,10.064875444273914,10.064875444273914,21.09440636919831,10.064875444273914,10.200884454530966,10.932903972857805
,,,,,,,,,temporal_1,logistic,42,isotonic,conformal,1386,,,,,,0.95,0.9422799422799424,0.0077200577200576,1.7626262626262623,0.2373737373737373,0.7626262626262627,0.0,0.997533908754624,0.8643478260869565,0.2373737373737373,0.243161094224924,0.7626262626262627,329.0,0.0077200577200576,0.0,811.0,575.0,0.9287359104560406,0.9533790906609092,0.9910532580052804,0.9993234481185794,0.8339302730221357,0.8899294188072159,0.1999431751949489,0.2923075780652017,0.1356521739130435,0.002466091245376,split_cp,0.05,0.9380711912504736,,,,,,,,,
,,,,,,,,,temporal_1,logistic,42,isotonic,conformal,1386,,,,,,0.95,0.9971139971139972,0.0471139971139971,1.987734487734488,0.0122655122655122,0.9877344877344876,0.0,0.995067817509248,1.0,0.0122655122655122,0.2352941176470588,0.9877344877344876,17.0,0.0,0.0471139971139971,811.0,575.0,0.9926028580834492,0.998877135015374,0.98738742688697,0.9980803488471808,0.9933635389066282,1.0,0.0955504432208011,0.4726179811956498,0.0,0.0049321824907521,mondrian_cp,0.05,0.9380711912504736,,,,,,,,,
,,,,,,,,,temporal_1,logistic,42,isotonic,conformal,1386,,,,,,0.95,0.9971139971139972,0.0471139971139971,1.987734487734488,0.0122655122655122,0.9877344877344876,0.0,0.995067817509248,1.0,0.0122655122655122,0.2352941176470588,0.9877344877344876,17.0,0.0,0.0471139971139971,811.0,575.0,0.9926028580834492,0.998877135015374,0.98738742688697,0.9980803488471808,0.9933635389066282,1.0,0.0955504432208011,0.4726179811956498,0.0,0.0049321824907521,empirical_mondrian,0.05,0.9380711912504736,,,,,,,,,
,,,,,,,,,temporal_1,logistic,42,isotonic,conformal,1386,,,,,,0.95,0.8686868686868687,0.0813131313131312,1.5894660894660897,0.4105339105339105,0.5894660894660895,0.0,0.8717632552404438,0.8643478260869565,0.4105339105339105,0.3198594024604569,0.5894660894660895,569.0,0.0813131313131312,0.0,811.0,575.0,0.8498823711079025,0.8854532986649547,0.8469867229058313,0.8930345333428521,0.8339302730221357,0.8899294188072159,0.2828530346026325,0.3592818059481326,0.1356521739130435,0.1282367447595561,weighted_cap5,0.05,0.9380711912504736,2.295161801325022e-05,0.0794076528047955,0.4564473388019682,5.0,10.064875444273914,31.982507483786755,5.0,14.347448834884675,18.16482313449129
,,,,,,,,,temporal_1,logistic,42,isotonic,conformal,1386,,,,,,0.95,0.8686868686868687,0.0813131313131312,1.5894660894660897,0.4105339105339105,0.5894660894660895,0.0,0.8717632552404438,0.8643478260869565,0.4105339105339105,0.3198594024604569,0.5894660894660895,569.0,0.0813131313131312,0.0,811.0,575.0,0.8498823711079025,0.8854532986649547,0.8469867229058313,0.8930345333428521,0.8339302730221357,0.8899294188072159,0.2828530346026325,0.3592818059481326,0.1356521739130435,0.1282367447595561,weighted_cap10,0.05,0.9380711912504736,2.295161801325022e-05,0.0794076528047955,0.5641734212957522,10.0,10.064875444273914,21.146698750246,10.0,10.200884454530966,10.99290269005131
,,,,,,,,,temporal_1,logistic,42,isotonic,conformal,1386,,,,,,0.95,0.8686868686868687,0.0813131313131312,1.5894660894660897,0.4105339105339105,0.5894660894660895,0.0,0.8717632552404438,0.8643478260869565,0.4105339105339105,0.3198594024604569,0.5894660894660895,569.0,0.0813131313131312,0.0,811.0,575.0,0.8498823711079025,0.8854532986649547,0.8469867229058313,0.8930345333428521,0.8339302730221357,0.8899294188072159,0.2828530346026325,0.3592818059481326,0.1356521739130435,0.1282367447595561,weighted_cap20,0.05,0.9380711912504736,2.295161801325022e-05,0.0794076528047955,0.621890268866527,20.0,10.064875444273914,16.046159009535327,20.0,10.200884454530966,7.034731768544177
,,,,,,,,,temporal_1,logistic,42,isotonic,conformal,1386,,,,,,0.95,0.8686868686868687,0.0813131313131312,1.5894660894660897,0.4105339105339105,0.5894660894660895,0.0,0.8717632552404438,0.8643478260869565,0.4105339105339105,0.3198594024604569,0.5894660894660895,569.0,0.0813131313131312,0.0,811.0,575.0,0.8498823711079025,0.8854532986649547,0.8469867229058313,0.8930345333428521,0.8339302730221357,0.8899294188072159,0.2828530346026325,0.3592818059481326,0.1356521739130435,0.1282367447595561,weighted_p99,0.05,0.9380711912504736,2.295161801325022e-05,0.0794076528047955,0.5648672763147247,10.064875444273914,10.064875444273914,21.09440636919831,10.064875444273914,10.200884454530966,10.932903972857805
0.578189031255026,0.4810578338456833,0.5350898981600015,0.5359631158526779,0.2539956297506867,0.7051759454174085,0.0970427193285435,0.3774022646049581,-0.3294453617465469,temporal_1,catboost,42,none,probability,1386,1122.0,186.0,187.0,25.0,total_clicks|active_days|active_weeks|num_sessions|night_activity_ratio|weekend_activity_ratio|material_clicks|assessment_clicks|forum_accesses|grade_page_accesses|main_page_accesses|unique_content|total_session_minutes|median_session_minutes|clicks_per_session|sessions_per_active_day|active_day_fraction|zero_activity|days_since_last_activity|days_to_first_activity|actions_week_1|actions_week_2|actions_week_3|actions_week_4|forum_posts,,,,,,,,,,,,,,,,,,,,,,,,,,,,,,,,,,,,,,,
,,,,,,,,,temporal_1,catboost,42,none,conformal,1386,,,,,,0.8,0.7857142857142857,0.0142857142857143,1.468253968253968,0.5317460317460317,0.4682539682539682,0.0,0.7891491985203453,0.7808695652173913,0.5317460317460317,0.4029850746268656,0.4682539682539682,737.0,0.0142857142857143,0.0,811.0,575.0,0.7633379369571582,0.8065112317904961,0.7597451087960323,0.8158269793973882,0.7452557044058334,0.8127554661451941,0.3681643915134659,0.4388118538121749,0.2191304347826086,0.2108508014796547,split_cp,0.2,0.9380711912504736,,,,,,,,,
,,,,,,,,,temporal_1,catboost,42,none,conformal,1386,,,,,,0.8,0.7914862914862915,0.0085137085137085,1.468975468975469,0.5310245310245311,0.468975468975469,0.0,0.8347718865598027,0.7304347826086957,0.5310245310245311,0.3926630434782608,0.468975468975469,736.0,0.0085137085137085,0.0,811.0,575.0,0.7693077473809078,0.8120535257858912,0.8076450193475749,0.8587422810554685,0.6927246238370449,0.7650863984416619,0.3580272202740928,0.4284135122419631,0.2695652173913043,0.1652281134401972,mondrian_cp,0.2,0.9380711912504736,,,,,,,,,
,,,,,,,,,temporal_1,catboost,42,none,conformal,1386,,,,,,0.85,0.8347763347763347,0.0152236652236652,1.5793650793650793,0.4206349206349206,0.5793650793650794,0.0,0.8360049321824907,0.8330434782608696,0.4206349206349206,0.3927958833619211,0.5793650793650794,583.0,0.0152236652236652,0.0,811.0,575.0,0.814304312163146,0.8533977441472368,0.8089483156262729,0.8598934499716251,0.8003718352921745,0.8612946610578056,0.3539785449060675,0.4330167361512769,0.1669565217391304,0.1639950678175092,split_cp,0.15,0.9380711912504736,,,,,,,,,
,,,,,,,,,temporal_1,catboost,42,none,conformal,1386,,,,,,0.85,0.8405483405483406,0.0094516594516593,1.572871572871573,0.4271284271284271,0.5728715728715729,0.0,0.8655980271270037,0.8052173913043478,0.4271284271284271,0.3733108108108108,0.5728715728715729,592.0,0.0094516594516593,0.0,811.0,575.0,0.8203371543116349,0.8588770064178928,0.8403919040665113,0.8873570262078989,0.7708656617663531,0.8355179941575189,0.3352821420982551,0.412973039243298,0.1947826086956521,0.1344019728729963,mondrian_cp,0.15,0.9380711912504736,,,,,,,,,
,,,,,,,,,temporal_1,catboost,42,none,conformal,1386,,,,,,0.9,0.9184704184704184,0.0184704184704184,1.7756132756132756,0.2243867243867243,0.7756132756132756,0.0,0.9149198520345252,0.9234782608695652,0.2243867243867243,0.3633440514469453,0.7756132756132756,311.0,0.0,0.0184704184704184,811.0,575.0,0.9028808484785036,0.9317467219094752,0.893707615127298,0.9322199229412992,0.8988304746042897,0.9425052531305412,0.311858477821578,0.4181643713978811,0.0765217391304347,0.0850801479654747,split_cp,0.1,0.9380711912504736,,,,,,,,,
,,,,,,,,,temporal_1,catboost,42,none,conformal,1386,,,,,,0.9,0.9191919191919192,0.0191919191919192,1.7763347763347763,0.2236652236652236,0.7763347763347763,0.0,0.9210850801479656,0.9165217391304348,0.2236652236652236,0.3612903225806451,0.7763347763347763,310.0,0.0,0.0191919191919192,811.0,575.0,0.9036581806940036,0.9324084027463684,0.9004823213603882,0.9377175426824824,0.8910552132498425,0.9364598043784615,0.3098147568028864,0.416161536057981,0.0834782608695652,0.0789149198520345,mondrian_cp,0.1,0.9380711912504736,,,,,,,,,
,,,,,,,,,temporal_1,catboost,42,none,conformal,1386,,,,,,0.95,0.961038961038961,0.011038961038961,1.8867243867243868,0.1132756132756132,0.8867243867243867,0.0,0.9531442663378544,0.9721739130434782,0.1132756132756132,0.3439490445859872,0.8867243867243867,157.0,0.0,0.011038961038961,811.0,575.0,0.9495121201306294,0.9700172203485402,0.9363414023901708,0.9656745567189212,0.955279992678206,0.9828007058023142,0.2741699003546046,0.4211822783729885,0.0278260869565217,0.0468557336621455,split_cp,0.05,0.9380711912504736,,,,,,,,,
,,,,,,,,,temporal_1,catboost,42,none,conformal,1386,,,,,,0.95,0.9747474747474748,0.0247474747474747,1.9126984126984128,0.0873015873015873,0.9126984126984128,0.0,0.9741060419235512,0.9756521739130436,0.0873015873015873,0.2892561983471074,0.9126984126984128,121.0,0.0,0.0247474747474747,811.0,575.0,0.9650832820855616,0.9817873063890764,0.9607395244416717,0.9830023429799498,0.9595489589898772,0.9854420945439064,0.2159405011809105,0.375541363243233,0.0243478260869565,0.0258939580764488,mondrian_cp,0.05,0.9380711912504736,,,,,,,,,
0.578189031255026,0.4810578338456833,0.527155659130769,0.5273457352704659,0.2438731114840892,0.6807129218896611,0.077799123269257,1.160884600041548,-0.3163677326505247,temporal_1,catboost,42,platt,probability,1386,1122.0,186.0,187.0,25.0,total_clicks|active_days|active_weeks|num_sessions|night_activity_ratio|weekend_activity_ratio|material_clicks|assessment_clicks|forum_accesses|grade_page_accesses|main_page_accesses|unique_content|total_session_minutes|median_session_minutes|clicks_per_session|sessions_per_active_day|active_day_fraction|zero_activity|days_since_last_activity|days_to_first_activity|actions_week_1|actions_week_2|actions_week_3|actions_week_4|forum_posts,,,,,,,,,,,,,,,,,,,,,,,,,,,,,,,,,,,,,,,
,,,,,,,,,temporal_1,catboost,42,platt,conformal,1386,,,,,,0.8,0.7886002886002886,0.0113997113997114,1.474025974025974,0.525974025974026,0.474025974025974,0.0,0.8064118372379778,0.7634782608695653,0.525974025974026,0.401920438957476,0.474025974025974,729.0,0.0113997113997114,0.0,811.0,575.0,0.7663220418836865,0.8092831790735402,0.7778001439988381,0.8321344569225478,0.7270675518839531,0.7963918434007571,0.3669337584473675,0.4379353598608146,0.2365217391304347,0.1935881627620222,split_cp,0.2,0.9380711912504736,,,,,,,,,
,,,,,,,,,temporal_1,catboost,42,platt,conformal,1386,,,,,,0.8,0.7914862914862915,0.0085137085137085,1.468975468975469,0.5310245310245311,0.468975468975469,0.0,0.8347718865598027,0.7304347826086957,0.5310245310245311,0.3926630434782608,0.468975468975469,736.0,0.0085137085137085,0.0,811.0,575.0,0.7693077473809078,0.8120535257858912,0.8076450193475749,0.8587422810554685,0.6927246238370449,0.7650863984416619,0.3580272202740928,0.4284135122419631,0.2695652173913043,0.1652281134401972,mondrian_cp,0.2,0.9380711912504736,,,,,,,,,
,,,,,,,,,temporal_1,catboost,42,platt,conformal,1386,,,,,,0.85,0.8282828282828283,0.0217171717171716,1.5606060606060606,0.4393939393939394,0.5606060606060606,0.0,0.8397040690505548,0.8121739130434783,0.4393939393939394,0.3908045977011494,0.5606060606060606,609.0,0.0217171717171716,0.0,811.0,575.0,0.8075275063233794,0.8472234325154658,0.8128612753412408,0.8633438858412212,0.7782169627877088,0.8419874032426905,0.3528523381281124,0.4301257909039294,0.1878260869565217,0.1602959309494451,split_cp,0.15,0.9380711912504736,,,,,,,,,
,,,,,,,,,temporal_1,catboost,42,platt,conformal,1386,,,,,,0.85,0.8405483405483406,0.0094516594516593,1.572871572871573,0.4271284271284271,0.5728715728715729,0.0,0.8655980271270037,0.8052173913043478,0.4271284271284271,0.3733108108108108,0.5728715728715729,592.0,0.0094516594516593,0.0,811.0,575.0,0.8203371543116349,0.8588770064178928,0.8403919040665113,0.8873570262078989,0.7708656617663531,0.8355179941575189,0.3352821420982551,0.412973039243298,0.1947826086956521,0.1344019728729963,mondrian_cp,0.15,0.9380711912504736,,,,,,,,,
,,,,,,,,,temporal_1,catboost,42,platt,conformal,1386,,,,,,0.9,0.9191919191919192,0.0191919191919192,1.774891774891775,0.2251082251082251,0.7748917748917749,0.0,0.9210850801479656,0.9165217391304348,0.2251082251082251,0.358974358974359,0.7748917748917749,312.0,0.0,0.0191919191919192,811.0,575.0,0.9036581806940036,0.9324084027463684,0.9004823213603882,0.9377175426824824,0.8910552132498425,0.9364598043784615,0.3077584800222522,0.4136207197554491,0.0834782608695652,0.0789149198520345,split_cp,0.1,0.9380711912504736,,,,,,,,,
,,,,,,,,,temporal_1,catboost,42,platt,conformal,1386,,,,,,0.9,0.9191919191919192,0.0191919191919192,1.7763347763347763,0.2236652236652236,0.7763347763347763,0.0,0.9210850801479656,0.9165217391304348,0.2236652236652236,0.3612903225806451,0.7763347763347763,310.0,0.0,0.0191919191919192,811.0,575.0,0.9036581806940036,0.9324084027463684,0.9004823213603882,0.9377175426824824,0.8910552132498425,0.9364598043784615,0.3098147568028864,0.416161536057981,0.0834782608695652,0.0789149198520345,mondrian_cp,0.1,0.9380711912504736,,,,,,,,,
,,,,,,,,,temporal_1,catboost,42,platt,conformal,1386,,,,,,0.95,0.9689754689754688,0.0189754689754689,1.8997113997114,0.1002886002886002,0.8997113997113997,0.0,0.966707768187423,0.9721739130434782,0.1002886002886002,0.3093525179856115,0.8997113997113997,139.0,0.0,0.0189754689754689,811.0,575.0,0.9584721666780774,0.976886317377416,0.9519948476649877,0.9770202285875058,0.955279992678206,0.9828007058023142,0.2385052482791968,0.3904540158058207,0.0278260869565217,0.033292231812577,split_cp,0.05,0.9380711912504736,,,,,,,,,
,,,,,,,,,temporal_1,catboost,42,platt,conformal,1386,,,,,,0.95,0.9747474747474748,0.0247474747474747,1.9126984126984128,0.0873015873015873,0.9126984126984128,0.0,0.9741060419235512,0.9756521739130436,0.0873015873015873,0.2892561983471074,0.9126984126984128,121.0,0.0,0.0247474747474747,811.0,575.0,0.9650832820855616,0.9817873063890764,0.9607395244416717,0.9830023429799498,0.9595489589898772,0.9854420945439064,0.2159405011809105,0.375541363243233,0.0243478260869565,0.0258939580764488,mondrian_cp,0.05,0.9380711912504736,,,,,,,,,
0.5684340320591862,0.4667884318994547,0.5412736924676651,0.5518265158419557,0.2457101427252711,0.7568917001065445,0.0789797031181643,0.1533857024031644,-0.3414372710670014,temporal_1,catboost,42,isotonic,probability,1386,1122.0,186.0,187.0,25.0,total_clicks|active_days|active_weeks|num_sessions|night_activity_ratio|weekend_activity_ratio|material_clicks|assessment_clicks|forum_accesses|grade_page_accesses|main_page_accesses|unique_content|total_session_minutes|median_session_minutes|clicks_per_session|sessions_per_active_day|active_day_fraction|zero_activity|days_since_last_activity|days_to_first_activity|actions_week_1|actions_week_2|actions_week_3|actions_week_4|forum_posts,,,,,,,,,,,,,,,,,,,,,,,,,,,,,,,,,,,,,,,
,,,,,,,,,temporal_1,catboost,42,isotonic,conformal,1386,,,,,,0.8,0.8037518037518038,0.0037518037518037,1.4877344877344878,0.5122655122655123,0.4877344877344877,0.0,0.8655980271270037,0.7165217391304348,0.5122655122655123,0.3830985915492957,0.4877344877344877,710.0,0.0,0.0037518037518037,811.0,575.0,0.7820154341246266,0.8238090609328546,0.8403919040665113,0.8873570262078989,0.6783417509617943,0.7518278511038586,0.348059751826871,0.4193956152594826,0.2834782608695652,0.1344019728729963,split_cp,0.2,0.9380711912504736,,,,,,,,,
,,,,,,,,,temporal_1,catboost,42,isotonic,conformal,1386,,,,,,0.8,0.91991341991342,0.1199134199134198,1.8369408369408369,0.163059163059163,0.836940836940837,0.0,0.8655980271270037,0.9965217391304348,0.163059163059163,0.4911504424778761,0.836940836940837,226.0,0.0,0.1199134199134198,811.0,575.0,0.904435846681058,0.933069749811707,0.8403919040665113,0.8873570262078989,0.987407567254162,0.9990456165992028,0.4266679243730787,0.5559287750190857,0.0034782608695652,0.1344019728729963,mondrian_cp,0.2,0.9380711912504736,,,,,,,,,
,,,,,,,,,temporal_1,catboost,42,isotonic,conformal,1386,,,,,,0.8,0.91991341991342,0.1199134199134198,1.8369408369408369,0.163059163059163,0.836940836940837,0.0,0.8655980271270037,0.9965217391304348,0.163059163059163,0.4911504424778761,0.836940836940837,226.0,0.0,0.1199134199134198,811.0,575.0,0.904435846681058,0.933069749811707,0.8403919040665113,0.8873570262078989,0.987407567254162,0.9990456165992028,0.4266679243730787,0.5559287750190857,0.0034782608695652,0.1344019728729963,empirical_mondrian,0.2,0.9380711912504736,,,,,,,,,
,,,,,,,,,temporal_1,catboost,42,isotonic,conformal,1386,,,,,,0.8,0.8867243867243867,0.0867243867243866,1.7813852813852813,0.2186147186147186,0.7813852813852814,0.0,0.8088779284833539,0.9965217391304348,0.2186147186147186,0.5181518151815182,0.7813852813852814,303.0,0.0,0.0867243867243866,811.0,575.0,0.8689592147576056,0.902351781325078,0.7803859611733156,0.8344575701377798,0.987407567254162,0.9990456165992028,0.4620160088661686,0.5738331232630982,0.0034782608695652,0.1911220715166461,weighted_cap5,0.2,0.9380711912504736,2.295161801325022e-05,0.0794076528047955,0.4564473388019682,5.0,10.064875444273914,31.982507483786755,5.0,14.347448834884675,18.16482313449129
,,,,,,,,,temporal_1,catboost,42,isotonic,conformal,1386,,,,,,0.8,0.8867243867243867,0.0867243867243866,1.7813852813852813,0.2186147186147186,0.7813852813852814,0.0,0.8088779284833539,0.9965217391304348,0.2186147186147186,0.5181518151815182,0.7813852813852814,303.0,0.0,0.0867243867243866,811.0,575.0,0.8689592147576056,0.902351781325078,0.7803859611733156,0.8344575701377798,0.987407567254162,0.9990456165992028,0.4620160088661686,0.5738331232630982,0.0034782608695652,0.1911220715166461,weighted_cap10,0.2,0.9380711912504736,2.295161801325022e-05,0.0794076528047955,0.5641734212957522,10.0,10.064875444273914,21.146698750246,10.0,10.200884454530966,10.99290269005131
,,,,,,,,,temporal_1,catboost,42,isotonic,conformal,1386,,,,,,0.8,0.8867243867243867,0.0867243867243866,1.7813852813852813,0.2186147186147186,0.7813852813852814,0.0,0.8088779284833539,0.9965217391304348,0.2186147186147186,0.5181518151815182,0.7813852813852814,303.0,0.0,0.0867243867243866,811.0,575.0,0.8689592147576056,0.902351781325078,0.7803859611733156,0.8344575701377798,0.987407567254162,0.9990456165992028,0.4620160088661686,0.5738331232630982,0.0034782608695652,0.1911220715166461,weighted_cap20,0.2,0.9380711912504736,2.295161801325022e-05,0.0794076528047955,0.621890268866527,20.0,10.064875444273914,16.046159009535327,20.0,10.200884454530966,7.034731768544177
,,,,,,,,,temporal_1,catboost,42,isotonic,conformal,1386,,,,,,0.8,0.8867243867243867,0.0867243867243866,1.7813852813852813,0.2186147186147186,0.7813852813852814,0.0,0.8088779284833539,0.9965217391304348,0.2186147186147186,0.5181518151815182,0.7813852813852814,303.0,0.0,0.0867243867243866,811.0,575.0,0.8689592147576056,0.902351781325078,0.7803859611733156,0.8344575701377798,0.987407567254162,0.9990456165992028,0.4620160088661686,0.5738331232630982,0.0034782608695652,0.1911220715166461,weighted_p99,0.2,0.9380711912504736,2.295161801325022e-05,0.0794076528047955,0.5648672763147247,10.064875444273914,10.064875444273914,21.09440636919831,10.064875444273914,10.200884454530966,10.932903972857805
,,,,,,,,,temporal_1,catboost,42,isotonic,conformal,1386,,,,,,0.85,0.8766233766233766,0.0266233766233766,1.6284271284271283,0.3715728715728715,0.6284271284271284,0.0,0.9852034525277436,0.7234782608695652,0.3715728715728715,0.3320388349514563,0.6284271284271284,515.0,0.0,0.0266233766233766,811.0,575.0,0.8582613595278348,0.8929034538213461,0.9743162325655956,0.9915158216097176,0.685527729587318,0.758462582584862,0.2927404019220916,0.3738244088522399,0.2765217391304347,0.0147965474722564,split_cp,0.15,0.9380711912504736,,,,,,,,,
,,,,,,,,,temporal_1,catboost,42,isotonic,conformal,1386,,,,,,0.85,0.91991341991342,0.0699134199134199,1.8369408369408369,0.163059163059163,0.836940836940837,0.0,0.8655980271270037,0.9965217391304348,0.163059163059163,0.4911504424778761,0.836940836940837,226.0,0.0,0.0699134199134199,811.0,575.0,0.904435846681058,0.933069749811707,0.8403919040665113,0.8873570262078989,0.987407567254162,0.9990456165992028,0.4266679243730787,0.5559287750190857,0.0034782608695652,0.1344019728729963,mondrian_cp,0.15,0.9380711912504736,,,,,,,,,
,,,,,,,,,temporal_1,catboost,42,isotonic,conformal,1386,,,,,,0.85,0.91991341991342,0.0699134199134199,1.8369408369408369,0.163059163059163,0.836940836940837,0.0,0.8655980271270037,0.9965217391304348,0.163059163059163,0.4911504424778761,0.836940836940837,226.0,0.0,0.0699134199134199,811.0,575.0,0.904435846681058,0.933069749811707,0.8403919040665113,0.8873570262078989,0.987407567254162,0.9990456165992028,0.4266679243730787,0.5559287750190857,0.0034782608695652,0.1344019728729963,empirical_mondrian,0.15,0.9380711912504736,,,,,,,,,
,,,,,,,,,temporal_1,catboost,42,isotonic,conformal,1386,,,,,,0.85,0.8867243867243867,0.0367243867243867,1.7813852813852813,0.2186147186147186,0.7813852813852814,0.0,0.8088779284833539,0.9965217391304348,0.2186147186147186,0.5181518151815182,0.7813852813852814,303.0,0.0,0.0367243867243867,811.0,575.0,0.8689592147576056,0.902351781325078,0.7803859611733156,0.8344575701377798,0.987407567254162,0.9990456165992028,0.4620160088661686,0.5738331232630982,0.0034782608695652,0.1911220715166461,weighted_cap5,0.15,0.9380711912504736,2.295161801325022e-05,0.0794076528047955,0.4564473388019682,5.0,10.064875444273914,31.982507483786755,5.0,14.347448834884675,18.16482313449129
,,,,,,,,,temporal_1,catboost,42,isotonic,conformal,1386,,,,,,0.85,0.8867243867243867,0.0367243867243867,1.7813852813852813,0.2186147186147186,0.7813852813852814,0.0,0.8088779284833539,0.9965217391304348,0.2186147186147186,0.5181518151815182,0.7813852813852814,303.0,0.0,0.0367243867243867,811.0,575.0,0.8689592147576056,0.902351781325078,0.7803859611733156,0.8344575701377798,0.987407567254162,0.9990456165992028,0.4620160088661686,0.5738331232630982,0.0034782608695652,0.1911220715166461,weighted_cap10,0.15,0.9380711912504736,2.295161801325022e-05,0.0794076528047955,0.5641734212957522,10.0,10.064875444273914,21.146698750246,10.0,10.200884454530966,10.99290269005131
,,,,,,,,,temporal_1,catboost,42,isotonic,conformal,1386,,,,,,0.85,0.8867243867243867,0.0367243867243867,1.7813852813852813,0.2186147186147186,0.7813852813852814,0.0,0.8088779284833539,0.9965217391304348,0.2186147186147186,0.5181518151815182,0.7813852813852814,303.0,0.0,0.0367243867243867,811.0,575.0,0.8689592147576056,0.902351781325078,0.7803859611733156,0.8344575701377798,0.987407567254162,0.9990456165992028,0.4620160088661686,0.5738331232630982,0.0034782608695652,0.1911220715166461,weighted_cap20,0.15,0.9380711912504736,2.295161801325022e-05,0.0794076528047955,0.621890268866527,20.0,10.064875444273914,16.046159009535327,20.0,10.200884454530966,7.034731768544177
,,,,,,,,,temporal_1,catboost,42,isotonic,conformal,1386,,,,,,0.85,0.8867243867243867,0.0367243867243867,1.7813852813852813,0.2186147186147186,0.7813852813852814,0.0,0.8088779284833539,0.9965217391304348,0.2186147186147186,0.5181518151815182,0.7813852813852814,303.0,0.0,0.0367243867243867,811.0,575.0,0.8689592147576056,0.902351781325078,0.7803859611733156,0.8344575701377798,0.987407567254162,0.9990456165992028,0.4620160088661686,0.5738331232630982,0.0034782608695652,0.1911220715166461,weighted_p99,0.15,0.9380711912504736,2.295161801325022e-05,0.0794076528047955,0.5648672763147247,10.064875444273914,10.064875444273914,21.09440636919831,10.064875444273914,10.200884454530966,10.932903972857805
,,,,,,,,,temporal_1,catboost,42,isotonic,conformal,1386,,,,,,0.9,0.98989898989899,0.0898989898989899,1.971861471861472,0.0281385281385281,0.971861471861472,0.0,0.9852034525277436,0.9965217391304348,0.0281385281385281,0.358974358974359,0.971861471861472,39.0,0.0,0.0898989898989899,811.0,575.0,0.983116284903183,0.9939735776717096,0.9743162325655956,0.9915158216097176,0.987407567254162,0.9990456165992028,0.2274208545899286,0.5158185144045146,0.0034782608695652,0.0147965474722564,split_cp,0.1,0.9380711912504736,,,,,,,,,
,,,,,,,,,temporal_1,catboost,42,isotonic,conformal,1386,,,,,,0.9,0.98989898989899,0.0898989898989899,1.971861471861472,0.0281385281385281,0.971861471861472,0.0,0.9852034525277436,0.9965217391304348,0.0281385281385281,0.358974358974359,0.971861471861472,39.0,0.0,0.0898989898989899,811.0,575.0,0.983116284903183,0.9939735776717096,0.9743162325655956,0.9915158216097176,0.987407567254162,0.9990456165992028,0.2274208545899286,0.5158185144045146,0.0034782608695652,0.0147965474722564,mondrian_cp,0.1,0.9380711912504736,,,,,,,,,
,,,,,,,,,temporal_1,catboost,42,isotonic,conformal,1386,,,,,,0.9,0.98989898989899,0.0898989898989899,1.971861471861472,0.0281385281385281,0.971861471861472,0.0,0.9852034525277436,0.9965217391304348,0.0281385281385281,0.358974358974359,0.971861471861472,39.0,0.0,0.0898989898989899,811.0,575.0,0.983116284903183,0.9939735776717096,0.9743162325655956,0.9915158216097176,0.987407567254162,0.9990456165992028,0.2274208545899286,0.5158185144045146,0.0034782608695652,0.0147965474722564,empirical_mondrian,0.1,0.9380711912504736,,,,,,,,,
,,,,,,,,,temporal_1,catboost,42,isotonic,conformal,1386,,,,,,0.9,0.8867243867243867,0.0132756132756133,1.7813852813852813,0.2186147186147186,0.7813852813852814,0.0,0.8088779284833539,0.9965217391304348,0.2186147186147186,0.5181518151815182,0.7813852813852814,303.0,0.0132756132756133,0.0,811.0,575.0,0.8689592147576056,0.902351781325078,0.7803859611733156,0.8344575701377798,0.987407567254162,0.9990456165992028,0.4620160088661686,0.5738331232630982,0.0034782608695652,0.1911220715166461,weighted_cap5,0.1,0.9380711912504736,2.295161801325022e-05,0.0794076528047955,0.4564473388019682,5.0,10.064875444273914,31.982507483786755,5.0,14.347448834884675,18.16482313449129
,,,,,,,,,temporal_1,catboost,42,isotonic,conformal,1386,,,,,,0.9,0.8867243867243867,0.0132756132756133,1.7813852813852813,0.2186147186147186,0.7813852813852814,0.0,0.8088779284833539,0.9965217391304348,0.2186147186147186,0.5181518151815182,0.7813852813852814,303.0,0.0132756132756133,0.0,811.0,575.0,0.8689592147576056,0.902351781325078,0.7803859611733156,0.8344575701377798,0.987407567254162,0.9990456165992028,0.4620160088661686,0.5738331232630982,0.0034782608695652,0.1911220715166461,weighted_cap10,0.1,0.9380711912504736,2.295161801325022e-05,0.0794076528047955,0.5641734212957522,10.0,10.064875444273914,21.146698750246,10.0,10.200884454530966,10.99290269005131
,,,,,,,,,temporal_1,catboost,42,isotonic,conformal,1386,,,,,,0.9,0.8867243867243867,0.0132756132756133,1.7813852813852813,0.2186147186147186,0.7813852813852814,0.0,0.8088779284833539,0.9965217391304348,0.2186147186147186,0.5181518151815182,0.7813852813852814,303.0,0.0132756132756133,0.0,811.0,575.0,0.8689592147576056,0.902351781325078,0.7803859611733156,0.8344575701377798,0.987407567254162,0.9990456165992028,0.4620160088661686,0.5738331232630982,0.0034782608695652,0.1911220715166461,weighted_cap20,0.1,0.9380711912504736,2.295161801325022e-05,0.0794076528047955,0.621890268866527,20.0,10.064875444273914,16.046159009535327,20.0,10.200884454530966,7.034731768544177
,,,,,,,,,temporal_1,catboost,42,isotonic,conformal,1386,,,,,,0.9,0.8867243867243867,0.0132756132756133,1.7813852813852813,0.2186147186147186,0.7813852813852814,0.0,0.8088779284833539,0.9965217391304348,0.2186147186147186,0.5181518151815182,0.7813852813852814,303.0,0.0132756132756133,0.0,811.0,575.0,0.8689592147576056,0.902351781325078,0.7803859611733156,0.8344575701377798,0.987407567254162,0.9990456165992028,0.4620160088661686,0.5738331232630982,0.0034782608695652,0.1911220715166461,weighted_p99,0.1,0.9380711912504736,2.295161801325022e-05,0.0794076528047955,0.5648672763147247,10.064875444273914,10.064875444273914,21.09440636919831,10.064875444273914,10.200884454530966,10.932903972857805
,,,,,,,,,temporal_1,catboost,42,isotonic,conformal,1386,,,,,,0.95,0.98989898989899,0.0398989898989899,1.971861471861472,0.0281385281385281,0.971861471861472,0.0,0.9852034525277436,0.9965217391304348,0.0281385281385281,0.358974358974359,0.971861471861472,39.0,0.0,0.0398989898989899,811.0,575.0,0.983116284903183,0.9939735776717096,0.9743162325655956,0.9915158216097176,0.987407567254162,0.9990456165992028,0.2274208545899286,0.5158185144045146,0.0034782608695652,0.0147965474722564,split_cp,0.05,0.9380711912504736,,,,,,,,,
,,,,,,,,,temporal_1,catboost,42,isotonic,conformal,1386,,,,,,0.95,0.98989898989899,0.0398989898989899,1.971861471861472,0.0281385281385281,0.971861471861472,0.0,0.9852034525277436,0.9965217391304348,0.0281385281385281,0.358974358974359,0.971861471861472,39.0,0.0,0.0398989898989899,811.0,575.0,0.983116284903183,0.9939735776717096,0.9743162325655956,0.9915158216097176,0.987407567254162,0.9990456165992028,0.2274208545899286,0.5158185144045146,0.0034782608695652,0.0147965474722564,mondrian_cp,0.05,0.9380711912504736,,,,,,,,,
,,,,,,,,,temporal_1,catboost,42,isotonic,conformal,1386,,,,,,0.95,0.98989898989899,0.0398989898989899,1.971861471861472,0.0281385281385281,0.971861471861472,0.0,0.9852034525277436,0.9965217391304348,0.0281385281385281,0.358974358974359,0.971861471861472,39.0,0.0,0.0398989898989899,811.0,575.0,0.983116284903183,0.9939735776717096,0.9743162325655956,0.9915158216097176,0.987407567254162,0.9990456165992028,0.2274208545899286,0.5158185144045146,0.0034782608695652,0.0147965474722564,empirical_mondrian,0.05,0.9380711912504736,,,,,,,,,
,,,,,,,,,temporal_1,catboost,42,isotonic,conformal,1386,,,,,,0.95,0.98989898989899,0.0398989898989899,1.971861471861472,0.0281385281385281,0.971861471861472,0.0,0.9852034525277436,0.9965217391304348,0.0281385281385281,0.358974358974359,0.971861471861472,39.0,0.0,0.0398989898989899,811.0,575.0,0.983116284903183,0.9939735776717096,0.9743162325655956,0.9915158216097176,0.987407567254162,0.9990456165992028,0.2274208545899286,0.5158185144045146,0.0034782608695652,0.0147965474722564,weighted_cap5,0.05,0.9380711912504736,2.295161801325022e-05,0.0794076528047955,0.4564473388019682,5.0,10.064875444273914,31.982507483786755,5.0,14.347448834884675,18.16482313449129
,,,,,,,,,temporal_1,catboost,42,isotonic,conformal,1386,,,,,,0.95,0.91991341991342,0.03008658008658,1.8369408369408369,0.163059163059163,0.836940836940837,0.0,0.8655980271270037,0.9965217391304348,0.163059163059163,0.4911504424778761,0.836940836940837,226.0,0.03008658008658,0.0,811.0,575.0,0.904435846681058,0.933069749811707,0.8403919040665113,0.8873570262078989,0.987407567254162,0.9990456165992028,0.4266679243730787,0.5559287750190857,0.0034782608695652,0.1344019728729963,weighted_cap10,0.05,0.9380711912504736,2.295161801325022e-05,0.0794076528047955,0.5641734212957522,10.0,10.064875444273914,21.146698750246,10.0,10.200884454530966,10.99290269005131
,,,,,,,,,temporal_1,catboost,42,isotonic,conformal,1386,,,,,,0.95,0.91991341991342,0.03008658008658,1.8369408369408369,0.163059163059163,0.836940836940837,0.0,0.8655980271270037,0.9965217391304348,0.163059163059163,0.4911504424778761,0.836940836940837,226.0,0.03008658008658,0.0,811.0,575.0,0.904435846681058,0.933069749811707,0.8403919040665113,0.8873570262078989,0.987407567254162,0.9990456165992028,0.4266679243730787,0.5559287750190857,0.0034782608695652,0.1344019728729963,weighted_cap20,0.05,0.9380711912504736,2.295161801325022e-05,0.0794076528047955,0.621890268866527,20.0,10.064875444273914,16.046159009535327,20.0,10.200884454530966,7.034731768544177
,,,,,,,,,temporal_1,catboost,42,isotonic,conformal,1386,,,,,,0.95,0.91991341991342,0.03008658008658,1.8369408369408369,0.163059163059163,0.836940836940837,0.0,0.8655980271270037,0.9965217391304348,0.163059163059163,0.4911504424778761,0.836940836940837,226.0,0.03008658008658,0.0,811.0,575.0,0.904435846681058,0.933069749811707,0.8403919040665113,0.8873570262078989,0.987407567254162,0.9990456165992028,0.4266679243730787,0.5559287750190857,0.0034782608695652,0.1344019728729963,weighted_p99,0.05,0.9380711912504736,2.295161801325022e-05,0.0794076528047955,0.5648672763147247,10.064875444273914,10.064875444273914,21.09440636919831,10.064875444273914,10.200884454530966,10.932903972857805
0.6492038814131774,0.5337924658112749,0.5783773917804886,0.5852763630515199,0.2325388122289693,0.6834933693872497,0.0428390284855741,0.5647950406267267,-0.2079047977082605,temporal_1,logistic,7,isotonic,probability,1386,1121.0,187.0,187.0,25.0,total_clicks|active_days|active_weeks|num_sessions|night_activity_ratio|weekend_activity_ratio|material_clicks|assessment_clicks|forum_accesses|grade_page_accesses|main_page_accesses|unique_content|total_session_minutes|median_session_minutes|clicks_per_session|sessions_per_active_day|active_day_fraction|zero_activity|days_since_last_activity|days_to_first_activity|actions_week_1|actions_week_2|actions_week_3|actions_week_4|forum_posts,,,,,,,,,,,,,,,,,,,,,,,,,,,,,,,,,,,,,,,
,,,,,,,,,temporal_1,logistic,7,isotonic,conformal,1386,,,,,,0.9,0.9090909090909092,0.009090909090909,1.707792207792208,0.2922077922077922,0.7077922077922078,0.0,0.9124537607891492,0.9043478260869564,0.2922077922077922,0.3111111111111111,0.7077922077922078,405.0,0.0,0.009090909090909,811.0,575.0,0.8928041946190849,0.923116206087784,0.8910061450481521,0.9300124626307356,0.8775547722661062,0.9257740026757756,0.2679759746302335,0.3577958332452947,0.0956521739130434,0.0875462392108508,split_cp,0.1,0.9511320272497332,,,,,,,,,
,,,,,,,,,temporal_1,logistic,7,isotonic,conformal,1386,,,,,,0.9,0.9163059163059164,0.0163059163059162,1.6803751803751803,0.3196248196248196,0.6803751803751804,0.0,0.996300863131936,0.8034782608695652,0.3196248196248196,0.2618510158013544,0.6803751803751804,443.0,0.0,0.0163059163059162,811.0,575.0,0.9005508149290767,0.9297597163017228,0.9891810616778614,0.998741179251144,0.7690303100104694,0.833898168386771,0.2230835712281506,0.3047131543557464,0.1965217391304347,0.0036991368680641,mondrian_cp,0.1,0.9511320272497332,,,,,,,,,
,,,,,,,,,temporal_1,logistic,7,isotonic,conformal,1386,,,,,,0.9,0.9163059163059164,0.0163059163059162,1.6803751803751803,0.3196248196248196,0.6803751803751804,0.0,0.996300863131936,0.8034782608695652,0.3196248196248196,0.2618510158013544,0.6803751803751804,443.0,0.0,0.0163059163059162,811.0,575.0,0.9005508149290767,0.9297597163017228,0.9891810616778614,0.998741179251144,0.7690303100104694,0.833898168386771,0.2230835712281506,0.3047131543557464,0.1965217391304347,0.0036991368680641,empirical_mondrian,0.1,0.9511320272497332,,,,,,,,,
,,,,,,,,,temporal_1,logistic,7,isotonic,conformal,1386,,,,,,0.9,0.9487734487734488,0.0487734487734488,1.873015873015873,0.1269841269841269,0.873015873015873,0.0,0.9124537607891492,1.0,0.1269841269841269,0.4034090909090909,0.873015873015873,176.0,0.0,0.0487734487734488,811.0,575.0,0.9358765857899558,0.9591895327985318,0.8910061450481521,0.9300124626307356,0.9933635389066282,1.0,0.3337434131677543,0.4772011809044126,0.0,0.0875462392108508,weighted_cap10,0.1,0.9511320272497332,3.387632833051418e-05,0.0722853346854686,0.5564985314854932,10.0,11.347058628811007,18.774617230580176,10.0,11.293861290633204,7.483623167685593
0.5843467538733716,0.478444065212623,0.5695778279084757,0.5702214121052913,0.2493365348567855,0.9164635153277892,0.0658047029839348,0.10940966843552,-0.3555107106820211,temporal_1,catboost,7,isotonic,probability,1386,1121.0,187.0,187.0,25.0,total_clicks|active_days|active_weeks|num_sessions|night_activity_ratio|weekend_activity_ratio|material_clicks|assessment_clicks|forum_accesses|grade_page_accesses|main_page_accesses|unique_content|total_session_minutes|median_session_minutes|clicks_per_session|sessions_per_active_day|active_day_fraction|zero_activity|days_since_last_activity|days_to_first_activity|actions_week_1|actions_week_2|actions_week_3|actions_week_4|forum_posts,,,,,,,,,,,,,,,,,,,,,,,,,,,,,,,,,,,,,,,
,,,,,,,,,temporal_1,catboost,7,isotonic,conformal,1386,,,,,,0.9,0.9357864357864358,0.0357864357864358,1.823953823953824,0.176046176046176,0.823953823953824,0.0,0.9432799013563502,0.925217391304348,0.176046176046176,0.3647540983606557,0.823953823953824,244.0,0.0,0.0357864357864358,811.0,575.0,0.921638319948214,0.9475255636971984,0.9251713970288796,0.957208840521375,0.9007820028828406,0.9440089023786224,0.3068853871857498,0.4268153410376544,0.0747826086956521,0.0567200986436498,split_cp,0.1,0.9511320272497332,,,,,,,,,
,,,,,,,,,temporal_1,catboost,7,isotonic,conformal,1386,,,,,,0.9,0.9343434343434344,0.0343434343434343,1.818181818181818,0.1818181818181818,0.8181818181818182,0.0,0.9432799013563502,0.9217391304347826,0.1818181818181818,0.3611111111111111,0.8181818181818182,252.0,0.0,0.0343434343434343,811.0,575.0,0.9200663017987138,0.9462195557419124,0.9251713970288796,0.957208840521375,0.8968821235240129,0.9409984266841864,0.304302918746155,0.4220901360672976,0.0782608695652174,0.0567200986436498,mondrian_cp,0.1,0.9511320272497332,,,,,,,,,
,,,,,,,,,temporal_1,catboost,7,isotonic,conformal,1386,,,,,,0.9,0.9343434343434344,0.0343434343434343,1.818181818181818,0.1818181818181818,0.8181818181818182,0.0,0.9432799013563502,0.9217391304347826,0.1818181818181818,0.3611111111111111,0.8181818181818182,252.0,0.0,0.0343434343434343,811.0,575.0,0.9200663017987138,0.9462195557419124,0.9251713970288796,0.957208840521375,0.8968821235240129,0.9409984266841864,0.304302918746155,0.4220901360672976,0.0782608695652174,0.0567200986436498,empirical_mondrian,0.1,0.9511320272497332,,,,,,,,,
,,,,,,,,,temporal_1,catboost,7,isotonic,conformal,1386,,,,,,0.9,0.9343434343434344,0.0343434343434343,1.818181818181818,0.1818181818181818,0.8181818181818182,0.0,0.9432799013563502,0.9217391304347826,0.1818181818181818,0.3611111111111111,0.8181818181818182,252.0,0.0,0.0343434343434343,811.0,575.0,0.9200663017987138,0.9462195557419124,0.9251713970288796,0.957208840521375,0.8968821235240129,0.9409984266841864,0.304302918746155,0.4220901360672976,0.0782608695652174,0.0567200986436498,weighted_cap10,0.1,0.9511320272497332,3.387632833051418e-05,0.0722853346854686,0.5564985314854932,10.0,11.347058628811007,18.774617230580176,10.0,11.293861290633204,7.483623167685593
0.6491009489090227,0.5356829183937427,0.5753756221241431,0.5830311478046427,0.2351348449105012,1.4312147185837156,0.0688475757176566,0.100030393956979,-0.2204704391042466,temporal_1,logistic,19,isotonic,probability,1386,1121.0,187.0,187.0,25.0,total_clicks|active_days|active_weeks|num_sessions|night_activity_ratio|weekend_activity_ratio|material_clicks|assessment_clicks|forum_accesses|grade_page_accesses|main_page_accesses|unique_content|total_session_minutes|median_session_minutes|clicks_per_session|sessions_per_active_day|active_day_fraction|zero_activity|days_since_last_activity|days_to_first_activity|actions_week_1|actions_week_2|actions_week_3|actions_week_4|forum_posts,,,,,,,,,,,,,,,,,,,,,,,,,,,,,,,,,,,,,,,
,,,,,,,,,temporal_1,logistic,19,isotonic,conformal,1386,,,,,,0.9,0.8766233766233766,0.0233766233766233,1.5678210678210678,0.4321789321789321,0.5678210678210678,0.0,0.9617755856966708,0.7565217391304347,0.4321789321789321,0.2854757929883139,0.5678210678210678,599.0,0.0233766233766233,0.0,811.0,575.0,0.8582613595278348,0.8929034538213461,0.9462548889124174,0.9729423265606572,0.7198148899315805,0.7898237952466026,0.2507640347359819,0.3229215566585531,0.2434782608695652,0.0382244143033292,split_cp,0.1,0.9418431465862924,,,,,,,,,
,,,,,,,,,temporal_1,logistic,19,isotonic,conformal,1386,,,,,,0.9,0.873015873015873,0.026984126984127,1.5627705627705628,0.4372294372294372,0.5627705627705628,0.0,0.9617755856966708,0.7478260869565218,0.4372294372294372,0.2904290429042904,0.5627705627705628,606.0,0.026984126984127,0.0,811.0,575.0,0.8544499759810585,0.8895197721061571,0.9462548889124174,0.9729423265606572,0.7107663788563966,0.7815964186886278,0.2556955337562585,0.3278027733427982,0.2521739130434782,0.0382244143033292,mondrian_cp,0.1,0.9418431465862924,,,,,,,,,
,,,,,,,,,temporal_1,logistic,19,isotonic,conformal,1386,,,,,,0.9,0.873015873015873,0.026984126984127,1.5627705627705628,0.4372294372294372,0.5627705627705628,0.0,0.9617755856966708,0.7478260869565218,0.4372294372294372,0.2904290429042904,0.5627705627705628,606.0,0.026984126984127,0.0,811.0,575.0,0.8544499759810585,0.8895197721061571,0.9462548889124174,0.9729423265606572,0.7107663788563966,0.7815964186886278,0.2556955337562585,0.3278027733427982,0.2521739130434782,0.0382244143033292,empirical_mondrian,0.1,0.9418431465862924,,,,,,,,,
,,,,,,,,,temporal_1,logistic,19,isotonic,conformal,1386,,,,,,0.9,0.873015873015873,0.026984126984127,1.5627705627705628,0.4372294372294372,0.5627705627705628,0.0,0.9617755856966708,0.7478260869565218,0.4372294372294372,0.2904290429042904,0.5627705627705628,606.0,0.026984126984127,0.0,811.0,575.0,0.8544499759810585,0.8895197721061571,0.9462548889124174,0.9729423265606572,0.7107663788563966,0.7815964186886278,0.2556955337562585,0.3278027733427982,0.2521739130434782,0.0382244143033292,weighted_cap10,0.1,0.9418431465862924,1.008207930811302e-05,0.0864854348066756,0.6277449844252202,10.0,10.622653925256182,23.38354660994859,10.0,11.68024854617457,12.847027018338109
0.5810421916045677,0.4711765541180316,0.5414070336089472,0.5490580603656248,0.2432300811226613,0.6790415920874838,0.0587334259187289,0.5784125465609917,-0.284422423820414,temporal_1,catboost,19,isotonic,probability,1386,1121.0,187.0,187.0,25.0,total_clicks|active_days|active_weeks|num_sessions|night_activity_ratio|weekend_activity_ratio|material_clicks|assessment_clicks|forum_accesses|grade_page_accesses|main_page_accesses|unique_content|total_session_minutes|median_session_minutes|clicks_per_session|sessions_per_active_day|active_day_fraction|zero_activity|days_since_last_activity|days_to_first_activity|actions_week_1|actions_week_2|actions_week_3|actions_week_4|forum_posts,,,,,,,,,,,,,,,,,,,,,,,,,,,,,,,,,,,,,,,
,,,,,,,,,temporal_1,catboost,19,isotonic,conformal,1386,,,,,,0.9,0.9191919191919192,0.0191919191919192,1.7424242424242424,0.2575757575757575,0.7424242424242424,0.0,0.9704069050554872,0.8469565217391304,0.2575757575757575,0.3137254901960784,0.7424242424242424,357.0,0.0,0.0191919191919192,811.0,575.0,0.9036581806940036,0.9324084027463684,0.9563443191668168,0.9800341526702406,0.8152341067611212,0.8740738098019128,0.2677919427039732,0.3636251332754001,0.1530434782608695,0.0295930949445129,split_cp,0.1,0.9418431465862924,,,,,,,,,
,,,,,,,,,temporal_1,catboost,19,isotonic,conformal,1386,,,,,,0.9,0.9805194805194806,0.0805194805194805,1.9458874458874456,0.0541125541125541,0.945887445887446,0.0,0.9704069050554872,0.9947826086956522,0.0541125541125541,0.36,0.945887445887446,75.0,0.0,0.0805194805194805,811.0,575.0,0.9718049861527324,0.9865777067410504,0.9563443191668168,0.9800341526702406,0.9847739435024554,0.9982240628242776,0.2606492890861634,0.4729933868090221,0.0052173913043478,0.0295930949445129,mondrian_cp,0.1,0.9418431465862924,,,,,,,,,
,,,,,,,,,temporal_1,catboost,19,isotonic,conformal,1386,,,,,,0.9,0.9191919191919192,0.0191919191919192,1.7417027417027418,0.2582972582972583,0.7417027417027418,0.0,0.9704069050554872,0.8469565217391304,0.2582972582972583,0.3128491620111732,0.7417027417027418,358.0,0.0,0.0191919191919192,811.0,575.0,0.9036581806940036,0.9324084027463684,0.9563443191668168,0.9800341526702406,0.8152341067611212,0.8740738098019128,0.2670217391643961,0.3626503265056631,0.1530434782608695,0.0295930949445129,empirical_mondrian,0.1,0.9418431465862924,,,,,,,,,
,,,,,,,,,temporal_1,catboost,19,isotonic,conformal,1386,,,,,,0.9,0.9025974025974026,0.0025974025974025,1.7063492063492065,0.2936507936507936,0.7063492063492064,0.0,0.9704069050554872,0.8069565217391305,0.2936507936507936,0.3316953316953317,0.7063492063492064,407.0,0.0,0.0025974025974025,811.0,575.0,0.885856710540733,0.9171125726945982,0.9563443191668168,0.9800341526702406,0.7727019928570553,0.8371368405934485,0.2877149479419157,0.3788230874519473,0.1930434782608695,0.0295930949445129,weighted_cap10,0.1,0.9418431465862924,1.008207930811302e-05,0.0864854348066756,0.6277449844252202,10.0,10.622653925256182,23.38354660994859,10.0,11.68024854617457,12.847027018338109
0.6361872084919316,0.5213072165464062,0.5572922212048296,0.5678850587036938,0.2373553573651891,1.4361173916193777,0.0594860608597308,0.0879102178467156,-0.2321861284000125,temporal_1,logistic,73,isotonic,probability,1386,1121.0,187.0,187.0,25.0,total_clicks|active_days|active_weeks|num_sessions|night_activity_ratio|weekend_activity_ratio|material_clicks|assessment_clicks|forum_accesses|grade_page_accesses|main_page_accesses|unique_content|total_session_minutes|median_session_minutes|clicks_per_session|sessions_per_active_day|active_day_fraction|zero_activity|days_since_last_activity|days_to_first_activity|actions_week_1|actions_week_2|actions_week_3|actions_week_4|forum_posts,,,,,,,,,,,,,,,,,,,,,,,,,,,,,,,,,,,,,,,
,,,,,,,,,temporal_1,logistic,73,isotonic,conformal,1386,,,,,,0.9,0.8766233766233766,0.0233766233766233,1.5786435786435786,0.4213564213564214,0.5786435786435786,0.0,0.9457459926017264,0.7791304347826087,0.4213564213564214,0.2928082191780822,0.5786435786435786,584.0,0.0233766233766233,0.0,811.0,575.0,0.8582613595278348,0.8929034538213461,0.9279502437982352,0.9593389241417286,0.7434331313025249,0.8111228617218711,0.2573516464209239,0.3309727285125974,0.2208695652173913,0.0542540073982737,split_cp,0.1,0.9380888172099868,,,,,,,,,
,,,,,,,,,temporal_1,logistic,73,isotonic,conformal,1386,,,,,,0.9,0.8924963924963925,0.0075036075036075,1.6147186147186148,0.3852813852813853,0.6147186147186147,0.0,0.9728729963008632,0.7791304347826087,0.3852813852813853,0.2790262172284644,0.6147186147186147,534.0,0.0075036075036075,0.0,811.0,575.0,0.8750907387569713,0.9077323617448568,0.9592688545782474,0.9820185476485191,0.7434331313025249,0.8111228617218711,0.2426660648188675,0.3185429194839254,0.2208695652173913,0.0271270036991368,mondrian_cp,0.1,0.9380888172099868,,,,,,,,,
,,,,,,,,,temporal_1,logistic,73,isotonic,conformal,1386,,,,,,0.9,0.8751803751803752,0.0248196248196248,1.5764790764790764,0.4235209235209235,0.5764790764790765,0.0,0.9432799013563502,0.7791304347826087,0.4235209235209235,0.2947189097103918,0.5764790764790765,587.0,0.0248196248196248,0.0,811.0,575.0,0.8567362435510085,0.8915505436933863,0.9251713970288796,0.957208840521375,0.7434331313025249,0.8111228617218711,0.2592674788218172,0.3328396822412699,0.2208695652173913,0.0567200986436498,empirical_mondrian,0.1,0.9380888172099868,,,,,,,,,
,,,,,,,,,temporal_1,logistic,73,isotonic,conformal,1386,,,,,,0.9,0.9444444444444444,0.0444444444444444,1.8167388167388168,0.1832611832611832,0.8167388167388168,0.0,0.9432799013563502,0.9460869565217392,0.1832611832611832,0.3031496062992126,0.8167388167388168,254.0,0.0,0.0444444444444444,811.0,575.0,0.9311110071116836,0.9553210331624452,0.9251713970288796,0.957208840521375,0.9244914334803692,0.9617616021006746,0.2499048602843695,0.3622599154759898,0.0539130434782608,0.0567200986436498,weighted_cap10,0.1,0.9380888172099868,3.159661822789699e-06,0.0885017006007168,0.5766285778253144,10.0,9.560845271561984,26.60811112174733,10.0,10.558164124299056,16.351380642706697
0.5839704069050555,0.4746739760670304,0.552800533747498,0.5530005897174717,0.2427887289802083,0.8737453291837082,0.057737656776499,0.1182231447199486,-0.3156504506020202,temporal_1,catboost,73,isotonic,probability,1386,1121.0,187.0,187.0,25.0,total_clicks|active_days|active_weeks|num_sessions|night_activity_ratio|weekend_activity_ratio|material_clicks|assessment_clicks|forum_accesses|grade_page_accesses|main_page_accesses|unique_content|total_session_minutes|median_session_minutes|clicks_per_session|sessions_per_active_day|active_day_fraction|zero_activity|days_since_last_activity|days_to_first_activity|actions_week_1|actions_week_2|actions_week_3|actions_week_4|forum_posts,,,,,,,,,,,,,,,,,,,,,,,,,,,,,,,,,,,,,,,
,,,,,,,,,temporal_1,catboost,73,isotonic,conformal,1386,,,,,,0.9,0.91991341991342,0.0199134199134198,1.7467532467532467,0.2532467532467532,0.7467532467532467,0.0,0.9309494451294698,0.9043478260869564,0.2532467532467532,0.3162393162393162,0.7467532467532467,351.0,0.0,0.0199134199134198,811.0,575.0,0.904435846681058,0.933069749811707,0.9113912689276208,0.9464443166740868,0.8775547722661062,0.9257740026757756,0.2698050099142575,0.3666523521179921,0.0956521739130434,0.0690505548705302,split_cp,0.1,0.9380888172099868,,,,,,,,,
,,,,,,,,,temporal_1,catboost,73,isotonic,conformal,1386,,,,,,0.9,0.9408369408369408,0.0408369408369407,1.7987012987012987,0.2012987012987013,0.7987012987012987,0.0,0.966707768187423,0.9043478260869564,0.2012987012987013,0.2939068100358423,0.7987012987012987,279.0,0.0,0.0408369408369407,811.0,575.0,0.927155178856601,0.9520817961555628,0.9519948476649877,0.9770202285875058,0.8775547722661062,0.9257740026757756,0.2435422022927371,0.3498695963894934,0.0956521739130434,0.033292231812577,mondrian_cp,0.1,0.9380888172099868,,,,,,,,,
,,,,,,,,,temporal_1,catboost,73,isotonic,conformal,1386,,,,,,0.9,0.9408369408369408,0.0408369408369407,1.7987012987012987,0.2012987012987013,0.7987012987012987,0.0,0.966707768187423,0.9043478260869564,0.2012987012987013,0.2939068100358423,0.7987012987012987,279.0,0.0,0.0408369408369407,811.0,575.0,0.927155178856601,0.9520817961555628,0.9519948476649877,0.9770202285875058,0.8775547722661062,0.9257740026757756,0.2435422022927371,0.3498695963894934,0.0956521739130434,0.033292231812577,empirical_mondrian,0.1,0.9380888172099868,,,,,,,,,
,,,,,,,,,temporal_1,catboost,73,isotonic,conformal,1386,,,,,,0.9,0.91991341991342,0.0199134199134198,1.7467532467532467,0.2532467532467532,0.7467532467532467,0.0,0.9309494451294698,0.9043478260869564,0.2532467532467532,0.3162393162393162,0.7467532467532467,351.0,0.0,0.0199134199134198,811.0,575.0,0.904435846681058,0.933069749811707,0.9113912689276208,0.9464443166740868,0.8775547722661062,0.9257740026757756,0.2698050099142575,0.3666523521179921,0.0956521739130434,0.0690505548705302,weighted_cap10,0.1,0.9380888172099868,3.159661822789699e-06,0.0885017006007168,0.5766285778253144,10.0,9.560845271561984,26.60811112174733,10.0,10.558164124299056,16.351380642706697
0.6402873532407656,0.5146970453795919,0.6095159001314061,0.6143805286012973,0.2397376707296965,0.8649841741248703,0.0964575085528201,0.214991525585393,-0.2058174833911168,temporal_1,logistic,101,isotonic,probability,1386,1121.0,187.0,187.0,25.0,total_clicks|active_days|active_weeks|num_sessions|night_activity_ratio|weekend_activity_ratio|material_clicks|assessment_clicks|forum_accesses|grade_page_accesses|main_page_accesses|unique_content|total_session_minutes|median_session_minutes|clicks_per_session|sessions_per_active_day|active_day_fraction|zero_activity|days_since_last_activity|days_to_first_activity|actions_week_1|actions_week_2|actions_week_3|actions_week_4|forum_posts,,,,,,,,,,,,,,,,,,,,,,,,,,,,,,,,,,,,,,,
,,,,,,,,,temporal_1,logistic,101,isotonic,conformal,1386,,,,,,0.9,0.8953823953823954,0.0046176046176046,1.6414141414141414,0.3585858585858585,0.6414141414141414,0.0,0.9136868064118372,0.8695652173913043,0.3585858585858585,0.2917505030181087,0.6414141414141414,497.0,0.0046176046176046,0.0,811.0,575.0,0.8781619131079721,0.9104172396034284,0.892356302511598,0.9311167703621442,0.8395675041715457,0.8946577202377012,0.2535053157631761,0.3331902415746443,0.1304347826086956,0.0863131935881627,split_cp,0.1,0.9425217460275492,,,,,,,,,
,,,,,,,,,temporal_1,logistic,101,isotonic,conformal,1386,,,,,,0.9,0.9235209235209236,0.0235209235209234,1.707792207792208,0.2922077922077922,0.7077922077922078,0.0,0.9617755856966708,0.8695652173913043,0.2922077922077922,0.2617283950617284,0.7077922077922078,405.0,0.0,0.0235209235209234,811.0,575.0,0.9083293293948864,0.9363713323598436,0.9462548889124174,0.9729423265606572,0.8395675041715457,0.8946577202377012,0.2212991373382815,0.3066352346877116,0.1304347826086956,0.0382244143033292,mondrian_cp,0.1,0.9425217460275492,,,,,,,,,
,,,,,,,,,temporal_1,logistic,101,isotonic,conformal,1386,,,,,,0.9,0.9235209235209236,0.0235209235209234,1.707792207792208,0.2922077922077922,0.7077922077922078,0.0,0.9617755856966708,0.8695652173913043,0.2922077922077922,0.2617283950617284,0.7077922077922078,405.0,0.0,0.0235209235209234,811.0,575.0,0.9083293293948864,0.9363713323598436,0.9462548889124174,0.9729423265606572,0.8395675041715457,0.8946577202377012,0.2212991373382815,0.3066352346877116,0.1304347826086956,0.0382244143033292,empirical_mondrian,0.1,0.9425217460275492,,,,,,,,,
,,,,,,,,,temporal_1,logistic,101,isotonic,conformal,1386,,,,,,0.9,0.9235209235209236,0.0235209235209234,1.707792207792208,0.2922077922077922,0.7077922077922078,0.0,0.9617755856966708,0.8695652173913043,0.2922077922077922,0.2617283950617284,0.7077922077922078,405.0,0.0,0.0235209235209234,811.0,575.0,0.9083293293948864,0.9363713323598436,0.9462548889124174,0.9729423265606572,0.8395675041715457,0.8946577202377012,0.2212991373382815,0.3066352346877116,0.1304347826086956,0.0382244143033292,weighted_cap10,0.1,0.9425217460275492,4.559848474271272e-05,0.1106993208717671,0.5527628202699587,10.0,10.416581403356645,23.663805878345187,10.0,10.520654302684212,13.36928649332498
0.5953004878571811,0.4824406688848597,0.5597532956931062,0.5696274057792312,0.2432864548602268,0.6803590059715334,0.0928319976872644,0.7335663835697597,-0.3504611517230356,temporal_1,catboost,101,isotonic,probability,1386,1121.0,187.0,187.0,25.0,total_clicks|active_days|active_weeks|num_sessions|night_activity_ratio|weekend_activity_ratio|material_clicks|assessment_clicks|forum_accesses|grade_page_accesses|main_page_accesses|unique_content|total_session_minutes|median_session_minutes|clicks_per_session|sessions_per_active_day|active_day_fraction|zero_activity|days_since_last_activity|days_to_first_activity|actions_week_1|actions_week_2|actions_week_3|actions_week_4|forum_posts,,,,,,,,,,,,,,,,,,,,,,,,,,,,,,,,,,,,,,,
,,,,,,,,,temporal_1,catboost,101,isotonic,conformal,1386,,,,,,0.9,0.950937950937951,0.0509379509379509,1.8427128427128427,0.1572871572871572,0.8427128427128427,0.0,0.939580764488286,0.9669565217391304,0.1572871572871572,0.3119266055045872,0.8427128427128427,218.0,0.0,0.0509379509379509,811.0,575.0,0.9382676718758616,0.9611154858698052,0.9210183289028058,0.9539985130628847,0.9489697014001764,0.9787454645004484,0.2541328411632654,0.3762338160165476,0.0330434782608695,0.0604192355117139,split_cp,0.1,0.9425217460275492,,,,,,,,,
,,,,,,,,,temporal_1,catboost,101,isotonic,conformal,1386,,,,,,0.9,0.9502164502164502,0.0502164502164501,1.841991341991342,0.158008658008658,0.841991341991342,0.0,0.938347718865598,0.9669565217391304,0.158008658008658,0.3150684931506849,0.841991341991342,219.0,0.0,0.0502164502164501,811.0,575.0,0.9374699959293644,0.9604741487639092,0.9196377963669626,0.9529245804038732,0.9489697014001764,0.9787454645004484,0.2571807227393157,0.3793321576346393,0.0330434782608695,0.0616522811344019,mondrian_cp,0.1,0.9425217460275492,,,,,,,,,
,,,,,,,,,temporal_1,catboost,101,isotonic,conformal,1386,,,,,,0.9,0.9502164502164502,0.0502164502164501,1.841991341991342,0.158008658008658,0.841991341991342,0.0,0.938347718865598,0.9669565217391304,0.158008658008658,0.3150684931506849,0.841991341991342,219.0,0.0,0.0502164502164501,811.0,575.0,0.9374699959293644,0.9604741487639092,0.9196377963669626,0.9529245804038732,0.9489697014001764,0.9787454645004484,0.2571807227393157,0.3793321576346393,0.0330434782608695,0.0616522811344019,empirical_mondrian,0.1,0.9425217460275492,,,,,,,,,
,,,,,,,,,temporal_1,catboost,101,isotonic,conformal,1386,,,,,,0.9,0.9502164502164502,0.0502164502164501,1.841991341991342,0.158008658008658,0.841991341991342,0.0,0.938347718865598,0.9669565217391304,0.158008658008658,0.3150684931506849,0.841991341991342,219.0,0.0,0.0502164502164501,811.0,575.0,0.9374699959293644,0.9604741487639092,0.9196377963669626,0.9529245804038732,0.9489697014001764,0.9787454645004484,0.2571807227393157,0.3793321576346393,0.0330434782608695,0.0616522811344019,weighted_cap10,0.1,0.9425217460275492,4.559848474271272e-05,0.1106993208717671,0.5527628202699587,10.0,10.416581403356645,23.663805878345187,10.0,10.520654302684212,13.36928649332498
0.6962797232763487,0.6554414314518011,0.6243624383679076,0.6304126132585075,0.2333537183072395,0.6823525394911277,0.1088163994427604,0.590616358717503,0.2957092939740575,temporal_2,logistic,42,none,probability,1399,2161.0,360.0,360.0,25.0,total_clicks|active_days|active_weeks|num_sessions|night_activity_ratio|weekend_activity_ratio|material_clicks|assessment_clicks|forum_accesses|grade_page_accesses|main_page_accesses|unique_content|total_session_minutes|median_session_minutes|clicks_per_session|sessions_per_active_day|active_day_fraction|zero_activity|days_since_last_activity|days_to_first_activity|actions_week_1|actions_week_2|actions_week_3|actions_week_4|forum_posts,,,,,,,,,,,,,,,,,,,,,,,,,,,,,,,,,,,,,,,
,,,,,,,,,temporal_2,logistic,42,none,conformal,1399,,,,,,0.8,0.729807005003574,0.070192994996426,1.1894210150107218,0.810578984989278,0.1894210150107219,0.0,0.889763779527559,0.5384615384615384,0.810578984989278,0.3333333333333333,0.1894210150107219,1134.0,0.070192994996426,0.0,762.0,637.0,0.705931939135705,0.7524234908075628,0.8655418819593287,0.9100755688309304,0.499633248663334,0.5768287207138847,0.3064996736925299,0.3612923573767416,0.4615384615384615,0.1102362204724409,split_cp,0.2,0.9543174603174605,,,,,,,,,
,,,,,,,,,temporal_2,logistic,42,none,conformal,1399,,,,,,0.8,0.7312365975696926,0.0687634024303074,1.1987133666904932,0.8012866333095068,0.1987133666904932,0.0,0.8976377952755905,0.5321821036106751,0.8012866333095068,0.335414808206958,0.1987133666904932,1121.0,0.0687634024303074,0.0,762.0,637.0,0.7073963640759585,0.7538104215745768,0.8740824226710285,0.9172040675291347,0.4933572302238321,0.5706211523162895,0.3083800689393897,0.3635737009840031,0.4678178963893249,0.1023622047244094,mondrian_cp,0.2,0.9543174603174605,,,,,,,,,
,,,,,,,,,temporal_2,logistic,42,none,conformal,1399,,,,,,0.85,0.7526804860614725,0.0973195139385274,1.2516082916368836,0.7483917083631165,0.2516082916368835,0.0,0.9120734908136484,0.5620094191522763,0.7483917083631165,0.3304680038204393,0.2516082916368835,1047.0,0.0973195139385274,0.0,762.0,637.0,0.7294003324524241,0.7745767888071253,0.8898438816731533,0.9301691807785012,0.5232230224055374,0.6000523976107945,0.3026409756892044,0.3595345151803712,0.4379905808477237,0.0879265091863517,split_cp,0.15,0.9543174603174605,,,,,,,,,
,,,,,,,,,temporal_2,logistic,42,none,conformal,1399,,,,,,0.85,0.7598284488920658,0.0901715511079341,1.2623302358827737,0.7376697641172266,0.2623302358827734,0.0,0.910761154855643,0.5792778649921507,0.7376697641172266,0.3255813953488372,0.2623302358827734,1032.0,0.0901715511079341,0.0,762.0,637.0,0.7367512642036406,0.781482635592247,0.8884049231881483,0.9289966326951888,0.5405776410641144,0.6170276427542342,0.2976847122270817,0.3547717549915019,0.4207221350078493,0.0892388451443569,mondrian_cp,0.15,0.9543174603174605,,,,,,,,,
,,,,,,,,,temporal_2,logistic,42,none,conformal,1399,,,,,,0.9,0.7977126518942101,0.1022873481057898,1.3588277340957826,0.6411722659042173,0.3588277340957827,0.0,0.9501312335958004,0.6153846153846154,0.6411722659042173,0.3154960981047937,0.3588277340957827,897.0,0.1022873481057898,0.0,762.0,637.0,0.7758607062233265,0.8179341198151524,0.9322924499323604,0.9634543030004978,0.5770197428385541,0.6523661652931018,0.2859261625486769,0.3466395938794104,0.3846153846153846,0.0498687664041994,split_cp,0.1,0.9543174603174605,,,,,,,,,
,,,,,,,,,temporal_2,logistic,42,none,conformal,1399,,,,,,0.9,0.7998570407433881,0.1001429592566118,1.3631165117941386,0.6368834882058614,0.3631165117941387,0.0,0.9540682414698164,0.6153846153846154,0.6368834882058614,0.3142536475869809,0.3631165117941387,891.0,0.1001429592566118,0.0,762.0,637.0,0.7780825608278208,0.8199892987715596,0.9367906800737332,0.9667905925640774,0.5770197428385541,0.6523661652931018,0.284624946292822,0.3454771273904616,0.3846153846153846,0.0459317585301837,mondrian_cp,0.1,0.9543174603174605,,,,,,,,,
,,,,,,,,,temporal_2,logistic,42,none,conformal,1399,,,,,,0.95,0.8448892065761258,0.1051107934238742,1.4710507505360972,0.5289492494639028,0.4710507505360972,0.0,0.9868766404199476,0.6750392464678179,0.5289492494639028,0.2932432432432432,0.4710507505360972,740.0,0.1051107934238742,0.0,762.0,637.0,0.8249775603125092,0.8629120040658006,0.9760126470895696,0.9928562897561748,0.6377127305046095,0.7102672525794669,0.261577836945599,0.3270441787119572,0.3249607535321821,0.0131233595800524,split_cp,0.05,0.9543174603174605,,,,,,,,,
,,,,,,,,,temporal_2,logistic,42,none,conformal,1399,,,,,,0.95,0.8613295210864903,0.0886704789135096,1.5082201572551823,0.4917798427448177,0.5082201572551823,0.0,0.9855643044619422,0.7127158555729984,0.4917798427448177,0.2819767441860465,0.5082201572551823,688.0,0.0886704789135096,0.0,762.0,637.0,0.8422279498206943,0.878452205191193,0.9743368878295928,0.9919205424478342,0.6763837887379642,0.7464977153686938,0.2496364664594345,0.3167381759169028,0.2872841444270015,0.0144356955380577,mondrian_cp,0.05,0.9543174603174605,,,,,,,,,
0.6962797232763487,0.6554414314518011,0.5670066118768053,0.5948157579203699,0.2275976200299052,0.6471966825957862,0.0814750625902947,1.2073442672216157,0.4698812968242419,temporal_2,logistic,42,platt,probability,1399,2161.0,360.0,360.0,25.0,total_clicks|active_days|active_weeks|num_sessions|night_activity_ratio|weekend_activity_ratio|material_clicks|assessment_clicks|forum_accesses|grade_page_accesses|main_page_accesses|unique_content|total_session_minutes|median_session_minutes|clicks_per_session|sessions_per_active_day|active_day_fraction|zero_activity|days_since_last_activity|days_to_first_activity|actions_week_1|actions_week_2|actions_week_3|actions_week_4|forum_posts,,,,,,,,,,,,,,,,,,,,,,,,,,,,,,,,,,,,,,,
,,,,,,,,,temporal_2,logistic,42,platt,conformal,1399,,,,,,0.8,0.7119370979270908,0.0880629020729092,1.1715511079342389,0.8284488920657612,0.1715511079342387,0.0,0.9514435695538058,0.4254317111459968,0.8284488920657612,0.3477135461604831,0.1715511079342387,1159.0,0.0880629020729092,0.0,762.0,637.0,0.687651823198979,0.7350616604034437,0.9337888643991268,0.9645693951020488,0.3875972729741352,0.464160133335339,0.3208392917732314,0.3755939603074108,0.5745682888540031,0.0485564304461942,split_cp,0.2,0.9543174603174605,,,,,,,,,
,,,,,,,,,temporal_2,logistic,42,platt,conformal,1399,,,,,,0.8,0.7312365975696926,0.0687634024303074,1.1987133666904932,0.8012866333095068,0.1987133666904932,0.0,0.8976377952755905,0.5321821036106751,0.8012866333095068,0.335414808206958,0.1987133666904932,1121.0,0.0687634024303074,0.0,762.0,637.0,0.7073963640759585,0.7538104215745768,0.8740824226710285,0.9172040675291347,0.4933572302238321,0.5706211523162895,0.3083800689393897,0.3635737009840031,0.4678178963893249,0.1023622047244094,mondrian_cp,0.2,0.9543174603174605,,,,,,,,,
,,,,,,,,,temporal_2,logistic,42,platt,conformal,1399,,,,,,0.85,0.7333809864188706,0.1166190135811293,1.2315939957112223,0.7684060042887777,0.2315939957112223,0.0,0.9606299212598424,0.4615384615384615,0.7684060042887777,0.3469767441860465,0.2315939957112223,1075.0,0.1166190135811293,0.0,762.0,637.0,0.709593575153518,0.7558902440579186,0.9443535909265942,0.972285214552803,0.4231712792861155,0.5003667513366662,0.319112112457739,0.3759311236822241,0.5384615384615384,0.0393700787401574,split_cp,0.15,0.9543174603174605,,,,,,,,,
,,,,,,,,,temporal_2,logistic,42,platt,conformal,1399,,,,,,0.85,0.7598284488920658,0.0901715511079341,1.2623302358827737,0.7376697641172266,0.2623302358827734,0.0,0.910761154855643,0.5792778649921507,0.7376697641172266,0.3255813953488372,0.2623302358827734,1032.0,0.0901715511079341,0.0,762.0,637.0,0.7367512642036406,0.781482635592247,0.8884049231881483,0.9289966326951888,0.5405776410641144,0.6170276427542342,0.2976847122270817,0.3547717549915019,0.4207221350078493,0.0892388451443569,mondrian_cp,0.15,0.9543174603174605,,,,,,,,,
,,,,,,,,,temporal_2,logistic,42,platt,conformal,1399,,,,,,0.9,0.7841315225160829,0.1158684774839171,1.34024303073624,0.6597569692637598,0.3402430307362402,0.0,0.9908136482939632,0.5368916797488226,0.6597569692637598,0.3271939328277356,0.3402430307362402,923.0,0.1158684774839171,0.0,762.0,637.0,0.7618099725563985,0.8048969742630381,0.9811603117386596,0.9955431448120372,0.4980636706698146,0.5752774019981296,0.2976956877237818,0.3581246287239814,0.4631083202511774,0.0091863517060367,split_cp,0.1,0.9543174603174605,,,,,,,,,
,,,,,,,,,temporal_2,logistic,42,platt,conformal,1399,,,,,,0.9,0.7998570407433881,0.1001429592566118,1.3631165117941386,0.6368834882058614,0.3631165117941387,0.0,0.9540682414698164,0.6153846153846154,0.6368834882058614,0.3142536475869809,0.3631165117941387,891.0,0.1001429592566118,0.0,762.0,637.0,0.7780825608278208,0.8199892987715596,0.9367906800737332,0.9667905925640774,0.5770197428385541,0.6523661652931018,0.284624946292822,0.3454771273904616,0.3846153846153846,0.0459317585301837,mondrian_cp,0.1,0.9543174603174605,,,,,,,,,
,,,,,,,,,temporal_2,logistic,42,platt,conformal,1399,,,,,,0.95,0.8227305218012866,0.1272694781987133,1.4567548248749107,0.5432451751250893,0.4567548248749106,0.0,0.9960629921259844,0.6153846153846154,0.5432451751250893,0.3263157894736842,0.4567548248749106,760.0,0.1272694781987133,0.0,762.0,637.0,0.801842914959795,0.8418506359558668,0.9884893048487056,0.9986601779752609,0.5770197428385541,0.6523661652931018,0.293927641500897,0.3604508987689733,0.3846153846153846,0.0039370078740157,split_cp,0.05,0.9543174603174605,,,,,,,,,
,,,,,,,,,temporal_2,logistic,42,platt,conformal,1399,,,,,,0.95,0.8613295210864903,0.0886704789135096,1.5082201572551823,0.4917798427448177,0.5082201572551823,0.0,0.9855643044619422,0.7127158555729984,0.4917798427448177,0.2819767441860465,0.5082201572551823,688.0,0.0886704789135096,0.0,762.0,637.0,0.8422279498206943,0.878452205191193,0.9743368878295928,0.9919205424478342,0.6763837887379642,0.7464977153686938,0.2496364664594345,0.3167381759169028,0.2872841444270015,0.0144356955380577,mondrian_cp,0.05,0.9543174603174605,,,,,,,,,
0.6875404310724895,0.6141714462970326,0.6156251390433816,0.626408649468267,0.2459786638658187,2.47210867727468,0.1437082990496678,0.1007219981473794,0.1343438664000854,temporal_2,logistic,42,isotonic,probability,1399,2161.0,360.0,360.0,25.0,total_clicks|active_days|active_weeks|num_sessions|night_activity_ratio|weekend_activity_ratio|material_clicks|assessment_clicks|forum_accesses|grade_page_accesses|main_page_accesses|unique_content|total_session_minutes|median_session_minutes|clicks_per_session|sessions_per_active_day|active_day_fraction|zero_activity|days_since_last_activity|days_to_first_activity|actions_week_1|actions_week_2|actions_week_3|actions_week_4|forum_posts,,,,,,,,,,,,,,,,,,,,,,,,,,,,,,,,,,,,,,,
,,,,,,,,,temporal_2,logistic,42,isotonic,conformal,1399,,,,,,0.8,0.7762687634024303,0.0237312365975697,1.359542530378842,0.640457469621158,0.359542530378842,0.0,1.0,0.5086342229199372,0.640457469621158,0.3493303571428571,0.359542530378842,896.0,0.0237312365975697,0.0,762.0,637.0,0.7536912617045811,0.7973332287248839,0.9949840025289184,1.0,0.4698764545102675,0.5472884773907408,0.3188165389000831,0.3811306047291357,0.4913657770800628,0.0,split_cp,0.2,0.9543174603174605,,,,,,,,,
,,,,,,,,,temporal_2,logistic,42,isotonic,conformal,1399,,,,,,0.8,0.8048606147248034,0.0048606147248033,1.4267333809864189,0.5732666190135811,0.4267333809864189,0.0,1.0,0.5714285714285714,0.5732666190135811,0.3403990024937656,0.4267333809864189,802.0,0.0,0.0048606147248033,762.0,637.0,0.7832705421167864,0.8247810624580306,0.9949840025289184,1.0,0.5326833126822236,0.6093174875897537,0.3084351373036506,0.3738845085797441,0.4285714285714285,0.0,mondrian_cp,0.2,0.9543174603174605,,,,,,,,,
,,,,,,,,,temporal_2,logistic,42,isotonic,conformal,1399,,,,,,0.8,0.8048606147248034,0.0048606147248033,1.4267333809864189,0.5732666190135811,0.4267333809864189,0.0,1.0,0.5714285714285714,0.5732666190135811,0.3403990024937656,0.4267333809864189,802.0,0.0,0.0048606147248033,762.0,637.0,0.7832705421167864,0.8247810624580306,0.9949840025289184,1.0,0.5326833126822236,0.6093174875897537,0.3084351373036506,0.3738845085797441,0.4285714285714285,0.0,empirical_mondrian,0.2,0.9543174603174605,,,,,,,,,
,,,,,,,,,temporal_2,logistic,42,isotonic,conformal,1399,,,,,,0.8,0.7726947819871337,0.0273052180128663,1.3545389563974268,0.6454610436025733,0.3545389563974267,0.0,1.0,0.5007849293563579,0.6454610436025733,0.3521594684385382,0.3545389563974267,903.0,0.0273052180128663,0.0,762.0,637.0,0.7500046416502293,0.7938914595110667,0.9949840025289184,1.0,0.4620685224200313,0.5394919259346056,0.3216919010261283,0.3838795663974923,0.499215070643642,0.0,weighted_cap5,0.2,0.9543174603174605,1.8020032315957973e-06,0.1100372805974939,0.360923262668147,5.0,8.082360051274982,65.85279750334381,5.0,37.44297323996049,29.482038617371312
,,,,,,,,,temporal_2,logistic,42,isotonic,conformal,1399,,,,,,0.8,0.7462473195139385,0.0537526804860615,1.2101501072194425,0.7898498927805575,0.2101501072194424,0.0,0.8556430446194225,0.6153846153846154,0.7898498927805575,0.3212669683257919,0.2101501072194424,1105.0,0.0537526804860615,0.0,762.0,637.0,0.7227915880454301,0.7683544325314151,0.8289042123219678,0.8788140676920396,0.5770197428385541,0.6523661652931018,0.2943941855506397,0.3493781528140339,0.3846153846153846,0.1443569553805774,weighted_cap10,0.2,0.9543174603174605,1.8020032315957973e-06,0.1100372805974939,0.4164788182237026,10.0,8.082360051274982,40.40454428743936,10.0,21.24577840488146,19.28200908107977
,,,,,,,,,temporal_2,logistic,42,isotonic,conformal,1399,,,,,,0.8,0.7462473195139385,0.0537526804860615,1.2101501072194425,0.7898498927805575,0.2101501072194424,0.0,0.8556430446194225,0.6153846153846154,0.7898498927805575,0.3212669683257919,0.2101501072194424,1105.0,0.0537526804860615,0.0,762.0,637.0,0.7227915880454301,0.7683544325314151,0.8289042123219678,0.8788140676920396,0.5770197428385541,0.6523661652931018,0.2943941855506397,0.3493781528140339,0.3846153846153846,0.1443569553805774,weighted_cap20,0.2,0.9543174603174605,1.8020032315957973e-06,0.1100372805974939,0.4843683879051642,20.0,8.082360051274982,24.9012249778689,20.0,12.141767478255874,12.78019964905792
,,,,,,,,,temporal_2,logistic,42,isotonic,conformal,1399,,,,,,0.8,0.8048606147248034,0.0048606147248033,1.4267333809864189,0.5732666190135811,0.4267333809864189,0.0,1.0,0.5714285714285714,0.5732666190135811,0.3403990024937656,0.4267333809864189,802.0,0.0,0.0048606147248033,762.0,637.0,0.7832705421167864,0.8247810624580306,0.9949840025289184,1.0,0.5326833126822236,0.6093174875897537,0.3084351373036506,0.3738845085797441,0.4285714285714285,0.0,weighted_p99,0.2,0.9543174603174605,1.8020032315957973e-06,0.1100372805974939,0.3951717076823134,8.082360051274982,8.082360051274982,48.45620572721316,8.082360051274982,26.03073961453751,22.70205959715282
,,,,,,,,,temporal_2,logistic,42,isotonic,conformal,1399,,,,,,0.85,0.7762687634024303,0.0737312365975696,1.359542530378842,0.640457469621158,0.359542530378842,0.0,1.0,0.5086342229199372,0.640457469621158,0.3493303571428571,0.359542530378842,896.0,0.0737312365975696,0.0,762.0,637.0,0.7536912617045811,0.7973332287248839,0.9949840025289184,1.0,0.4698764545102675,0.5472884773907408,0.3188165389000831,0.3811306047291357,0.4913657770800628,0.0,split_cp,0.15,0.9543174603174605,,,,,,,,,
,,,,,,,,,temporal_2,logistic,42,isotonic,conformal,1399,,,,,,0.85,0.8248749106504646,0.0251250893495353,1.4696211579699785,0.5303788420300214,0.4696211579699785,0.0,1.0,0.6153846153846154,0.5303788420300214,0.330188679245283,0.4696211579699785,742.0,0.0251250893495353,0.0,762.0,637.0,0.8040764483608214,0.8438941361157419,0.9949840025289184,1.0,0.5770197428385541,0.6523661652931018,0.2973013109289266,0.3648252750636835,0.3846153846153846,0.0,mondrian_cp,0.15,0.9543174603174605,,,,,,,,,
,,,,,,,,,temporal_2,logistic,42,isotonic,conformal,1399,,,,,,0.85,0.8048606147248034,0.0451393852751965,1.4267333809864189,0.5732666190135811,0.4267333809864189,0.0,1.0,0.5714285714285714,0.5732666190135811,0.3403990024937656,0.4267333809864189,802.0,0.0451393852751965,0.0,762.0,637.0,0.7832705421167864,0.8247810624580306,0.9949840025289184,1.0,0.5326833126822236,0.6093174875897537,0.3084351373036506,0.3738845085797441,0.4285714285714285,0.0,empirical_mondrian,0.15,0.9543174603174605,,,,,,,,,
,,,,,,,,,temporal_2,logistic,42,isotonic,conformal,1399,,,,,,0.85,0.8248749106504646,0.0251250893495353,1.4696211579699785,0.5303788420300214,0.4696211579699785,0.0,1.0,0.6153846153846154,0.5303788420300214,0.330188679245283,0.4696211579699785,742.0,0.0251250893495353,0.0,762.0,637.0,0.8040764483608214,0.8438941361157419,0.9949840025289184,1.0,0.5770197428385541,0.6523661652931018,0.2973013109289266,0.3648252750636835,0.3846153846153846,0.0,weighted_cap5,0.15,0.9543174603174605,1.8020032315957973e-06,0.1100372805974939,0.360923262668147,5.0,8.082360051274982,65.85279750334381,5.0,37.44297323996049,29.482038617371312
,,,,,,,,,temporal_2,logistic,42,isotonic,conformal,1399,,,,,,0.85,0.8248749106504646,0.0251250893495353,1.4696211579699785,0.5303788420300214,0.4696211579699785,0.0,1.0,0.6153846153846154,0.5303788420300214,0.330188679245283,0.4696211579699785,742.0,0.0251250893495353,0.0,762.0,637.0,0.8040764483608214,0.8438941361157419,0.9949840025289184,1.0,0.5770197428385541,0.6523661652931018,0.2973013109289266,0.3648252750636835,0.3846153846153846,0.0,weighted_cap10,0.15,0.9543174603174605,1.8020032315957973e-06,0.1100372805974939,0.4164788182237026,10.0,8.082360051274982,40.40454428743936,10.0,21.24577840488146,19.28200908107977
,,,,,,,,,temporal_2,logistic,42,isotonic,conformal,1399,,,,,,0.85,0.8248749106504646,0.0251250893495353,1.4696211579699785,0.5303788420300214,0.4696211579699785,0.0,1.0,0.6153846153846154,0.5303788420300214,0.330188679245283,0.4696211579699785,742.0,0.0251250893495353,0.0,762.0,637.0,0.8040764483608214,0.8438941361157419,0.9949840025289184,1.0,0.5770197428385541,0.6523661652931018,0.2973013109289266,0.3648252750636835,0.3846153846153846,0.0,weighted_cap20,0.15,0.9543174603174605,1.8020032315957973e-06,0.1100372805974939,0.4843683879051642,20.0,8.082360051274982,24.9012249778689,20.0,12.141767478255874,12.78019964905792
,,,,,,,,,temporal_2,logistic,42,isotonic,conformal,1399,,,,,,0.85,0.8248749106504646,0.0251250893495353,1.4696211579699785,0.5303788420300214,0.4696211579699785,0.0,1.0,0.6153846153846154,0.5303788420300214,0.330188679245283,0.4696211579699785,742.0,0.0251250893495353,0.0,762.0,637.0,0.8040764483608214,0.8438941361157419,0.9949840025289184,1.0,0.5770197428385541,0.6523661652931018,0.2973013109289266,0.3648252750636835,0.3846153846153846,0.0,weighted_p99,0.15,0.9543174603174605,1.8020032315957973e-06,0.1100372805974939,0.3951717076823134,8.082360051274982,8.082360051274982,48.45620572721316,8.082360051274982,26.03073961453751,22.70205959715282
,,,,,,,,,temporal_2,logistic,42,isotonic,conformal,1399,,,,,,0.9,0.8048606147248034,0.0951393852751966,1.4267333809864189,0.5732666190135811,0.4267333809864189,0.0,1.0,0.5714285714285714,0.5732666190135811,0.3403990024937656,0.4267333809864189,802.0,0.0951393852751966,0.0,762.0,637.0,0.7832705421167864,0.8247810624580306,0.9949840025289184,1.0,0.5326833126822236,0.6093174875897537,0.3084351373036506,0.3738845085797441,0.4285714285714285,0.0,split_cp,0.1,0.9543174603174605,,,,,,,,,
,,,,,,,,,temporal_2,logistic,42,isotonic,conformal,1399,,,,,,0.9,0.8248749106504646,0.0751250893495354,1.4710507505360972,0.5289492494639028,0.4710507505360972,0.0,1.0,0.6153846153846154,0.5289492494639028,0.3310810810810811,0.4710507505360972,740.0,0.0751250893495354,0.0,762.0,637.0,0.8040764483608214,0.8438941361157419,0.9949840025289184,1.0,0.5770197428385541,0.6523661652931018,0.2981231058878333,0.3657837696493858,0.3846153846153846,0.0,mondrian_cp,0.1,0.9543174603174605,,,,,,,,,
,,,,,,,,,temporal_2,logistic,42,isotonic,conformal,1399,,,,,,0.9,0.8248749106504646,0.0751250893495354,1.4696211579699785,0.5303788420300214,0.4696211579699785,0.0,1.0,0.6153846153846154,0.5303788420300214,0.330188679245283,0.4696211579699785,742.0,0.0751250893495354,0.0,762.0,637.0,0.8040764483608214,0.8438941361157419,0.9949840025289184,1.0,0.5770197428385541,0.6523661652931018,0.2973013109289266,0.3648252750636835,0.3846153846153846,0.0,empirical_mondrian,0.1,0.9543174603174605,,,,,,,,,
,,,,,,,,,temporal_2,logistic,42,isotonic,conformal,1399,,,,,,0.9,0.8248749106504646,0.0751250893495354,1.4696211579699785,0.5303788420300214,0.4696211579699785,0.0,1.0,0.6153846153846154,0.5303788420300214,0.330188679245283,0.4696211579699785,742.0,0.0751250893495354,0.0,762.0,637.0,0.8040764483608214,0.8438941361157419,0.9949840025289184,1.0,0.5770197428385541,0.6523661652931018,0.2973013109289266,0.3648252750636835,0.3846153846153846,0.0,weighted_cap5,0.1,0.9543174603174605,1.8020032315957973e-06,0.1100372805974939,0.360923262668147,5.0,8.082360051274982,65.85279750334381,5.0,37.44297323996049,29.482038617371312
,,,,,,,,,temporal_2,logistic,42,isotonic,conformal,1399,,,,,,0.9,0.8248749106504646,0.0751250893495354,1.4696211579699785,0.5303788420300214,0.4696211579699785,0.0,1.0,0.6153846153846154,0.5303788420300214,0.330188679245283,0.4696211579699785,742.0,0.0751250893495354,0.0,762.0,637.0,0.8040764483608214,0.8438941361157419,0.9949840025289184,1.0,0.5770197428385541,0.6523661652931018,0.2973013109289266,0.3648252750636835,0.3846153846153846,0.0,weighted_cap10,0.1,0.9543174603174605,1.8020032315957973e-06,0.1100372805974939,0.4164788182237026,10.0,8.082360051274982,40.40454428743936,10.0,21.24577840488146,19.28200908107977
,,,,,,,,,temporal_2,logistic,42,isotonic,conformal,1399,,,,,,0.9,0.8248749106504646,0.0751250893495354,1.4696211579699785,0.5303788420300214,0.4696211579699785,0.0,1.0,0.6153846153846154,0.5303788420300214,0.330188679245283,0.4696211579699785,742.0,0.0751250893495354,0.0,762.0,637.0,0.8040764483608214,0.8438941361157419,0.9949840025289184,1.0,0.5770197428385541,0.6523661652931018,0.2973013109289266,0.3648252750636835,0.3846153846153846,0.0,weighted_cap20,0.1,0.9543174603174605,1.8020032315957973e-06,0.1100372805974939,0.4843683879051642,20.0,8.082360051274982,24.9012249778689,20.0,12.141767478255874,12.78019964905792
,,,,,,,,,temporal_2,logistic,42,isotonic,conformal,1399,,,,,,0.9,0.8248749106504646,0.0751250893495354,1.4696211579699785,0.5303788420300214,0.4696211579699785,0.0,1.0,0.6153846153846154,0.5303788420300214,0.330188679245283,0.4696211579699785,742.0,0.0751250893495354,0.0,762.0,637.0,0.8040764483608214,0.8438941361157419,0.9949840025289184,1.0,0.5770197428385541,0.6523661652931018,0.2973013109289266,0.3648252750636835,0.3846153846153846,0.0,weighted_p99,0.1,0.9543174603174605,1.8020032315957973e-06,0.1100372805974939,0.3951717076823134,8.082360051274982,8.082360051274982,48.45620572721316,8.082360051274982,26.03073961453751,22.70205959715282
,,,,,,,,,temporal_2,logistic,42,isotonic,conformal,1399,,,,,,0.95,0.8248749106504646,0.1251250893495353,1.4696211579699785,0.5303788420300214,0.4696211579699785,0.0,1.0,0.6153846153846154,0.5303788420300214,0.330188679245283,0.4696211579699785,742.0,0.1251250893495353,0.0,762.0,637.0,0.8040764483608214,0.8438941361157419,0.9949840025289184,1.0,0.5770197428385541,0.6523661652931018,0.2973013109289266,0.3648252750636835,0.3846153846153846,0.0,split_cp,0.05,0.9543174603174605,,,,,,,,,
,,,,,,,,,temporal_2,logistic,42,isotonic,conformal,1399,,,,,,0.95,0.9099356683345248,0.0400643316654752,1.660471765546819,0.3395282344531808,0.6604717655468192,0.0,1.0,0.8021978021978022,0.3395282344531808,0.2652631578947368,0.6604717655468192,475.0,0.0400643316654752,0.0,762.0,637.0,0.8937906511834526,0.9238355978755336,0.9949840025289184,1.0,0.7694921089753783,0.8312805075599108,0.227559680154445,0.306732942399142,0.1978021978021978,0.0,mondrian_cp,0.05,0.9543174603174605,,,,,,,,,
,,,,,,,,,temporal_2,logistic,42,isotonic,conformal,1399,,,,,,0.95,0.9099356683345248,0.0400643316654752,1.660471765546819,0.3395282344531808,0.6604717655468192,0.0,1.0,0.8021978021978022,0.3395282344531808,0.2652631578947368,0.6604717655468192,475.0,0.0400643316654752,0.0,762.0,637.0,0.8937906511834526,0.9238355978755336,0.9949840025289184,1.0,0.7694921089753783,0.8312805075599108,0.227559680154445,0.306732942399142,0.1978021978021978,0.0,empirical_mondrian,0.05,0.9543174603174605,,,,,,,,,
,,,,,,,,,temporal_2,logistic,42,isotonic,conformal,1399,,,,,,0.95,0.8398856325947105,0.1101143674052894,1.4996426018584703,0.5003573981415297,0.4996426018584703,0.0,1.0,0.6483516483516484,0.5003573981415297,0.32,0.4996426018584703,700.0,0.1101143674052894,0.0,762.0,637.0,0.8197426154203774,0.8581672039824958,0.9949840025289184,1.0,0.610483127236423,0.6844416117899917,0.2865064412527213,0.3554583835783806,0.3516483516483517,0.0,weighted_cap5,0.05,0.9543174603174605,1.8020032315957973e-06,0.1100372805974939,0.360923262668147,5.0,8.082360051274982,65.85279750334381,5.0,37.44297323996049,29.482038617371312
,,,,,,,,,temporal_2,logistic,42,isotonic,conformal,1399,,,,,,0.95,0.8248749106504646,0.1251250893495353,1.4710507505360972,0.5289492494639028,0.4710507505360972,0.0,1.0,0.6153846153846154,0.5289492494639028,0.3310810810810811,0.4710507505360972,740.0,0.1251250893495353,0.0,762.0,637.0,0.8040764483608214,0.8438941361157419,0.9949840025289184,1.0,0.5770197428385541,0.6523661652931018,0.2981231058878333,0.3657837696493858,0.3846153846153846,0.0,weighted_cap10,0.05,0.9543174603174605,1.8020032315957973e-06,0.1100372805974939,0.4164788182237026,10.0,8.082360051274982,40.40454428743936,10.0,21.24577840488146,19.28200908107977
,,,,,,,,,temporal_2,logistic,42,isotonic,conformal,1399,,,,,,0.95,0.8248749106504646,0.1251250893495353,1.4696211579699785,0.5303788420300214,0.4696211579699785,0.0,1.0,0.6153846153846154,0.5303788420300214,0.330188679245283,0.4696211579699785,742.0,0.1251250893495353,0.0,762.0,637.0,0.8040764483608214,0.8438941361157419,0.9949840025289184,1.0,0.5770197428385541,0.6523661652931018,0.2973013109289266,0.3648252750636835,0.3846153846153846,0.0,weighted_cap20,0.05,0.9543174603174605,1.8020032315957973e-06,0.1100372805974939,0.4843683879051642,20.0,8.082360051274982,24.9012249778689,20.0,12.141767478255874,12.78019964905792
,,,,,,,,,temporal_2,logistic,42,isotonic,conformal,1399,,,,,,0.95,0.8248749106504646,0.1251250893495353,1.4710507505360972,0.5289492494639028,0.4710507505360972,0.0,1.0,0.6153846153846154,0.5289492494639028,0.3310810810810811,0.4710507505360972,740.0,0.1251250893495353,0.0,762.0,637.0,0.8040764483608214,0.8438941361157419,0.9949840025289184,1.0,0.5770197428385541,0.6523661652931018,0.2981231058878333,0.3657837696493858,0.3846153846153846,0.0,weighted_p99,0.05,0.9543174603174605,1.8020032315957973e-06,0.1100372805974939,0.3951717076823134,8.082360051274982,8.082360051274982,48.45620572721316,8.082360051274982,26.03073961453751,22.70205959715282
0.6527810397326708,0.6329934356987249,0.5883847145703903,0.6140774298817043,0.2636738921746816,0.7901196772217393,0.1766074941649801,0.438234785905269,0.3547459268002593,temporal_2,catboost,42,none,probability,1399,2161.0,360.0,360.0,25.0,total_clicks|active_days|active_weeks|num_sessions|night_activity_ratio|weekend_activity_ratio|material_clicks|assessment_clicks|forum_accesses|grade_page_accesses|main_page_accesses|unique_content|total_session_minutes|median_session_minutes|clicks_per_session|sessions_per_active_day|active_day_fraction|zero_activity|days_since_last_activity|days_to_first_activity|actions_week_1|actions_week_2|actions_week_3|actions_week_4|forum_posts,,,,,,,,,,,,,,,,,,,,,,,,,,,,,,,,,,,,,,,
,,,,,,,,,temporal_2,catboost,42,none,conformal,1399,,,,,,0.8,0.6954967834167263,0.1045032165832737,1.1493924231593995,0.8506075768406004,0.1493924231593995,0.0,0.952755905511811,0.3877551020408163,0.8506075768406004,0.3579831932773109,0.1493924231593995,1190.0,0.1045032165832737,0.0,762.0,637.0,0.6708737881692134,0.7190491047996318,0.9352882362723608,0.965681529797132,0.3506982552112513,0.4261576300756414,0.3312419383514846,0.3856383915259141,0.6122448979591837,0.0472440944881889,split_cp,0.2,0.9543174603174605,,,,,,,,,
,,,,,,,,,temporal_2,catboost,42,none,conformal,1399,,,,,,0.8,0.7040743388134382,0.0959256611865618,1.1686919228020014,0.8313080771979986,0.1686919228020014,0.0,0.9448818897637796,0.4160125588697017,0.8313080771979986,0.3559759243336199,0.1686919228020014,1163.0,0.0959256611865618,0.0,762.0,637.0,0.6796229259119904,0.7274081013004603,0.9263343165969964,0.9589664100625924,0.3783509876275084,0.4546810384263204,0.3289731486367834,0.3839270080489601,0.5839874411302983,0.0551181102362204,mondrian_cp,0.2,0.9543174603174605,,,,,,,,,
,,,,,,,,,temporal_2,catboost,42,none,conformal,1399,,,,,,0.85,0.7269478198713367,0.1230521801286632,1.2380271622587562,0.7619728377412437,0.2380271622587562,0.0,0.963254593175853,0.4442700156985871,0.7619728377412437,0.3583489681050656,0.2380271622587562,1066.0,0.1230521801286632,0.0,762.0,637.0,0.7030040002673248,0.7496487182614078,0.9474053169134508,0.9744565017025814,0.4061320996177355,0.4830760672030296,0.3301194331605626,0.3875957502340871,0.5557299843014128,0.0367454068241469,split_cp,0.15,0.9543174603174605,,,,,,,,,
,,,,,,,,,temporal_2,catboost,42,none,conformal,1399,,,,,,0.85,0.7333809864188706,0.1166190135811293,1.243745532523231,0.7562544674767692,0.2437455325232309,0.0,0.9553805774278216,0.4678178963893249,0.7562544674767692,0.3525519848771266,0.2437455325232309,1058.0,0.1166190135811293,0.0,762.0,637.0,0.709593575153518,0.7558902440579186,0.9382963182789978,0.96789646092713,0.4293788476837105,0.506642769776168,0.3243440668101522,0.3818267580260578,0.5321821036106751,0.0446194225721784,mondrian_cp,0.15,0.9543174603174605,,,,,,,,,
,,,,,,,,,temporal_2,catboost,42,none,conformal,1399,,,,,,0.9,0.7533952823445318,0.1466047176554682,1.305218012866333,0.6947819871336669,0.3052180128663331,0.0,0.979002624671916,0.4835164835164835,0.6947819871336669,0.3549382716049383,0.3052180128663331,972.0,0.1466047176554682,0.0,762.0,637.0,0.7301350486298689,0.7752677504833142,0.9661651927883244,0.987034704647516,0.4449244591063036,0.522306125446317,0.3254821694809907,0.3855364622332249,0.5164835164835165,0.0209973753280839,split_cp,0.1,0.9543174603174605,,,,,,,,,
,,,,,,,,,temporal_2,catboost,42,none,conformal,1399,,,,,,0.9,0.7762687634024303,0.1237312365975696,1.3495353824160117,0.6504646175839885,0.3495353824160114,0.0,0.9658792650918636,0.5494505494505495,0.6504646175839885,0.3439560439560439,0.3495353824160114,910.0,0.1237312365975696,0.0,762.0,637.0,0.7536912617045811,0.7973332287248839,0.9504744919071312,0.9766103398455356,0.510631026849682,0.5876772194924563,0.3138064380953378,0.3754175544706156,0.4505494505494505,0.0341207349081364,mondrian_cp,0.1,0.9543174603174605,,,,,,,,,
,,,,,,,,,temporal_2,catboost,42,none,conformal,1399,,,,,,0.95,0.7991422444603288,0.1508577555396711,1.4145818441744102,0.5854181558255898,0.4145818441744103,0.0,0.9908136482939632,0.5698587127158555,0.5854181558255898,0.3431013431013431,0.4145818441744103,819.0,0.1508577555396711,0.0,762.0,637.0,0.7773418393449165,0.8193043424008299,0.9811603117386596,0.9955431448120372,0.53110562271536,0.6077742808473431,0.3113878335252321,0.3762798243874654,0.4301412872841444,0.0091863517060367,split_cp,0.05,0.9543174603174605,,,,,,,,,
,,,,,,,,,temporal_2,catboost,42,none,conformal,1399,,,,,,0.95,0.8320228734810579,0.1179771265189421,1.483917083631165,0.5160829163688349,0.4839170836311651,0.0,0.9855643044619422,0.6483516483516484,0.5160829163688349,0.3254847645429363,0.4839170836311651,722.0,0.1179771265189421,0.0,762.0,637.0,0.8115295184178625,0.8506978445950389,0.9743368878295928,0.9919205424478342,0.610483127236423,0.6844416117899917,0.2923088904361861,0.3605078549596539,0.3516483516483517,0.0144356955380577,mondrian_cp,0.05,0.9543174603174605,,,,,,,,,
0.6527810397326708,0.6329934356987249,0.5538881507428434,0.5922528914654899,0.2361647052498155,0.666393537410921,0.0813484372527799,1.1384853824261296,0.4239231785440948,temporal_2,catboost,42,platt,probability,1399,2161.0,360.0,360.0,25.0,total_clicks|active_days|active_weeks|num_sessions|night_activity_ratio|weekend_activity_ratio|material_clicks|assessment_clicks|forum_accesses|grade_page_accesses|main_page_accesses|unique_content|total_session_minutes|median_session_minutes|clicks_per_session|sessions_per_active_day|active_day_fraction|zero_activity|days_since_last_activity|days_to_first_activity|actions_week_1|actions_week_2|actions_week_3|actions_week_4|forum_posts,,,,,,,,,,,,,,,,,,,,,,,,,,,,,,,,,,,,,,,
,,,,,,,,,temporal_2,catboost,42,platt,conformal,1399,,,,,,0.8,0.6926375982844889,0.1073624017155111,1.1629735525375269,0.8370264474624732,0.1629735525375268,0.0,0.963254593175853,0.368916797488226,0.8370264474624732,0.3672075149444919,0.1629735525375268,1171.0,0.1073624017155111,0.0,762.0,637.0,0.6679596077453568,0.716260573808953,0.9474053169134508,0.9744565017025814,0.332336583596133,0.4070685411794689,0.3400741274322508,0.3952093036511382,0.631083202511774,0.0367454068241469,split_cp,0.2,0.9543174603174605,,,,,,,,,
,,,,,,,,,temporal_2,catboost,42,platt,conformal,1399,,,,,,0.8,0.7040743388134382,0.0959256611865618,1.1686919228020014,0.8313080771979986,0.1686919228020014,0.0,0.9448818897637796,0.4160125588697017,0.8313080771979986,0.3559759243336199,0.1686919228020014,1163.0,0.0959256611865618,0.0,762.0,637.0,0.6796229259119904,0.7274081013004603,0.9263343165969964,0.9589664100625924,0.3783509876275084,0.4546810384263204,0.3289731486367834,0.3839270080489601,0.5839874411302983,0.0551181102362204,mondrian_cp,0.2,0.9543174603174605,,,,,,,,,
,,,,,,,,,temporal_2,catboost,42,platt,conformal,1399,,,,,,0.85,0.7083631165117942,0.1416368834882058,1.1944245889921372,0.8055754110078628,0.1944245889921372,0.0,0.9750656167979004,0.3893249607535322,0.8055754110078628,0.3620230700976042,0.1944245889921372,1127.0,0.1416368834882058,0.0,762.0,637.0,0.6840012611925348,0.7315838331417188,0.961385318141046,0.9839800595898422,0.3522310805089084,0.4277457014872586,0.3344775501325436,0.3905060029781387,0.6106750392464678,0.0249343832020997,split_cp,0.15,0.9543174603174605,,,,,,,,,
,,,,,,,,,temporal_2,catboost,42,platt,conformal,1399,,,,,,0.85,0.7333809864188706,0.1166190135811293,1.243745532523231,0.7562544674767692,0.2437455325232309,0.0,0.9553805774278216,0.4678178963893249,0.7562544674767692,0.3525519848771266,0.2437455325232309,1058.0,0.1166190135811293,0.0,762.0,637.0,0.709593575153518,0.7558902440579186,0.9382963182789978,0.96789646092713,0.4293788476837105,0.506642769776168,0.3243440668101522,0.3818267580260578,0.5321821036106751,0.0446194225721784,mondrian_cp,0.15,0.9543174603174605,,,,,,,,,
,,,,,,,,,temporal_2,catboost,42,platt,conformal,1399,,,,,,0.9,0.7390993566833453,0.1609006433166547,1.2737669764117228,0.7262330235882773,0.2737669764117226,0.0,0.9855643044619422,0.4442700156985871,0.7262330235882773,0.359251968503937,0.2737669764117226,1016.0,0.1609006433166547,0.0,762.0,637.0,0.7154562076619032,0.7614330343786039,0.9743368878295928,0.9919205424478342,0.4061320996177355,0.4830760672030296,0.3303314450729191,0.389232809227235,0.5557299843014128,0.0144356955380577,split_cp,0.1,0.9543174603174605,,,,,,,,,
,,,,,,,,,temporal_2,catboost,42,platt,conformal,1399,,,,,,0.9,0.7762687634024303,0.1237312365975696,1.3495353824160117,0.6504646175839885,0.3495353824160114,0.0,0.9658792650918636,0.5494505494505495,0.6504646175839885,0.3439560439560439,0.3495353824160114,910.0,0.1237312365975696,0.0,762.0,637.0,0.7536912617045811,0.7973332287248839,0.9504744919071312,0.9766103398455356,0.510631026849682,0.5876772194924563,0.3138064380953378,0.3754175544706156,0.4505494505494505,0.0341207349081364,mondrian_cp,0.1,0.9543174603174605,,,,,,,,,
,,,,,,,,,temporal_2,catboost,42,platt,conformal,1399,,,,,,0.95,0.7934238741958541,0.1565761258041458,1.4124374553252323,0.5875625446747677,0.4124374553252323,0.0,0.994750656167979,0.5525902668759811,0.5875625446747677,0.3515815085158151,0.4124374553252323,822.0,0.1565761258041458,0.0,762.0,637.0,0.7714197565711685,0.8138210023455075,0.9865811807493734,0.9979567955062754,0.5137767084748361,0.5907733312858505,0.3197003666479198,0.3848434081966694,0.4474097331240188,0.0052493438320209,split_cp,0.05,0.9543174603174605,,,,,,,,,
,,,,,,,,,temporal_2,catboost,42,platt,conformal,1399,,,,,,0.95,0.8320228734810579,0.1179771265189421,1.483917083631165,0.5160829163688349,0.4839170836311651,0.0,0.9855643044619422,0.6483516483516484,0.5160829163688349,0.3254847645429363,0.4839170836311651,722.0,0.1179771265189421,0.0,762.0,637.0,0.8115295184178625,0.8506978445950389,0.9743368878295928,0.9919205424478342,0.610483127236423,0.6844416117899917,0.2923088904361861,0.3605078549596539,0.3516483516483517,0.0144356955380577,mondrian_cp,0.05,0.9543174603174605,,,,,,,,,
0.6391107018216131,0.5871456158782119,0.6074975410439839,0.6133646068966654,0.2564014690052701,2.576702120306161,0.1345707603224996,0.0592911635238863,-0.0389278031081864,temporal_2,catboost,42,isotonic,probability,1399,2161.0,360.0,360.0,25.0,total_clicks|active_days|active_weeks|num_sessions|night_activity_ratio|weekend_activity_ratio|material_clicks|assessment_clicks|forum_accesses|grade_page_accesses|main_page_accesses|unique_content|total_session_minutes|median_session_minutes|clicks_per_session|sessions_per_active_day|active_day_fraction|zero_activity|days_since_last_activity|days_to_first_activity|actions_week_1|actions_week_2|actions_week_3|actions_week_4|forum_posts,,,,,,,,,,,,,,,,,,,,,,,,,,,,,,,,,,,,,,,
,,,,,,,,,temporal_2,catboost,42,isotonic,conformal,1399,,,,,,0.8,0.73409578270193,0.06590421729807,1.2601858470335954,0.7398141529664046,0.2601858470335954,0.0,0.9881889763779528,0.4301412872841444,0.7398141529664046,0.3594202898550724,0.2601858470335954,1035.0,0.06590421729807,0.0,762.0,637.0,0.7103261325996282,0.7565833644654423,0.9777064971031656,0.9937739463108964,0.3922257191526569,0.46889437728464,0.3307571084096138,0.3891231509609094,0.5698587127158555,0.0118110236220472,split_cp,0.2,0.9543174603174605,,,,,,,,,
,,,,,,,,,temporal_2,catboost,42,isotonic,conformal,1399,,,,,,0.8,0.73409578270193,0.06590421729807,1.2601858470335954,0.7398141529664046,0.2601858470335954,0.0,0.9881889763779528,0.4301412872841444,0.7398141529664046,0.3594202898550724,0.2601858470335954,1035.0,0.06590421729807,0.0,762.0,637.0,0.7103261325996282,0.7565833644654423,0.9777064971031656,0.9937739463108964,0.3922257191526569,0.46889437728464,0.3307571084096138,0.3891231509609094,0.5698587127158555,0.0118110236220472,mondrian_cp,0.2,0.9543174603174605,,,,,,,,,
,,,,,,,,,temporal_2,catboost,42,isotonic,conformal,1399,,,,,,0.8,0.73409578270193,0.06590421729807,1.2601858470335954,0.7398141529664046,0.2601858470335954,0.0,0.9881889763779528,0.4301412872841444,0.7398141529664046,0.3594202898550724,0.2601858470335954,1035.0,0.06590421729807,0.0,762.0,637.0,0.7103261325996282,0.7565833644654423,0.9777064971031656,0.9937739463108964,0.3922257191526569,0.46889437728464,0.3307571084096138,0.3891231509609094,0.5698587127158555,0.0118110236220472,empirical_mondrian,0.2,0.9543174603174605,,,,,,,,,
,,,,,,,,,temporal_2,catboost,42,isotonic,conformal,1399,,,,,,0.8,0.73409578270193,0.06590421729807,1.2601858470335954,0.7398141529664046,0.2601858470335954,0.0,0.9881889763779528,0.4301412872841444,0.7398141529664046,0.3594202898550724,0.2601858470335954,1035.0,0.06590421729807,0.0,762.0,637.0,0.7103261325996282,0.7565833644654423,0.9777064971031656,0.9937739463108964,0.3922257191526569,0.46889437728464,0.3307571084096138,0.3891231509609094,0.5698587127158555,0.0118110236220472,weighted_cap5,0.2,0.9543174603174605,1.8020032315957973e-06,0.1100372805974939,0.360923262668147,5.0,8.082360051274982,65.85279750334381,5.0,37.44297323996049,29.482038617371312
,,,,,,,,,temporal_2,catboost,42,isotonic,conformal,1399,,,,,,0.8,0.7405289492494639,0.0594710507505361,1.2802001429592569,0.7197998570407433,0.2802001429592566,0.0,0.9881889763779528,0.4442700156985871,0.7197998570407433,0.3604766633565044,0.2802001429592566,1007.0,0.0594710507505361,0.0,762.0,637.0,0.7169226479408228,0.7628179498069518,0.9777064971031656,0.9937739463108964,0.4061320996177355,0.4830760672030296,0.3314033911474678,0.390610385050601,0.5557299843014128,0.0118110236220472,weighted_cap10,0.2,0.9543174603174605,1.8020032315957973e-06,0.1100372805974939,0.4164788182237026,10.0,8.082360051274982,40.40454428743936,10.0,21.24577840488146,19.28200908107977
,,,,,,,,,temporal_2,catboost,42,isotonic,conformal,1399,,,,,,0.8,0.8263045032165832,0.0263045032165831,1.4781987133666905,0.5218012866333095,0.4781987133666905,0.0,0.9881889763779528,0.6326530612244898,0.5218012866333095,0.3328767123287671,0.4781987133666905,730.0,0.0,0.0263045032165831,762.0,637.0,0.8055660749074774,0.8452558652763534,0.9777064971031656,0.9937739463108964,0.5945249327539942,0.6691908391796783,0.2996452539696586,0.3678578598607926,0.3673469387755102,0.0118110236220472,weighted_cap20,0.2,0.9543174603174605,1.8020032315957973e-06,0.1100372805974939,0.4843683879051642,20.0,8.082360051274982,24.9012249778689,20.0,12.141767478255874,12.78019964905792
,,,,,,,,,temporal_2,catboost,42,isotonic,conformal,1399,,,,,,0.8,0.7405289492494639,0.0594710507505361,1.2802001429592569,0.7197998570407433,0.2802001429592566,0.0,0.9881889763779528,0.4442700156985871,0.7197998570407433,0.3604766633565044,0.2802001429592566,1007.0,0.0594710507505361,0.0,762.0,637.0,0.7169226479408228,0.7628179498069518,0.9777064971031656,0.9937739463108964,0.4061320996177355,0.4830760672030296,0.3314033911474678,0.390610385050601,0.5557299843014128,0.0118110236220472,weighted_p99,0.2,0.9543174603174605,1.8020032315957973e-06,0.1100372805974939,0.3951717076823134,8.082360051274982,8.082360051274982,48.45620572721316,8.082360051274982,26.03073961453751,22.70205959715282
,,,,,,,,,temporal_2,catboost,42,isotonic,conformal,1399,,,,,,0.85,0.73409578270193,0.1159042172980699,1.2601858470335954,0.7398141529664046,0.2601858470335954,0.0,0.9881889763779528,0.4301412872841444,0.7398141529664046,0.3594202898550724,0.2601858470335954,1035.0,0.1159042172980699,0.0,762.0,637.0,0.7103261325996282,0.7565833644654423,0.9777064971031656,0.9937739463108964,0.3922257191526569,0.46889437728464,0.3307571084096138,0.3891231509609094,0.5698587127158555,0.0118110236220472,split_cp,0.15,0.9543174603174605,,,,,,,,,
,,,,,,,,,temporal_2,catboost,42,isotonic,conformal,1399,,,,,,0.85,0.8263045032165832,0.0236954967834167,1.4781987133666905,0.5218012866333095,0.4781987133666905,0.0,0.9881889763779528,0.6326530612244898,0.5218012866333095,0.3328767123287671,0.4781987133666905,730.0,0.0236954967834167,0.0,762.0,637.0,0.8055660749074774,0.8452558652763534,0.9777064971031656,0.9937739463108964,0.5945249327539942,0.6691908391796783,0.2996452539696586,0.3678578598607926,0.3673469387755102,0.0118110236220472,mondrian_cp,0.15,0.9543174603174605,,,,,,,,,
,,,,,,,,,temporal_2,catboost,42,isotonic,conformal,1399,,,,,,0.85,0.8263045032165832,0.0236954967834167,1.4781987133666905,0.5218012866333095,0.4781987133666905,0.0,0.9881889763779528,0.6326530612244898,0.5218012866333095,0.3328767123287671,0.4781987133666905,730.0,0.0236954967834167,0.0,762.0,637.0,0.8055660749074774,0.8452558652763534,0.9777064971031656,0.9937739463108964,0.5945249327539942,0.6691908391796783,0.2996452539696586,0.3678578598607926,0.3673469387755102,0.0118110236220472,empirical_mondrian,0.15,0.9543174603174605,,,,,,,,,
,,,,,,,,,temporal_2,catboost,42,isotonic,conformal,1399,,,,,,0.85,0.8263045032165832,0.0236954967834167,1.4781987133666905,0.5218012866333095,0.4781987133666905,0.0,0.9881889763779528,0.6326530612244898,0.5218012866333095,0.3328767123287671,0.4781987133666905,730.0,0.0236954967834167,0.0,762.0,637.0,0.8055660749074774,0.8452558652763534,0.9777064971031656,0.9937739463108964,0.5945249327539942,0.6691908391796783,0.2996452539696586,0.3678578598607926,0.3673469387755102,0.0118110236220472,weighted_cap5,0.15,0.9543174603174605,1.8020032315957973e-06,0.1100372805974939,0.360923262668147,5.0,8.082360051274982,65.85279750334381,5.0,37.44297323996049,29.482038617371312
,,,,,,,,,temporal_2,catboost,42,isotonic,conformal,1399,,,,,,0.85,0.8263045032165832,0.0236954967834167,1.4781987133666905,0.5218012866333095,0.4781987133666905,0.0,0.9881889763779528,0.6326530612244898,0.5218012866333095,0.3328767123287671,0.4781987133666905,730.0,0.0236954967834167,0.0,762.0,637.0,0.8055660749074774,0.8452558652763534,0.9777064971031656,0.9937739463108964,0.5945249327539942,0.6691908391796783,0.2996452539696586,0.3678578598607926,0.3673469387755102,0.0118110236220472,weighted_cap10,0.15,0.9543174603174605,1.8020032315957973e-06,0.1100372805974939,0.4164788182237026,10.0,8.082360051274982,40.40454428743936,10.0,21.24577840488146,19.28200908107977
,,,,,,,,,temporal_2,catboost,42,isotonic,conformal,1399,,,,,,0.85,0.8263045032165832,0.0236954967834167,1.4781987133666905,0.5218012866333095,0.4781987133666905,0.0,0.9881889763779528,0.6326530612244898,0.5218012866333095,0.3328767123287671,0.4781987133666905,730.0,0.0236954967834167,0.0,762.0,637.0,0.8055660749074774,0.8452558652763534,0.9777064971031656,0.9937739463108964,0.5945249327539942,0.6691908391796783,0.2996452539696586,0.3678578598607926,0.3673469387755102,0.0118110236220472,weighted_cap20,0.15,0.9543174603174605,1.8020032315957973e-06,0.1100372805974939,0.4843683879051642,20.0,8.082360051274982,24.9012249778689,20.0,12.141767478255874,12.78019964905792
,,,,,,,,,temporal_2,catboost,42,isotonic,conformal,1399,,,,,,0.85,0.8263045032165832,0.0236954967834167,1.4781987133666905,0.5218012866333095,0.4781987133666905,0.0,0.9881889763779528,0.6326530612244898,0.5218012866333095,0.3328767123287671,0.4781987133666905,730.0,0.0236954967834167,0.0,762.0,637.0,0.8055660749074774,0.8452558652763534,0.9777064971031656,0.9937739463108964,0.5945249327539942,0.6691908391796783,0.2996452539696586,0.3678578598607926,0.3673469387755102,0.0118110236220472,weighted_p99,0.15,0.9543174603174605,1.8020032315957973e-06,0.1100372805974939,0.3951717076823134,8.082360051274982,8.082360051274982,48.45620572721316,8.082360051274982,26.03073961453751,22.70205959715282
,,,,,,,,,temporal_2,catboost,42,isotonic,conformal,1399,,,,,,0.9,0.7376697641172266,0.1623302358827734,1.2816297355253752,0.7183702644746247,0.2816297355253753,0.0,0.994750656167979,0.4301412872841444,0.7183702644746247,0.3651741293532338,0.2816297355253753,1005.0,0.1623302358827734,0.0,762.0,637.0,0.7139900818859313,0.7600478044473082,0.9865811807493734,0.9979567955062754,0.3922257191526569,0.46889437728464,0.3359723108068954,0.3954027257456358,0.5698587127158555,0.0052493438320209,split_cp,0.1,0.9543174603174605,,,,,,,,,
,,,,,,,,,temporal_2,catboost,42,isotonic,conformal,1399,,,,,,0.9,0.8263045032165832,0.0736954967834168,1.4781987133666905,0.5218012866333095,0.4781987133666905,0.0,0.9881889763779528,0.6326530612244898,0.5218012866333095,0.3328767123287671,0.4781987133666905,730.0,0.0736954967834168,0.0,762.0,637.0,0.8055660749074774,0.8452558652763534,0.9777064971031656,0.9937739463108964,0.5945249327539942,0.6691908391796783,0.2996452539696586,0.3678578598607926,0.3673469387755102,0.0118110236220472,mondrian_cp,0.1,0.9543174603174605,,,,,,,,,
,,,,,,,,,temporal_2,catboost,42,isotonic,conformal,1399,,,,,,0.9,0.8263045032165832,0.0736954967834168,1.4781987133666905,0.5218012866333095,0.4781987133666905,0.0,0.9881889763779528,0.6326530612244898,0.5218012866333095,0.3328767123287671,0.4781987133666905,730.0,0.0736954967834168,0.0,762.0,637.0,0.8055660749074774,0.8452558652763534,0.9777064971031656,0.9937739463108964,0.5945249327539942,0.6691908391796783,0.2996452539696586,0.3678578598607926,0.3673469387755102,0.0118110236220472,empirical_mondrian,0.1,0.9543174603174605,,,,,,,,,
,,,,,,,,,temporal_2,catboost,42,isotonic,conformal,1399,,,,,,0.9,0.8263045032165832,0.0736954967834168,1.4781987133666905,0.5218012866333095,0.4781987133666905,0.0,0.9881889763779528,0.6326530612244898,0.5218012866333095,0.3328767123287671,0.4781987133666905,730.0,0.0736954967834168,0.0,762.0,637.0,0.8055660749074774,0.8452558652763534,0.9777064971031656,0.9937739463108964,0.5945249327539942,0.6691908391796783,0.2996452539696586,0.3678578598607926,0.3673469387755102,0.0118110236220472,weighted_cap5,0.1,0.9543174603174605,1.8020032315957973e-06,0.1100372805974939,0.360923262668147,5.0,8.082360051274982,65.85279750334381,5.0,37.44297323996049,29.482038617371312
,,,,,,,,,temporal_2,catboost,42,isotonic,conformal,1399,,,,,,0.9,0.8263045032165832,0.0736954967834168,1.4781987133666905,0.5218012866333095,0.4781987133666905,0.0,0.9881889763779528,0.6326530612244898,0.5218012866333095,0.3328767123287671,0.4781987133666905,730.0,0.0736954967834168,0.0,762.0,637.0,0.8055660749074774,0.8452558652763534,0.9777064971031656,0.9937739463108964,0.5945249327539942,0.6691908391796783,0.2996452539696586,0.3678578598607926,0.3673469387755102,0.0118110236220472,weighted_cap10,0.1,0.9543174603174605,1.8020032315957973e-06,0.1100372805974939,0.4164788182237026,10.0,8.082360051274982,40.40454428743936,10.0,21.24577840488146,19.28200908107977
,,,,,,,,,temporal_2,catboost,42,isotonic,conformal,1399,,,,,,0.9,0.8263045032165832,0.0736954967834168,1.4781987133666905,0.5218012866333095,0.4781987133666905,0.0,0.9881889763779528,0.6326530612244898,0.5218012866333095,0.3328767123287671,0.4781987133666905,730.0,0.0736954967834168,0.0,762.0,637.0,0.8055660749074774,0.8452558652763534,0.9777064971031656,0.9937739463108964,0.5945249327539942,0.6691908391796783,0.2996452539696586,0.3678578598607926,0.3673469387755102,0.0118110236220472,weighted_cap20,0.1,0.9543174603174605,1.8020032315957973e-06,0.1100372805974939,0.4843683879051642,20.0,8.082360051274982,24.9012249778689,20.0,12.141767478255874,12.78019964905792
,,,,,,,,,temporal_2,catboost,42,isotonic,conformal,1399,,,,,,0.9,0.8263045032165832,0.0736954967834168,1.4781987133666905,0.5218012866333095,0.4781987133666905,0.0,0.9881889763779528,0.6326530612244898,0.5218012866333095,0.3328767123287671,0.4781987133666905,730.0,0.0736954967834168,0.0,762.0,637.0,0.8055660749074774,0.8452558652763534,0.9777064971031656,0.9937739463108964,0.5945249327539942,0.6691908391796783,0.2996452539696586,0.3678578598607926,0.3673469387755102,0.0118110236220472,weighted_p99,0.1,0.9543174603174605,1.8020032315957973e-06,0.1100372805974939,0.3951717076823134,8.082360051274982,8.082360051274982,48.45620572721316,8.082360051274982,26.03073961453751,22.70205959715282
,,,,,,,,,temporal_2,catboost,42,isotonic,conformal,1399,,,,,,0.95,0.8305932809149392,0.1194067190850607,1.5003573981415297,0.4996426018584703,0.5003573981415297,0.0,0.9960629921259844,0.6326530612244898,0.4996426018584703,0.3390557939914163,0.5003573981415297,699.0,0.1194067190850607,0.0,762.0,637.0,0.810037907152104,0.8493381001535298,0.9884893048487056,0.9986601779752609,0.5945249327539942,0.6691908391796783,0.3049268696268629,0.3749440355733937,0.3673469387755102,0.0039370078740157,split_cp,0.05,0.9543174603174605,,,,,,,,,
,,,,,,,,,temporal_2,catboost,42,isotonic,conformal,1399,,,,,,0.95,0.9292351679771264,0.0207648320228734,1.7583988563259472,0.2416011436740529,0.7583988563259471,0.0,0.9881889763779528,0.858712715855573,0.2416011436740529,0.2928994082840236,0.7583988563259471,338.0,0.0207648320228734,0.0,762.0,637.0,0.914589544346739,0.9415300067603596,0.9777064971031656,0.9937739463108964,0.8295088888202812,0.88361600924888,0.2469274667887546,0.3435259542708772,0.141287284144427,0.0118110236220472,mondrian_cp,0.05,0.9543174603174605,,,,,,,,,
,,,,,,,,,temporal_2,catboost,42,isotonic,conformal,1399,,,,,,0.95,0.9292351679771264,0.0207648320228734,1.7583988563259472,0.2416011436740529,0.7583988563259471,0.0,0.9881889763779528,0.858712715855573,0.2416011436740529,0.2928994082840236,0.7583988563259471,338.0,0.0207648320228734,0.0,762.0,637.0,0.914589544346739,0.9415300067603596,0.9777064971031656,0.9937739463108964,0.8295088888202812,0.88361600924888,0.2469274667887546,0.3435259542708772,0.141287284144427,0.0118110236220472,empirical_mondrian,0.05,0.9543174603174605,,,,,,,,,
,,,,,,,,,temporal_2,catboost,42,isotonic,conformal,1399,,,,,,0.95,0.8263045032165832,0.1236954967834167,1.4781987133666905,0.5218012866333095,0.4781987133666905,0.0,0.9881889763779528,0.6326530612244898,0.5218012866333095,0.3328767123287671,0.4781987133666905,730.0,0.1236954967834167,0.0,762.0,637.0,0.8055660749074774,0.8452558652763534,0.9777064971031656,0.9937739463108964,0.5945249327539942,0.6691908391796783,0.2996452539696586,0.3678578598607926,0.3673469387755102,0.0118110236220472,weighted_cap5,0.05,0.9543174603174605,1.8020032315957973e-06,0.1100372805974939,0.360923262668147,5.0,8.082360051274982,65.85279750334381,5.0,37.44297323996049,29.482038617371312
,,,,,,,,,temporal_2,catboost,42,isotonic,conformal,1399,,,,,,0.95,0.8263045032165832,0.1236954967834167,1.4781987133666905,0.5218012866333095,0.4781987133666905,0.0,0.9881889763779528,0.6326530612244898,0.5218012866333095,0.3328767123287671,0.4781987133666905,730.0,0.1236954967834167,0.0,762.0,637.0,0.8055660749074774,0.8452558652763534,0.9777064971031656,0.9937739463108964,0.5945249327539942,0.6691908391796783,0.2996452539696586,0.3678578598607926,0.3673469387755102,0.0118110236220472,weighted_cap10,0.05,0.9543174603174605,1.8020032315957973e-06,0.1100372805974939,0.4164788182237026,10.0,8.082360051274982,40.40454428743936,10.0,21.24577840488146,19.28200908107977
,,,,,,,,,temporal_2,catboost,42,isotonic,conformal,1399,,,,,,0.95,0.8263045032165832,0.1236954967834167,1.4781987133666905,0.5218012866333095,0.4781987133666905,0.0,0.9881889763779528,0.6326530612244898,0.5218012866333095,0.3328767123287671,0.4781987133666905,730.0,0.1236954967834167,0.0,762.0,637.0,0.8055660749074774,0.8452558652763534,0.9777064971031656,0.9937739463108964,0.5945249327539942,0.6691908391796783,0.2996452539696586,0.3678578598607926,0.3673469387755102,0.0118110236220472,weighted_cap20,0.05,0.9543174603174605,1.8020032315957973e-06,0.1100372805974939,0.4843683879051642,20.0,8.082360051274982,24.9012249778689,20.0,12.141767478255874,12.78019964905792
,,,,,,,,,temporal_2,catboost,42,isotonic,conformal,1399,,,,,,0.95,0.8263045032165832,0.1236954967834167,1.4781987133666905,0.5218012866333095,0.4781987133666905,0.0,0.9881889763779528,0.6326530612244898,0.5218012866333095,0.3328767123287671,0.4781987133666905,730.0,0.1236954967834167,0.0,762.0,637.0,0.8055660749074774,0.8452558652763534,0.9777064971031656,0.9937739463108964,0.5945249327539942,0.6691908391796783,0.2996452539696586,0.3678578598607926,0.3673469387755102,0.0118110236220472,weighted_p99,0.05,0.9543174603174605,1.8020032315957973e-06,0.1100372805974939,0.3951717076823134,8.082360051274982,8.082360051274982,48.45620572721316,8.082360051274982,26.03073961453751,22.70205959715282
0.6788557336926291,0.6236452113821551,0.6061474675607197,0.6226622084327371,0.2634162802878705,4.350116556345278,0.1817105904574226,0.0895253109961395,0.2817261916420244,temporal_2,logistic,7,isotonic,probability,1399,2160.0,360.0,361.0,25.0,total_clicks|active_days|active_weeks|num_sessions|night_activity_ratio|weekend_activity_ratio|material_clicks|assessment_clicks|forum_accesses|grade_page_accesses|main_page_accesses|unique_content|total_session_minutes|median_session_minutes|clicks_per_session|sessions_per_active_day|active_day_fraction|zero_activity|days_since_last_activity|days_to_first_activity|actions_week_1|actions_week_2|actions_week_3|actions_week_4|forum_posts,,,,,,,,,,,,,,,,,,,,,,,,,,,,,,,,,,,,,,,
,,,,,,,,,temporal_2,logistic,7,isotonic,conformal,1399,,,,,,0.9,0.7891350964974982,0.1108649035025017,1.3688348820586134,0.6311651179413867,0.3688348820586133,0.0,0.9816272965879264,0.5588697017268446,0.6311651179413867,0.334088335220838,0.3688348820586133,883.0,0.1108649035025017,0.0,762.0,637.0,0.7669824159399028,0.8097042758549706,0.9693981713380648,0.98902473923441,0.5200727029855324,0.5969609236122512,0.3037556564294795,0.3658583460669462,0.4411302982731554,0.0183727034120734,split_cp,0.1,0.9442721088435376,,,,,,,,,
,,,,,,,,,temporal_2,logistic,7,isotonic,conformal,1399,,,,,,0.9,0.8506075768406004,0.0493924231593996,1.4853466761972838,0.5146533238027162,0.4853466761972838,0.0,0.9816272965879264,0.6938775510204082,0.5146533238027162,0.2902777777777778,0.4853466761972838,720.0,0.0493924231593996,0.0,762.0,637.0,0.8309687717964537,0.8683262154109267,0.9693981713380648,0.98902473923441,0.6570134149460392,0.7284173286493281,0.2583063759595311,0.3244751899208924,0.3061224489795918,0.0183727034120734,mondrian_cp,0.1,0.9442721088435376,,,,,,,,,
,,,,,,,,,temporal_2,logistic,7,isotonic,conformal,1399,,,,,,0.9,0.8506075768406004,0.0493924231593996,1.4853466761972838,0.5146533238027162,0.4853466761972838,0.0,0.9816272965879264,0.6938775510204082,0.5146533238027162,0.2902777777777778,0.4853466761972838,720.0,0.0493924231593996,0.0,762.0,637.0,0.8309687717964537,0.8683262154109267,0.9693981713380648,0.98902473923441,0.6570134149460392,0.7284173286493281,0.2583063759595311,0.3244751899208924,0.3061224489795918,0.0183727034120734,empirical_mondrian,0.1,0.9442721088435376,,,,,,,,,
,,,,,,,,,temporal_2,logistic,7,isotonic,conformal,1399,,,,,,0.9,0.7905646890636169,0.1094353109363831,1.370264474624732,0.629735525375268,0.3702644746247319,0.0,0.9816272965879264,0.5620094191522763,0.629735525375268,0.3325766174801362,0.3702644746247319,881.0,0.1094353109363831,0.0,762.0,637.0,0.7684611335472151,0.8110769139549259,0.9693981713380648,0.98902473923441,0.5232230224055374,0.6000523976107945,0.3022520884462589,0.3643548533293079,0.4379905808477237,0.0183727034120734,weighted_cap10,0.1,0.9442721088435376,4.469973668308695e-06,0.0834838177478538,0.4712731281844265,10.0,14.050886961468386,38.92330260495576,10.0,25.536824886192928,15.672135569494657
0.6828864798493595,0.6215701907567219,0.6114946046427276,0.626715616591882,0.2579530712095604,2.1778787844531924,0.1849940768835555,0.1170155905336309,0.1699029221086465,temporal_2,catboost,7,isotonic,probability,1399,2160.0,360.0,361.0,25.0,total_clicks|active_days|active_weeks|num_sessions|night_activity_ratio|weekend_activity_ratio|material_clicks|assessment_clicks|forum_accesses|grade_page_accesses|main_page_accesses|unique_content|total_session_minutes|median_session_minutes|clicks_per_session|sessions_per_active_day|active_day_fraction|zero_activity|days_since_last_activity|days_to_first_activity|actions_week_1|actions_week_2|actions_week_3|actions_week_4|forum_posts,,,,,,,,,,,,,,,,,,,,,,,,,,,,,,,,,,,,,,,
,,,,,,,,,temporal_2,catboost,7,isotonic,conformal,1399,,,,,,0.9,0.7848463187991422,0.1151536812008577,1.353109363831308,0.6468906361686919,0.3531093638313081,0.0,0.9868766404199476,0.543171114599686,0.6468906361686919,0.3325966850828729,0.3531093638313081,905.0,0.1151536812008577,0.0,762.0,637.0,0.7625486036676903,0.8055840210053802,0.9760126470895696,0.9928562897561748,0.5043442799788663,0.581480379526175,0.3026653709506025,0.3639431479948573,0.4568288854003139,0.0131233595800524,split_cp,0.1,0.9442721088435376,,,,,,,,,
,,,,,,,,,temporal_2,catboost,7,isotonic,conformal,1399,,,,,,0.9,0.7848463187991422,0.1151536812008577,1.353109363831308,0.6468906361686919,0.3531093638313081,0.0,0.9868766404199476,0.543171114599686,0.6468906361686919,0.3325966850828729,0.3531093638313081,905.0,0.1151536812008577,0.0,762.0,637.0,0.7625486036676903,0.8055840210053802,0.9760126470895696,0.9928562897561748,0.5043442799788663,0.581480379526175,0.3026653709506025,0.3639431479948573,0.4568288854003139,0.0131233595800524,mondrian_cp,0.1,0.9442721088435376,,,,,,,,,
,,,,,,,,,temporal_2,catboost,7,isotonic,conformal,1399,,,,,,0.9,0.7848463187991422,0.1151536812008577,1.353109363831308,0.6468906361686919,0.3531093638313081,0.0,0.9868766404199476,0.543171114599686,0.6468906361686919,0.3325966850828729,0.3531093638313081,905.0,0.1151536812008577,0.0,762.0,637.0,0.7625486036676903,0.8055840210053802,0.9760126470895696,0.9928562897561748,0.5043442799788663,0.581480379526175,0.3026653709506025,0.3639431479948573,0.4568288854003139,0.0131233595800524,empirical_mondrian,0.1,0.9442721088435376,,,,,,,,,
,,,,,,,,,temporal_2,catboost,7,isotonic,conformal,1399,,,,,,0.9,0.7848463187991422,0.1151536812008577,1.353109363831308,0.6468906361686919,0.3531093638313081,0.0,0.9868766404199476,0.543171114599686,0.6468906361686919,0.3325966850828729,0.3531093638313081,905.0,0.1151536812008577,0.0,762.0,637.0,0.7625486036676903,0.8055840210053802,0.9760126470895696,0.9928562897561748,0.5043442799788663,0.581480379526175,0.3026653709506025,0.3639431479948573,0.4568288854003139,0.0131233595800524,weighted_cap10,0.1,0.9442721088435376,4.469973668308695e-06,0.0834838177478538,0.4712731281844265,10.0,14.050886961468386,38.92330260495576,10.0,25.536824886192928,15.672135569494657
0.6844934218387536,0.6301278924919915,0.6099622918239649,0.6159892788126758,0.2472856403561615,2.4277556979167016,0.1323902734856474,0.1085984575932969,0.1350484490883285,temporal_2,logistic,19,isotonic,probability,1399,2160.0,360.0,361.0,25.0,total_clicks|active_days|active_weeks|num_sessions|night_activity_ratio|weekend_activity_ratio|material_clicks|assessment_clicks|forum_accesses|grade_page_accesses|main_page_accesses|unique_content|total_session_minutes|median_session_minutes|clicks_per_session|sessions_per_active_day|active_day_fraction|zero_activity|days_since_last_activity|days_to_first_activity|actions_week_1|actions_week_2|actions_week_3|actions_week_4|forum_posts,,,,,,,,,,,,,,,,,,,,,,,,,,,,,,,,,,,,,,,
,,,,,,,,,temporal_2,logistic,19,isotonic,conformal,1399,,,,,,0.9,0.8241601143674053,0.0758398856325947,1.4288777698355968,0.5711222301644031,0.4288777698355968,0.0,0.9658792650918636,0.6546310832025117,0.5711222301644031,0.3078848560700876,0.4288777698355968,799.0,0.0758398856325947,0.0,762.0,637.0,0.8033318169493574,0.8432130896735722,0.9504744919071312,0.9766103398455356,0.6168785194245668,0.6905298064389446,0.2768595701148155,0.3407486181183172,0.3453689167974882,0.0341207349081364,split_cp,0.1,0.9560453514739228,,,,,,,,,
,,,,,,,,,temporal_2,logistic,19,isotonic,conformal,1399,,,,,,0.9,0.8162973552537527,0.0837026447462473,1.3952823445318083,0.6047176554681916,0.3952823445318084,0.0,0.9514435695538058,0.6546310832025117,0.6047176554681916,0.3037825059101655,0.3952823445318084,846.0,0.0837026447462473,0.0,762.0,637.0,0.7951486992511398,0.835713750981818,0.9337888643991268,0.9645693951020488,0.6168785194245668,0.6905298064389446,0.273737194015603,0.3356017049589082,0.3453689167974882,0.0485564304461942,mondrian_cp,0.1,0.9560453514739228,,,,,,,,,
,,,,,,,,,temporal_2,logistic,19,isotonic,conformal,1399,,,,,,0.9,0.8162973552537527,0.0837026447462473,1.3952823445318083,0.6047176554681916,0.3952823445318084,0.0,0.9514435695538058,0.6546310832025117,0.6047176554681916,0.3037825059101655,0.3952823445318084,846.0,0.0837026447462473,0.0,762.0,637.0,0.7951486992511398,0.835713750981818,0.9337888643991268,0.9645693951020488,0.6168785194245668,0.6905298064389446,0.273737194015603,0.3356017049589082,0.3453689167974882,0.0485564304461942,empirical_mondrian,0.1,0.9560453514739228,,,,,,,,,
,,,,,,,,,temporal_2,logistic,19,isotonic,conformal,1399,,,,,,0.9,0.8620443173695497,0.0379556826304503,1.4960686204431737,0.5039313795568263,0.4960686204431737,0.0,0.9514435695538058,0.7551020408163265,0.5039313795568263,0.2737588652482269,0.4960686204431737,705.0,0.0379556826304503,0.0,762.0,637.0,0.8429798108278335,0.8791260220376877,0.9337888643991268,0.9645693951020488,0.7202435886105525,0.7869021266465095,0.2421375591125149,0.3078323304439972,0.2448979591836734,0.0485564304461942,weighted_cap10,0.1,0.9560453514739228,5.066798009028105e-06,0.1046507682650386,0.3386184078831322,10.0,3.4023942169164187,37.21955194036169,10.0,22.487729985962115,15.155813617552646
0.6566356403251791,0.5993919836262656,0.6011577172889087,0.6159594061731295,0.2396381219174769,0.7963016079783849,0.1147985887374452,0.3832901073025918,0.0578585021154842,temporal_2,catboost,19,isotonic,probability,1399,2160.0,360.0,361.0,25.0,total_clicks|active_days|active_weeks|num_sessions|night_activity_ratio|weekend_activity_ratio|material_clicks|assessment_clicks|forum_accesses|grade_page_accesses|main_page_accesses|unique_content|total_session_minutes|median_session_minutes|clicks_per_session|sessions_per_active_day|active_day_fraction|zero_activity|days_since_last_activity|days_to_first_activity|actions_week_1|actions_week_2|actions_week_3|actions_week_4|forum_posts,,,,,,,,,,,,,,,,,,,,,,,,,,,,,,,,,,,,,,,
,,,,,,,,,temporal_2,catboost,19,isotonic,conformal,1399,,,,,,0.9,0.7841315225160829,0.1158684774839171,1.3738384560400283,0.6261615439599714,0.3738384560400286,0.0,0.9908136482939632,0.5368916797488226,0.6261615439599714,0.3447488584474886,0.3738384560400286,876.0,0.1158684774839171,0.0,762.0,637.0,0.7618099725563985,0.8048969742630381,0.9811603117386596,0.9955431448120372,0.4980636706698146,0.5752774019981296,0.3140142100987344,0.3768391848247345,0.4631083202511774,0.0091863517060367,split_cp,0.1,0.9560453514739228,,,,,,,,,
,,,,,,,,,temporal_2,catboost,19,isotonic,conformal,1399,,,,,,0.9,0.823445318084346,0.076554681915654,1.4581844174410292,0.5418155825589707,0.4581844174410293,0.0,0.9908136482939632,0.6232339089481946,0.5418155825589707,0.3258575197889182,0.4581844174410293,758.0,0.076554681915654,0.0,762.0,637.0,0.8025873060064191,0.8425319227628766,0.9811603117386596,0.9955431448120372,0.5849703944796245,0.6600199971984024,0.2934423221695246,0.3600288863826281,0.3767660910518053,0.0091863517060367,mondrian_cp,0.1,0.9560453514739228,,,,,,,,,
,,,,,,,,,temporal_2,catboost,19,isotonic,conformal,1399,,,,,,0.9,0.823445318084346,0.076554681915654,1.4581844174410292,0.5418155825589707,0.4581844174410293,0.0,0.9908136482939632,0.6232339089481946,0.5418155825589707,0.3258575197889182,0.4581844174410293,758.0,0.076554681915654,0.0,762.0,637.0,0.8025873060064191,0.8425319227628766,0.9811603117386596,0.9955431448120372,0.5849703944796245,0.6600199971984024,0.2934423221695246,0.3600288863826281,0.3767660910518053,0.0091863517060367,empirical_mondrian,0.1,0.9560453514739228,,,,,,,,,
,,,,,,,,,temporal_2,catboost,19,isotonic,conformal,1399,,,,,,0.9,0.9949964260185848,0.0949964260185847,1.9735525375268048,0.0264474624731951,0.9735525375268048,0.0,0.9908136482939632,1.0,0.0264474624731951,0.1891891891891892,0.9735525375268048,37.0,0.0,0.0949964260185847,762.0,637.0,0.9897077349853612,0.9975741786560476,0.9811603117386596,0.9955431448120372,0.9940056019038418,1.0000000000000002,0.0947997873031201,0.3420469692983842,0.0,0.0091863517060367,weighted_cap10,0.1,0.9560453514739228,5.066798009028105e-06,0.1046507682650386,0.3386184078831322,10.0,3.4023942169164187,37.21955194036169,10.0,22.487729985962115,15.155813617552646
0.6842534106313634,0.6243418188675616,0.6060740144810941,0.6185593559046877,0.2406723845263852,1.6218159760709427,0.1381530569206634,0.1340159413761967,0.1244679813381849,temporal_2,logistic,73,isotonic,probability,1399,2160.0,360.0,361.0,25.0,total_clicks|active_days|active_weeks|num_sessions|night_activity_ratio|weekend_activity_ratio|material_clicks|assessment_clicks|forum_accesses|grade_page_accesses|main_page_accesses|unique_content|total_session_minutes|median_session_minutes|clicks_per_session|sessions_per_active_day|active_day_fraction|zero_activity|days_since_last_activity|days_to_first_activity|actions_week_1|actions_week_2|actions_week_3|actions_week_4|forum_posts,,,,,,,,,,,,,,,,,,,,,,,,,,,,,,,,,,,,,,,
,,,,,,,,,temporal_2,logistic,73,isotonic,conformal,1399,,,,,,0.9,0.8227305218012866,0.0772694781987134,1.4653323802716225,0.5346676197283774,0.4653323802716226,0.0,0.9934383202099738,0.6185243328100472,0.5346676197283774,0.3315508021390374,0.4653323802716226,748.0,0.0772694781987134,0.0,762.0,637.0,0.801842914959795,0.8418506359558668,0.9847323882066816,0.9971940814806498,0.5801987620526734,0.655428939497531,0.2987497641044583,0.3660731888685311,0.3814756671899529,0.0065616797900262,split_cp,0.1,0.9590589569160998,,,,,,,,,
,,,,,,,,,temporal_2,logistic,73,isotonic,conformal,1399,,,,,,0.9,0.8920657612580415,0.0079342387419585,1.612580414581844,0.3874195854181558,0.6125804145818442,0.0,0.9934383202099738,0.7708006279434851,0.3874195854181558,0.2785977859778598,0.6125804145818442,542.0,0.0079342387419585,0.0,762.0,637.0,0.8747190968925712,0.9072652058255698,0.9847323882066816,0.9971940814806498,0.736594408407761,0.8017602739420434,0.2425146277626935,0.3177972611170432,0.2291993720565149,0.0065616797900262,mondrian_cp,0.1,0.9590589569160998,,,,,,,,,
,,,,,,,,,temporal_2,logistic,73,isotonic,conformal,1399,,,,,,0.9,0.8920657612580415,0.0079342387419585,1.612580414581844,0.3874195854181558,0.6125804145818442,0.0,0.9934383202099738,0.7708006279434851,0.3874195854181558,0.2785977859778598,0.6125804145818442,542.0,0.0079342387419585,0.0,762.0,637.0,0.8747190968925712,0.9072652058255698,0.9847323882066816,0.9971940814806498,0.736594408407761,0.8017602739420434,0.2425146277626935,0.3177972611170432,0.2291993720565149,0.0065616797900262,empirical_mondrian,0.1,0.9590589569160998,,,,,,,,,
,,,,,,,,,temporal_2,logistic,73,isotonic,conformal,1399,,,,,,0.9,0.775553967119371,0.124446032880629,1.3145103645461045,0.6854896354538956,0.3145103645461043,0.0,0.9068241469816272,0.6185243328100472,0.6854896354538956,0.3274244004171011,0.3145103645461043,959.0,0.124446032880629,0.0,762.0,637.0,0.752953755066296,0.7966450575095351,0.8840956852984866,0.9254713508798984,0.5801987620526734,0.655428939497531,0.2984636636981154,0.3577621905506049,0.3814756671899529,0.0931758530183727,weighted_cap10,0.1,0.9590589569160998,1.175893722239494e-05,0.1165873035522038,0.45243237662851,10.0,6.921125562417388,45.12071433963104,10.0,21.4225299415954,30.36184421418672
0.6831038290543352,0.622566781188242,0.608214041496464,0.6219813182692823,0.2497944153235161,1.7153231824345958,0.160553146113245,0.1131408227374233,0.060218118123875,temporal_2,catboost,73,isotonic,probability,1399,2160.0,360.0,361.0,25.0,total_clicks|active_days|active_weeks|num_sessions|night_activity_ratio|weekend_activity_ratio|material_clicks|assessment_clicks|forum_accesses|grade_page_accesses|main_page_accesses|unique_content|total_session_minutes|median_session_minutes|clicks_per_session|sessions_per_active_day|active_day_fraction|zero_activity|days_since_last_activity|days_to_first_activity|actions_week_1|actions_week_2|actions_week_3|actions_week_4|forum_posts,,,,,,,,,,,,,,,,,,,,,,,,,,,,,,,,,,,,,,,
,,,,,,,,,temporal_2,catboost,73,isotonic,conformal,1399,,,,,,0.9,0.7991422444603288,0.1008577555396712,1.401000714796283,0.5989992852037169,0.4010007147962831,0.0,0.9960629921259844,0.5635792778649922,0.5989992852037169,0.3353221957040573,0.4010007147962831,838.0,0.1008577555396712,0.0,762.0,637.0,0.7773418393449165,0.8193043424008299,0.9884893048487056,0.9986601779752609,0.5247987641828803,0.6015975525427261,0.3041736822719,0.3679736120813163,0.4364207221350079,0.0039370078740157,split_cp,0.1,0.9590589569160998,,,,,,,,,
,,,,,,,,,temporal_2,catboost,73,isotonic,conformal,1399,,,,,,0.9,0.8634739099356683,0.0365260900643317,1.5268048606147249,0.4731951393852752,0.5268048606147248,0.0,0.979002624671916,0.7252747252747253,0.4731951393852752,0.2885196374622356,0.5268048606147248,662.0,0.0365260900643317,0.0,762.0,637.0,0.8444840193159024,0.8804731692568863,0.9661651927883244,0.987034704647516,0.6893379955496112,0.7585106822312405,0.2553043795807943,0.3241750951639559,0.2747252747252747,0.0209973753280839,mondrian_cp,0.1,0.9590589569160998,,,,,,,,,
,,,,,,,,,temporal_2,catboost,73,isotonic,conformal,1399,,,,,,0.9,0.8634739099356683,0.0365260900643317,1.5268048606147249,0.4731951393852752,0.5268048606147248,0.0,0.979002624671916,0.7252747252747253,0.4731951393852752,0.2885196374622356,0.5268048606147248,662.0,0.0365260900643317,0.0,762.0,637.0,0.8444840193159024,0.8804731692568863,0.9661651927883244,0.987034704647516,0.6893379955496112,0.7585106822312405,0.2553043795807943,0.3241750951639559,0.2747252747252747,0.0209973753280839,empirical_mondrian,0.1,0.9590589569160998,,,,,,,,,
,,,,,,,,,temporal_2,catboost,73,isotonic,conformal,1399,,,,,,0.9,0.8634739099356683,0.0365260900643317,1.5268048606147249,0.4731951393852752,0.5268048606147248,0.0,0.979002624671916,0.7252747252747253,0.4731951393852752,0.2885196374622356,0.5268048606147248,662.0,0.0365260900643317,0.0,762.0,637.0,0.8444840193159024,0.8804731692568863,0.9661651927883244,0.987034704647516,0.6893379955496112,0.7585106822312405,0.2553043795807943,0.3241750951639559,0.2747252747252747,0.0209973753280839,weighted_cap10,0.1,0.9590589569160998,1.175893722239494e-05,0.1165873035522038,0.45243237662851,10.0,6.921125562417388,45.12071433963104,10.0,21.4225299415954,30.36184421418672
0.6746354507884317,0.6255961521039747,0.6188415136510836,0.6249057466717759,0.2758967910378488,4.60002427693393,0.2059142060687482,0.0879497397260648,0.2820693371290086,temporal_2,logistic,101,isotonic,probability,1399,2160.0,360.0,361.0,25.0,total_clicks|active_days|active_weeks|num_sessions|night_activity_ratio|weekend_activity_ratio|material_clicks|assessment_clicks|forum_accesses|grade_page_accesses|main_page_accesses|unique_content|total_session_minutes|median_session_minutes|clicks_per_session|sessions_per_active_day|active_day_fraction|zero_activity|days_since_last_activity|days_to_first_activity|actions_week_1|actions_week_2|actions_week_3|actions_week_4|forum_posts,,,,,,,,,,,,,,,,,,,,,,,,,,,,,,,,,,,,,,,
,,,,,,,,,temporal_2,logistic,101,isotonic,conformal,1399,,,,,,0.9,0.7719799857040743,0.1280200142959257,1.335239456754825,0.6647605432451751,0.3352394567548248,0.0,0.9921259842519684,0.5086342229199372,0.6647605432451751,0.343010752688172,0.3352394567548248,930.0,0.1280200142959257,0.0,762.0,637.0,0.7492675900566554,0.7932028332510066,0.9829285473083138,0.9963864158107004,0.4698764545102675,0.5472884773907408,0.3132026966708492,0.3741103935310427,0.4913657770800628,0.0078740157480314,split_cp,0.1,0.9472902494331066,,,,,,,,,
,,,,,,,,,temporal_2,logistic,101,isotonic,conformal,1399,,,,,,0.9,0.8363116511794139,0.0636883488205861,1.4689063616869191,0.5310936383130808,0.4689063616869192,0.0,0.9881889763779528,0.6546310832025117,0.5310936383130808,0.3082099596231494,0.4689063616869192,743.0,0.0636883488205861,0.0,762.0,637.0,0.8160074252373726,0.8547740048973318,0.9777064971031656,0.9937739463108964,0.6168785194245668,0.6905298064389446,0.2760652671056288,0.3423276372598686,0.3453689167974882,0.0118110236220472,mondrian_cp,0.1,0.9472902494331066,,,,,,,,,
,,,,,,,,,temporal_2,logistic,101,isotonic,conformal,1399,,,,,,0.9,0.8363116511794139,0.0636883488205861,1.4689063616869191,0.5310936383130808,0.4689063616869192,0.0,0.9881889763779528,0.6546310832025117,0.5310936383130808,0.3082099596231494,0.4689063616869192,743.0,0.0636883488205861,0.0,762.0,637.0,0.8160074252373726,0.8547740048973318,0.9777064971031656,0.9937739463108964,0.6168785194245668,0.6905298064389446,0.2760652671056288,0.3423276372598686,0.3453689167974882,0.0118110236220472,empirical_mondrian,0.1,0.9472902494331066,,,,,,,,,
,,,,,,,,,temporal_2,logistic,101,isotonic,conformal,1399,,,,,,0.9,0.8363116511794139,0.0636883488205861,1.4689063616869191,0.5310936383130808,0.4689063616869192,0.0,0.9881889763779528,0.6546310832025117,0.5310936383130808,0.3082099596231494,0.4689063616869192,743.0,0.0636883488205861,0.0,762.0,637.0,0.8160074252373726,0.8547740048973318,0.9777064971031656,0.9937739463108964,0.6168785194245668,0.6905298064389446,0.2760652671056288,0.3423276372598686,0.3453689167974882,0.0118110236220472,weighted_cap10,0.1,0.9472902494331066,5.347555013257844e-06,0.0955816010649411,0.528835050388334,10.0,93.04552670946688,34.538520410991445,10.0,18.13774224839813,16.519357666137317
0.664024483203336,0.6201728597417749,0.586381002408283,0.6070923826829339,0.2697827688912887,3.619445735481845,0.1828027095642355,0.0766613850847258,0.1389573600666373,temporal_2,catboost,101,isotonic,probability,1399,2160.0,360.0,361.0,25.0,total_clicks|active_days|active_weeks|num_sessions|night_activity_ratio|weekend_activity_ratio|material_clicks|assessment_clicks|forum_accesses|grade_page_accesses|main_page_accesses|unique_content|total_session_minutes|median_session_minutes|clicks_per_session|sessions_per_active_day|active_day_fraction|zero_activity|days_since_last_activity|days_to_first_activity|actions_week_1|actions_week_2|actions_week_3|actions_week_4|forum_posts,,,,,,,,,,,,,,,,,,,,,,,,,,,,,,,,,,,,,,,
,,,,,,,,,temporal_2,catboost,101,isotonic,conformal,1399,,,,,,0.9,0.7784131522516083,0.1215868477483916,1.359542530378842,0.640457469621158,0.359542530378842,0.0,0.994750656167979,0.5196232339089482,0.640457469621158,0.3459821428571428,0.359542530378842,896.0,0.1215868477483916,0.0,762.0,637.0,0.7559043344689301,0.7993971895214361,0.9865811807493734,0.9979567955062754,0.4808235014651651,0.5581877074007627,0.3155522873117913,0.3777270150647434,0.4803767660910518,0.0052493438320209,split_cp,0.1,0.9472902494331066,,,,,,,,,
,,,,,,,,,temporal_2,catboost,101,isotonic,conformal,1399,,,,,,0.9,0.8456040028591851,0.0543959971408148,1.529664045746962,0.4703359542530378,0.5296640457469621,0.0,0.994750656167979,0.6671899529042387,0.4703359542530378,0.3282674772036474,0.5296640457469621,658.0,0.0543959971408148,0.0,762.0,637.0,0.8257259633569364,0.8635892788750074,0.9865811807493734,0.9979567955062754,0.6296905493260995,0.702684950211606,0.2934750684965128,0.3650534250150612,0.3328100470957614,0.0052493438320209,mondrian_cp,0.1,0.9472902494331066,,,,,,,,,
,,,,,,,,,temporal_2,catboost,101,isotonic,conformal,1399,,,,,,0.9,0.8456040028591851,0.0543959971408148,1.529664045746962,0.4703359542530378,0.5296640457469621,0.0,0.994750656167979,0.6671899529042387,0.4703359542530378,0.3282674772036474,0.5296640457469621,658.0,0.0543959971408148,0.0,762.0,637.0,0.8257259633569364,0.8635892788750074,0.9865811807493734,0.9979567955062754,0.6296905493260995,0.702684950211606,0.2934750684965128,0.3650534250150612,0.3328100470957614,0.0052493438320209,empirical_mondrian,0.1,0.9472902494331066,,,,,,,,,
,,,,,,,,,temporal_2,catboost,101,isotonic,conformal,1399,,,,,,0.9,0.8313080771979986,0.0686919228020014,1.451036454610436,0.5489635453895639,0.451036454610436,0.0,0.968503937007874,0.6671899529042387,0.5489635453895639,0.3072916666666667,0.451036454610436,768.0,0.0686919228020014,0.0,762.0,637.0,0.8107836495219205,0.8500180356373472,0.9535630185326266,0.9787448263566748,0.6296905493260995,0.702684950211606,0.2756878749038616,0.3408136791170096,0.3328100470957614,0.0314960629921259,weighted_cap10,0.1,0.9472902494331066,5.347555013257844e-06,0.0955816010649411,0.528835050388334,10.0,93.04552670946688,34.538520410991445,10.0,18.13774224839813,16.519357666137317
